Algorithm,Train Accuracy,Train Precision,Train Recall,Train F1 Score,Test Accuracy,Test Precision,Test Recall,Test F1 Score,Val. Accuracy,Val. Precision,Val. Recall,Val. F1 Score,AUC,Bal. Strategy,% of Features,Folds,Feat. Selec. Strategy,Features,Features Importance,Model
DecisionTreeClassifier,0.9132,0.9163,0.9132,0.9008,0.9033,0.9095,0.9033,0.9009,0.9125,0.918,0.9125,0.9102,0.9509,not-balanced,100,10,kbest,"['fear', 'anger', 'anticipation', 'trust', 'surprise', 'sadness', 'disgust', 'joy', 'a_score']","{'fear': 0.0044, 'anger': 0.0058, 'anticipation': 0.0084, 'trust': 0.0074, 'surprise': 0.0034, 'sadness': 0.0069, 'disgust': 0.0057, 'joy': 0.0153, 'a_score': 0.373}",DecisionTreeClassifier()
RandomForestClassifier,0.906,0.9105,0.906,0.8947,0.9078,0.9121,0.9078,0.9054,0.9073,0.9118,0.9073,0.905,0.9725,not-balanced,100,10,kbest,"['fear', 'anger', 'anticipation', 'trust', 'surprise', 'sadness', 'disgust', 'joy', 'a_score']","{'fear': 0.0067, 'anger': 0.0057, 'anticipation': 0.0122, 'trust': 0.0083, 'surprise': 0.0067, 'sadness': 0.0065, 'disgust': 0.0073, 'joy': 0.0107, 'a_score': 0.3735}",RandomForestClassifier()
KNeighborsClassifier,0.8795,0.8837,0.8795,0.8662,0.8437,0.8542,0.8437,0.8457,0.8521,0.8634,0.8521,0.8542,0.9438,not-balanced,100,10,kbest,"['fear', 'anger', 'anticipation', 'trust', 'surprise', 'sadness', 'disgust', 'joy', 'a_score']","{'fear': 0.0003, 'anger': 0.0031, 'anticipation': 0.0008, 'trust': 0.0044, 'surprise': 0.0045, 'sadness': 0.0019, 'disgust': 0.0017, 'joy': 0.0012, 'a_score': 0.339}",KNeighborsClassifier()
SVC,0.8243,0.8417,0.8243,0.7878,0.8278,0.8539,0.8278,0.8144,0.8296,0.8557,0.8296,0.8159,0.8576,not-balanced,100,10,kbest,"['fear', 'anger', 'anticipation', 'trust', 'surprise', 'sadness', 'disgust', 'joy', 'a_score']","{'fear': 0.003, 'anger': 0.0024, 'anticipation': 0.0037, 'trust': 0.0008, 'surprise': 0.002, 'sadness': 0.0046, 'disgust': 0.0036, 'joy': 0.0039, 'a_score': 0.2632}",SVC(probability=True)
LogisticRegression,0.7825,0.7813,0.7825,0.7618,0.7831,0.7824,0.7831,0.7827,0.7827,0.7821,0.7827,0.7824,0.8206,not-balanced,100,10,kbest,"['fear', 'anger', 'anticipation', 'trust', 'surprise', 'sadness', 'disgust', 'joy', 'a_score']","{'fear': -0.0017, 'anger': -0.0002, 'anticipation': -0.0016, 'trust': -0.0021, 'surprise': -0.0016, 'sadness': -0.0011, 'disgust': -0.0043, 'joy': -0.0017, 'a_score': 0.2309}","LogisticRegression(max_iter=100000, multi_class='multinomial')"
MLPClassifier,0.7897,0.7917,0.7897,0.7651,0.7628,0.7654,0.7628,0.7638,0.7657,0.7692,0.7657,0.767,0.8906,not-balanced,100,10,kbest,"['fear', 'anger', 'anticipation', 'trust', 'surprise', 'sadness', 'disgust', 'joy', 'a_score']","{'fear': 0.0034, 'anger': 0.0008, 'anticipation': 0.0005, 'trust': -0.0033, 'surprise': 0.0019, 'sadness': -0.0022, 'disgust': 0.001, 'joy': 0.0027, 'a_score': 0.2438}",MLPClassifier()
GaussianNB,0.7683,0.7693,0.7683,0.7428,0.7718,0.772,0.7718,0.7719,0.764,0.7636,0.764,0.7638,0.8273,not-balanced,100,10,kbest,"['fear', 'anger', 'anticipation', 'trust', 'surprise', 'sadness', 'disgust', 'joy', 'a_score']","{'fear': -0.0034, 'anger': -0.0033, 'anticipation': 0.0019, 'trust': 0.0001, 'surprise': -0.0008, 'sadness': -0.0078, 'disgust': -0.0039, 'joy': -0.0013, 'a_score': 0.2146}",GaussianNB()
