Algorithm,Train Accuracy,Train Precision,Train Recall,Train F1 Score,Test Accuracy,Test Precision,Test Recall,Test F1 Score,Val. Accuracy,Val. Precision,Val. Recall,Val. F1 Score,AUC,Bal. Strategy,% of Features,Folds,Feat. Selec. Strategy,Features,Features Importance,Model
RandomForestClassifier,0.9117,0.9179,0.9117,0.8998,0.9128,0.9196,0.9128,0.9104,0.9165,0.9229,0.9165,0.9142,0.9747,not-balanced,100,10,kbest,"['fear', 'anger', 'anticipation', 'trust', 'surprise', 'sadness', 'disgust', 'joy', 'a_score']","{'fear': 0.0056, 'anger': 0.0031, 'anticipation': 0.0035, 'trust': 0.0061, 'surprise': 0.0041, 'sadness': 0.0062, 'disgust': 0.0042, 'joy': 0.0043, 'a_score': 0.3621}",RandomForestClassifier()
DecisionTreeClassifier,0.9116,0.9177,0.9116,0.9,0.9124,0.9191,0.9124,0.9099,0.9162,0.923,0.9162,0.9139,0.9686,not-balanced,100,10,kbest,"['fear', 'anger', 'anticipation', 'trust', 'surprise', 'sadness', 'disgust', 'joy', 'a_score']","{'fear': 0.006, 'anger': 0.0042, 'anticipation': 0.0054, 'trust': 0.0054, 'surprise': 0.003, 'sadness': 0.0057, 'disgust': 0.0046, 'joy': 0.0053, 'a_score': 0.3673}",DecisionTreeClassifier()
KNeighborsClassifier,0.8852,0.89,0.8852,0.8732,0.8855,0.886,0.8855,0.8838,0.8915,0.892,0.8915,0.8898,0.9502,not-balanced,100,10,kbest,"['fear', 'anger', 'anticipation', 'trust', 'surprise', 'sadness', 'disgust', 'joy', 'a_score']","{'fear': 0.0097, 'anger': 0.0099, 'anticipation': 0.0101, 'trust': 0.0088, 'surprise': 0.008, 'sadness': 0.0095, 'disgust': 0.0109, 'joy': 0.0026, 'a_score': 0.3461}",KNeighborsClassifier()
MLPClassifier,0.8608,0.8746,0.8608,0.8373,0.8655,0.8762,0.8655,0.8592,0.8619,0.8739,0.8619,0.8552,0.9307,not-balanced,100,10,kbest,"['fear', 'anger', 'anticipation', 'trust', 'surprise', 'sadness', 'disgust', 'joy', 'a_score']","{'fear': 0.0021, 'anger': 0.0002, 'anticipation': 0.0013, 'trust': 0.002, 'surprise': 0.002, 'sadness': 0.0067, 'disgust': 0.0004, 'joy': -0.0002, 'a_score': 0.2967}",MLPClassifier()
SVC,0.8526,0.8688,0.8526,0.8264,0.8602,0.8799,0.8602,0.8515,0.8606,0.8808,0.8606,0.852,0.8715,not-balanced,100,10,kbest,"['fear', 'anger', 'anticipation', 'trust', 'surprise', 'sadness', 'disgust', 'joy', 'a_score']","{'fear': 0.0032, 'anger': 0.0023, 'anticipation': 0.0037, 'trust': 0.0038, 'surprise': 0.0025, 'sadness': 0.0035, 'disgust': 0.001, 'joy': 0.0028, 'a_score': 0.2929}",SVC(probability=True)
LogisticRegression,0.7779,0.7805,0.7779,0.763,0.7801,0.7817,0.7801,0.7808,0.7767,0.7791,0.7767,0.7777,0.8249,not-balanced,100,10,kbest,"['fear', 'anger', 'anticipation', 'trust', 'surprise', 'sadness', 'disgust', 'joy', 'a_score']","{'fear': 0.0005, 'anger': -0.0002, 'anticipation': -0.0025, 'trust': -0.0001, 'surprise': 0.0003, 'sadness': -0.0001, 'disgust': -0.0017, 'joy': -0.0002, 'a_score': 0.2474}","LogisticRegression(max_iter=100000, multi_class='multinomial')"
GaussianNB,0.7628,0.7616,0.7628,0.7429,0.7677,0.7661,0.7677,0.7668,0.7622,0.761,0.7622,0.7615,0.8082,not-balanced,100,10,kbest,"['fear', 'anger', 'anticipation', 'trust', 'surprise', 'sadness', 'disgust', 'joy', 'a_score']","{'fear': -0.0025, 'anger': -0.0048, 'anticipation': -0.0007, 'trust': 0.0004, 'surprise': -0.0019, 'sadness': -0.0021, 'disgust': -0.0063, 'joy': 0.0001, 'a_score': 0.2233}",GaussianNB()
