Algorithm;Train Accuracy;Train Precision;Train Recall;Train F1 Score;Test Accuracy;Test Precision;Test Recall;Test F1 Score;Val. Accuracy;Val. Precision;Val. Recall;Val. F1 Score;AUC;Bal. Strategy;Folds;Feat. Selec. Strategy;Features;Model
KNeighborsClassifier;1.0;1.0;1.0;1.0;1.0;1.0;1.0;1.0;1.0;1.0;1.0;1.0;1.0;not-balanced;10;kbest;['trust', 'surprise', 'disgust', 'joy', 'o_score', 'c_score', 'e_score', 'a_score', 'n_score'];KNeighborsClassifier()
RandomForestClassifier;1.0;1.0;1.0;1.0;1.0;1.0;1.0;1.0;1.0;1.0;1.0;1.0;1.0;not-balanced;10;kbest;['trust', 'surprise', 'disgust', 'joy', 'o_score', 'c_score', 'e_score', 'a_score', 'n_score'];RandomForestClassifier()
RandomForestClassifier;1.0;1.0;1.0;1.0;1.0;1.0;1.0;1.0;1.0;1.0;1.0;1.0;1.0;not-balanced;10;kbest;['trust', 'surprise', 'disgust', 'joy', 'o_score', 'c_score', 'e_score', 'a_score', 'n_score'];RandomForestClassifier()
RandomForestClassifier;1.0;1.0;1.0;1.0;1.0;1.0;1.0;1.0;1.0;1.0;1.0;1.0;1.0;not-balanced;10;kbest;['trust', 'surprise', 'sadness', 'joy', 'o_score', 'c_score', 'e_score', 'a_score', 'n_score'];RandomForestClassifier()
KNeighborsClassifier;1.0;1.0;1.0;1.0;1.0;1.0;1.0;1.0;1.0;1.0;1.0;1.0;1.0;not-balanced;10;kbest;['trust', 'surprise', 'disgust', 'joy', 'o_score', 'c_score', 'e_score', 'a_score', 'n_score'];KNeighborsClassifier()
RandomForestClassifier;1.0;1.0;1.0;1.0;1.0;1.0;1.0;1.0;1.0;1.0;1.0;1.0;1.0;not-balanced;10;kbest;['trust', 'surprise', 'sadness', 'joy', 'o_score', 'c_score', 'e_score', 'a_score', 'n_score'];RandomForestClassifier()
RandomForestClassifier;1.0;1.0;1.0;1.0;1.0;1.0;1.0;1.0;1.0;1.0;1.0;1.0;1.0;not-balanced;10;kbest;['trust', 'surprise', 'sadness', 'joy', 'o_score', 'c_score', 'e_score', 'a_score', 'n_score'];RandomForestClassifier()
RandomForestClassifier;1.0;1.0;1.0;1.0;1.0;1.0;1.0;1.0;1.0;1.0;1.0;1.0;1.0;not-balanced;10;kbest;['trust', 'surprise', 'disgust', 'joy', 'o_score', 'c_score', 'e_score', 'a_score', 'n_score'];RandomForestClassifier()
RandomForestClassifier;1.0;1.0;1.0;1.0;1.0;1.0;1.0;1.0;1.0;1.0;1.0;1.0;1.0;not-balanced;10;kbest;['trust', 'surprise', 'sadness', 'joy', 'o_score', 'c_score', 'e_score', 'a_score', 'n_score'];RandomForestClassifier()
DecisionTreeClassifier;1.0;1.0;1.0;1.0;1.0;1.0;1.0;1.0;1.0;1.0;1.0;1.0;1.0;not-balanced;10;kbest;['trust', 'surprise', 'disgust', 'joy', 'o_score', 'c_score', 'e_score', 'a_score', 'n_score'];DecisionTreeClassifier()
DecisionTreeClassifier;1.0;1.0;1.0;1.0;1.0;1.0;1.0;1.0;1.0;1.0;1.0;1.0;1.0;not-balanced;10;kbest;['trust', 'surprise', 'disgust', 'joy', 'o_score', 'c_score', 'e_score', 'a_score', 'n_score'];DecisionTreeClassifier()
DecisionTreeClassifier;1.0;1.0;1.0;1.0;1.0;1.0;1.0;1.0;1.0;1.0;1.0;1.0;1.0;not-balanced;10;kbest;['trust', 'surprise', 'sadness', 'joy', 'o_score', 'c_score', 'e_score', 'a_score', 'n_score'];DecisionTreeClassifier()
DecisionTreeClassifier;1.0;1.0;1.0;1.0;1.0;1.0;1.0;1.0;1.0;1.0;1.0;1.0;1.0;not-balanced;10;kbest;['trust', 'surprise', 'sadness', 'joy', 'o_score', 'c_score', 'e_score', 'a_score', 'n_score'];DecisionTreeClassifier()
DecisionTreeClassifier;1.0;1.0;1.0;1.0;1.0;1.0;1.0;1.0;1.0;1.0;1.0;1.0;1.0;not-balanced;10;kbest;['trust', 'surprise', 'disgust', 'joy', 'o_score', 'c_score', 'e_score', 'a_score', 'n_score'];DecisionTreeClassifier()
DecisionTreeClassifier;1.0;1.0;1.0;1.0;1.0;1.0;1.0;1.0;1.0;1.0;1.0;1.0;1.0;not-balanced;10;kbest;['trust', 'surprise', 'sadness', 'joy', 'o_score', 'c_score', 'e_score', 'a_score', 'n_score'];DecisionTreeClassifier()
DecisionTreeClassifier;1.0;1.0;1.0;1.0;1.0;1.0;1.0;1.0;1.0;1.0;1.0;1.0;1.0;not-balanced;10;kbest;['trust', 'surprise', 'sadness', 'joy', 'o_score', 'c_score', 'e_score', 'a_score', 'n_score'];DecisionTreeClassifier()
DecisionTreeClassifier;1.0;1.0;1.0;1.0;1.0;1.0;1.0;1.0;1.0;1.0;1.0;1.0;1.0;not-balanced;10;kbest;['trust', 'surprise', 'disgust', 'joy', 'o_score', 'c_score', 'e_score', 'a_score', 'n_score'];DecisionTreeClassifier()
DecisionTreeClassifier;1.0;1.0;1.0;1.0;1.0;1.0;1.0;1.0;1.0;1.0;1.0;1.0;1.0;not-balanced;10;kbest;['trust', 'surprise', 'sadness', 'joy', 'o_score', 'c_score', 'e_score', 'a_score', 'n_score'];DecisionTreeClassifier()
DecisionTreeClassifier;1.0;1.0;1.0;1.0;1.0;1.0;1.0;1.0;1.0;1.0;1.0;1.0;1.0;not-balanced;10;kbest;['trust', 'surprise', 'sadness', 'joy', 'o_score', 'c_score', 'e_score', 'a_score', 'n_score'];DecisionTreeClassifier()
MLPClassifier;1.0;1.0;1.0;1.0;1.0;1.0;1.0;1.0;1.0;1.0;1.0;1.0;1.0;not-balanced;10;kbest;['trust', 'surprise', 'disgust', 'joy', 'o_score', 'c_score', 'e_score', 'a_score', 'n_score'];MLPClassifier()
MLPClassifier;1.0;1.0;1.0;1.0;1.0;1.0;1.0;1.0;1.0;1.0;1.0;1.0;1.0;not-balanced;10;kbest;['trust', 'surprise', 'sadness', 'joy', 'o_score', 'c_score', 'e_score', 'a_score', 'n_score'];MLPClassifier()
MLPClassifier;1.0;1.0;1.0;1.0;1.0;1.0;1.0;1.0;1.0;1.0;1.0;1.0;1.0;not-balanced;10;kbest;['trust', 'surprise', 'sadness', 'joy', 'o_score', 'c_score', 'e_score', 'a_score', 'n_score'];MLPClassifier()
MLPClassifier;1.0;1.0;1.0;1.0;1.0;1.0;1.0;1.0;1.0;1.0;1.0;1.0;1.0;not-balanced;10;kbest;['trust', 'surprise', 'sadness', 'joy', 'o_score', 'c_score', 'e_score', 'a_score', 'n_score'];MLPClassifier()
MLPClassifier;1.0;1.0;1.0;1.0;1.0;1.0;1.0;1.0;1.0;1.0;1.0;1.0;1.0;not-balanced;10;kbest;['trust', 'surprise', 'sadness', 'joy', 'o_score', 'c_score', 'e_score', 'a_score', 'n_score'];MLPClassifier()
MLPClassifier;1.0;1.0;1.0;1.0;1.0;1.0;1.0;1.0;1.0;1.0;1.0;1.0;1.0;not-balanced;10;kbest;['trust', 'surprise', 'disgust', 'joy', 'o_score', 'c_score', 'e_score', 'a_score', 'n_score'];MLPClassifier()
MLPClassifier;1.0;1.0;1.0;1.0;1.0;1.0;1.0;1.0;1.0;1.0;1.0;1.0;1.0;not-balanced;10;kbest;['trust', 'surprise', 'disgust', 'joy', 'o_score', 'c_score', 'e_score', 'a_score', 'n_score'];MLPClassifier()
MLPClassifier;1.0;1.0;1.0;1.0;1.0;1.0;1.0;1.0;1.0;1.0;1.0;1.0;1.0;not-balanced;10;kbest;['trust', 'surprise', 'disgust', 'joy', 'o_score', 'c_score', 'e_score', 'a_score', 'n_score'];MLPClassifier()
MLPClassifier;1.0;1.0;1.0;1.0;1.0;1.0;1.0;1.0;1.0;1.0;1.0;1.0;1.0;not-balanced;10;kbest;['trust', 'surprise', 'disgust', 'joy', 'o_score', 'c_score', 'e_score', 'a_score', 'n_score'];MLPClassifier()
MLPClassifier;1.0;1.0;1.0;1.0;1.0;1.0;1.0;1.0;1.0;1.0;1.0;1.0;1.0;not-balanced;10;kbest;['trust', 'surprise', 'disgust', 'joy', 'o_score', 'c_score', 'e_score', 'a_score', 'n_score'];MLPClassifier()
RandomForestClassifier;1.0;1.0;1.0;1.0;1.0;1.0;1.0;1.0;1.0;1.0;1.0;1.0;1.0;not-balanced;10;kbest;['trust', 'surprise', 'sadness', 'joy', 'o_score', 'c_score', 'e_score', 'a_score', 'n_score'];RandomForestClassifier()
RandomForestClassifier;1.0;1.0;1.0;1.0;1.0;1.0;1.0;1.0;1.0;1.0;1.0;1.0;1.0;not-balanced;10;kbest;['trust', 'surprise', 'sadness', 'joy', 'o_score', 'c_score', 'e_score', 'a_score', 'n_score'];RandomForestClassifier()
RandomForestClassifier;1.0;1.0;1.0;1.0;1.0;1.0;1.0;1.0;1.0;1.0;1.0;1.0;1.0;not-balanced;10;kbest;['trust', 'surprise', 'disgust', 'joy', 'o_score', 'c_score', 'e_score', 'a_score', 'n_score'];RandomForestClassifier()
KNeighborsClassifier;1.0;1.0;1.0;1.0;1.0;1.0;1.0;1.0;1.0;1.0;1.0;1.0;1.0;not-balanced;10;kbest;['trust', 'surprise', 'sadness', 'joy', 'o_score', 'c_score', 'e_score', 'a_score', 'n_score'];KNeighborsClassifier()
LogisticRegression;1.0;1.0;1.0;1.0;1.0;1.0;1.0;1.0;1.0;1.0;1.0;1.0;1.0;not-balanced;10;kbest;['trust', 'surprise', 'sadness', 'joy', 'o_score', 'c_score', 'e_score', 'a_score', 'n_score'];LogisticRegression(max_iter=100000, multi_class='multinomial')
KNeighborsClassifier;1.0;1.0;1.0;1.0;1.0;1.0;1.0;1.0;1.0;1.0;1.0;1.0;1.0;not-balanced;10;kbest;['trust', 'surprise', 'disgust', 'joy', 'o_score', 'c_score', 'e_score', 'a_score', 'n_score'];KNeighborsClassifier()
KNeighborsClassifier;1.0;1.0;1.0;1.0;1.0;1.0;1.0;1.0;1.0;1.0;1.0;1.0;1.0;not-balanced;10;kbest;['trust', 'surprise', 'sadness', 'joy', 'o_score', 'c_score', 'e_score', 'a_score', 'n_score'];KNeighborsClassifier()
KNeighborsClassifier;1.0;1.0;1.0;1.0;1.0;1.0;1.0;1.0;1.0;1.0;1.0;1.0;1.0;not-balanced;10;kbest;['trust', 'surprise', 'sadness', 'joy', 'o_score', 'c_score', 'e_score', 'a_score', 'n_score'];KNeighborsClassifier()
KNeighborsClassifier;1.0;1.0;1.0;1.0;1.0;1.0;1.0;1.0;1.0;1.0;1.0;1.0;1.0;not-balanced;10;kbest;['trust', 'surprise', 'sadness', 'joy', 'o_score', 'c_score', 'e_score', 'a_score', 'n_score'];KNeighborsClassifier()
KNeighborsClassifier;1.0;1.0;1.0;1.0;1.0;1.0;1.0;1.0;1.0;1.0;1.0;1.0;1.0;not-balanced;10;kbest;['trust', 'surprise', 'sadness', 'joy', 'o_score', 'c_score', 'e_score', 'a_score', 'n_score'];KNeighborsClassifier()
KNeighborsClassifier;1.0;1.0;1.0;1.0;1.0;1.0;1.0;1.0;1.0;1.0;1.0;1.0;1.0;not-balanced;10;kbest;['trust', 'surprise', 'sadness', 'joy', 'o_score', 'c_score', 'e_score', 'a_score', 'n_score'];KNeighborsClassifier()
LogisticRegression;1.0;1.0;1.0;1.0;1.0;1.0;1.0;1.0;1.0;1.0;1.0;1.0;1.0;not-balanced;10;kbest;['trust', 'surprise', 'disgust', 'joy', 'o_score', 'c_score', 'e_score', 'a_score', 'n_score'];LogisticRegression(max_iter=100000, multi_class='multinomial')
LogisticRegression;1.0;1.0;1.0;1.0;1.0;1.0;1.0;1.0;1.0;1.0;1.0;1.0;1.0;not-balanced;10;kbest;['trust', 'surprise', 'sadness', 'joy', 'o_score', 'c_score', 'e_score', 'a_score', 'n_score'];LogisticRegression(max_iter=100000, multi_class='multinomial')
LogisticRegression;1.0;1.0;1.0;1.0;1.0;1.0;1.0;1.0;1.0;1.0;1.0;1.0;1.0;not-balanced;10;kbest;['trust', 'surprise', 'sadness', 'joy', 'o_score', 'c_score', 'e_score', 'a_score', 'n_score'];LogisticRegression(max_iter=100000, multi_class='multinomial')
LogisticRegression;1.0;1.0;1.0;1.0;1.0;1.0;1.0;1.0;1.0;1.0;1.0;1.0;1.0;not-balanced;10;kbest;['trust', 'surprise', 'sadness', 'joy', 'o_score', 'c_score', 'e_score', 'a_score', 'n_score'];LogisticRegression(max_iter=100000, multi_class='multinomial')
LogisticRegression;1.0;1.0;1.0;1.0;1.0;1.0;1.0;1.0;1.0;1.0;1.0;1.0;1.0;not-balanced;10;kbest;['trust', 'surprise', 'disgust', 'joy', 'o_score', 'c_score', 'e_score', 'a_score', 'n_score'];LogisticRegression(max_iter=100000, multi_class='multinomial')
LogisticRegression;1.0;1.0;1.0;1.0;1.0;1.0;1.0;1.0;1.0;1.0;1.0;1.0;1.0;not-balanced;10;kbest;['trust', 'surprise', 'sadness', 'joy', 'o_score', 'c_score', 'e_score', 'a_score', 'n_score'];LogisticRegression(max_iter=100000, multi_class='multinomial')
LogisticRegression;1.0;1.0;1.0;1.0;1.0;1.0;1.0;1.0;1.0;1.0;1.0;1.0;1.0;not-balanced;10;kbest;['trust', 'surprise', 'disgust', 'joy', 'o_score', 'c_score', 'e_score', 'a_score', 'n_score'];LogisticRegression(max_iter=100000, multi_class='multinomial')
LogisticRegression;1.0;1.0;1.0;1.0;1.0;1.0;1.0;1.0;1.0;1.0;1.0;1.0;1.0;not-balanced;10;kbest;['trust', 'surprise', 'sadness', 'joy', 'o_score', 'c_score', 'e_score', 'a_score', 'n_score'];LogisticRegression(max_iter=100000, multi_class='multinomial')
LogisticRegression;1.0;1.0;1.0;1.0;1.0;1.0;1.0;1.0;1.0;1.0;1.0;1.0;1.0;not-balanced;10;kbest;['trust', 'surprise', 'disgust', 'joy', 'o_score', 'c_score', 'e_score', 'a_score', 'n_score'];LogisticRegression(max_iter=100000, multi_class='multinomial')
KNeighborsClassifier;1.0;1.0;1.0;1.0;1.0;1.0;1.0;1.0;1.0;1.0;1.0;1.0;1.0;not-balanced;10;kbest;['trust', 'surprise', 'disgust', 'joy', 'o_score', 'c_score', 'e_score', 'a_score', 'n_score'];KNeighborsClassifier()
GaussianNB;0.9815;0.9831;0.9815;0.9806;0.9798;0.9817;0.9798;0.9802;0.9593;0.9626;0.9593;0.9593;1.0;not-balanced;10;kbest;['trust', 'surprise', 'sadness', 'joy', 'o_score', 'c_score', 'e_score', 'a_score', 'n_score'];GaussianNB()
GaussianNB;0.9814;0.983;0.9814;0.9805;0.9798;0.9817;0.9798;0.9802;0.9593;0.9626;0.9593;0.9592;1.0;not-balanced;10;kbest;['trust', 'surprise', 'sadness', 'joy', 'o_score', 'c_score', 'e_score', 'a_score', 'n_score'];GaussianNB()
GaussianNB;0.9808;0.9825;0.9808;0.98;0.9846;0.9858;0.9846;0.9849;0.9593;0.9626;0.9593;0.9593;1.0;not-balanced;10;kbest;['trust', 'surprise', 'sadness', 'joy', 'o_score', 'c_score', 'e_score', 'a_score', 'n_score'];GaussianNB()
GaussianNB;0.9812;0.9829;0.9812;0.9803;0.9783;0.9804;0.9783;0.9787;0.9592;0.9625;0.9592;0.9591;1.0;not-balanced;10;kbest;['trust', 'surprise', 'sadness', 'joy', 'o_score', 'c_score', 'e_score', 'a_score', 'n_score'];GaussianNB()
GaussianNB;0.9811;0.9828;0.9811;0.9802;0.9813;0.9829;0.9813;0.9816;0.9592;0.9625;0.9592;0.9592;1.0;not-balanced;10;kbest;['trust', 'surprise', 'sadness', 'joy', 'o_score', 'c_score', 'e_score', 'a_score', 'n_score'];GaussianNB()
GaussianNB;0.9815;0.9831;0.9815;0.9806;0.9795;0.9813;0.9795;0.9798;0.9592;0.9624;0.9592;0.9591;0.9999;not-balanced;10;kbest;['trust', 'surprise', 'disgust', 'joy', 'o_score', 'c_score', 'e_score', 'a_score', 'n_score'];GaussianNB()
GaussianNB;0.9814;0.983;0.9814;0.9805;0.9804;0.9822;0.9804;0.9807;0.9591;0.9624;0.9591;0.9591;0.9999;not-balanced;10;kbest;['trust', 'surprise', 'disgust', 'joy', 'o_score', 'c_score', 'e_score', 'a_score', 'n_score'];GaussianNB()
GaussianNB;0.9811;0.9828;0.9811;0.9802;0.9822;0.9836;0.9822;0.9825;0.959;0.9623;0.959;0.959;0.9999;not-balanced;10;kbest;['trust', 'surprise', 'disgust', 'joy', 'o_score', 'c_score', 'e_score', 'a_score', 'n_score'];GaussianNB()
GaussianNB;0.9809;0.9826;0.9809;0.98;0.9825;0.984;0.9825;0.9828;0.959;0.9623;0.959;0.959;0.9999;not-balanced;10;kbest;['trust', 'surprise', 'disgust', 'joy', 'o_score', 'c_score', 'e_score', 'a_score', 'n_score'];GaussianNB()
GaussianNB;0.9809;0.9825;0.9809;0.98;0.9837;0.985;0.9837;0.984;0.959;0.9623;0.959;0.959;0.9999;not-balanced;10;kbest;['trust', 'surprise', 'disgust', 'joy', 'o_score', 'c_score', 'e_score', 'a_score', 'n_score'];GaussianNB()
SVC;1.0;1.0;1.0;1.0;1.0;1.0;1.0;1.0;0.9369;0.9443;0.9369;0.9365;1.0;not-balanced;10;kbest;['trust', 'surprise', 'sadness', 'joy', 'o_score', 'c_score', 'e_score', 'a_score', 'n_score'];SVC(probability=True)
SVC;1.0;1.0;1.0;1.0;1.0;1.0;1.0;1.0;0.9369;0.9444;0.9369;0.9366;1.0;not-balanced;10;kbest;['trust', 'surprise', 'disgust', 'joy', 'o_score', 'c_score', 'e_score', 'a_score', 'n_score'];SVC(probability=True)
SVC;1.0;1.0;1.0;1.0;1.0;1.0;1.0;1.0;0.9369;0.9444;0.9369;0.9366;1.0;not-balanced;10;kbest;['trust', 'surprise', 'disgust', 'joy', 'o_score', 'c_score', 'e_score', 'a_score', 'n_score'];SVC(probability=True)
SVC;1.0;1.0;1.0;1.0;1.0;1.0;1.0;1.0;0.9369;0.9444;0.9369;0.9366;1.0;not-balanced;10;kbest;['trust', 'surprise', 'sadness', 'joy', 'o_score', 'c_score', 'e_score', 'a_score', 'n_score'];SVC(probability=True)
SVC;1.0;1.0;1.0;1.0;1.0;1.0;1.0;1.0;0.9369;0.9443;0.9369;0.9365;1.0;not-balanced;10;kbest;['trust', 'surprise', 'sadness', 'joy', 'o_score', 'c_score', 'e_score', 'a_score', 'n_score'];SVC(probability=True)
SVC;1.0;1.0;1.0;1.0;1.0;1.0;1.0;1.0;0.9369;0.9444;0.9369;0.9366;1.0;not-balanced;10;kbest;['trust', 'surprise', 'disgust', 'joy', 'o_score', 'c_score', 'e_score', 'a_score', 'n_score'];SVC(probability=True)
SVC;1.0;1.0;1.0;1.0;1.0;1.0;1.0;1.0;0.9369;0.9444;0.9369;0.9366;1.0;not-balanced;10;kbest;['trust', 'surprise', 'disgust', 'joy', 'o_score', 'c_score', 'e_score', 'a_score', 'n_score'];SVC(probability=True)
SVC;1.0;1.0;1.0;1.0;1.0;1.0;1.0;1.0;0.9369;0.9444;0.9369;0.9366;1.0;not-balanced;10;kbest;['trust', 'surprise', 'disgust', 'joy', 'o_score', 'c_score', 'e_score', 'a_score', 'n_score'];SVC(probability=True)
SVC;1.0;1.0;1.0;1.0;1.0;1.0;1.0;1.0;0.9369;0.9444;0.9369;0.9366;1.0;not-balanced;10;kbest;['trust', 'surprise', 'disgust', 'joy', 'o_score', 'c_score', 'e_score', 'a_score', 'n_score'];SVC(probability=True)
SVC;1.0;1.0;1.0;1.0;1.0;1.0;1.0;1.0;0.9369;0.9443;0.9369;0.9365;1.0;not-balanced;10;kbest;['trust', 'surprise', 'sadness', 'joy', 'o_score', 'c_score', 'e_score', 'a_score', 'n_score'];SVC(probability=True)
