Algorithm;Train Accuracy;Train Precision;Train Recall;Train F1 Score;Test Accuracy;Test Precision;Test Recall;Test F1 Score;Val. Accuracy;Val. Precision;Val. Recall;Val. F1 Score;AUC;Bal. Strategy;Folds;Feat. Selec. Strategy;Features;Model
KNeighborsClassifier;1.0;1.0;1.0;1.0;1.0;1.0;1.0;1.0;1.0;1.0;1.0;1.0;1.0;not-balanced;10;kbest;['anger', 'trust', 'sadness', 'disgust', 'o_score', 'c_score', 'e_score', 'a_score', 'n_score'];KNeighborsClassifier()
RandomForestClassifier;1.0;1.0;1.0;1.0;1.0;1.0;1.0;1.0;1.0;1.0;1.0;1.0;1.0;not-balanced;10;kbest;['anger', 'trust', 'sadness', 'disgust', 'o_score', 'c_score', 'e_score', 'a_score', 'n_score'];RandomForestClassifier()
RandomForestClassifier;1.0;1.0;1.0;1.0;1.0;1.0;1.0;1.0;1.0;1.0;1.0;1.0;1.0;not-balanced;10;kbest;['anger', 'trust', 'sadness', 'disgust', 'o_score', 'c_score', 'e_score', 'a_score', 'n_score'];RandomForestClassifier()
RandomForestClassifier;1.0;1.0;1.0;1.0;1.0;1.0;1.0;1.0;1.0;1.0;1.0;1.0;1.0;not-balanced;10;kbest;['anger', 'trust', 'sadness', 'disgust', 'o_score', 'c_score', 'e_score', 'a_score', 'n_score'];RandomForestClassifier()
KNeighborsClassifier;1.0;1.0;1.0;1.0;1.0;1.0;1.0;1.0;1.0;1.0;1.0;1.0;1.0;not-balanced;10;kbest;['anger', 'trust', 'sadness', 'disgust', 'o_score', 'c_score', 'e_score', 'a_score', 'n_score'];KNeighborsClassifier()
RandomForestClassifier;1.0;1.0;1.0;1.0;1.0;1.0;1.0;1.0;1.0;1.0;1.0;1.0;1.0;not-balanced;10;kbest;['anger', 'trust', 'sadness', 'disgust', 'o_score', 'c_score', 'e_score', 'a_score', 'n_score'];RandomForestClassifier()
RandomForestClassifier;1.0;1.0;1.0;1.0;1.0;1.0;1.0;1.0;1.0;1.0;1.0;1.0;1.0;not-balanced;10;kbest;['anger', 'trust', 'sadness', 'disgust', 'o_score', 'c_score', 'e_score', 'a_score', 'n_score'];RandomForestClassifier()
RandomForestClassifier;1.0;1.0;1.0;1.0;1.0;1.0;1.0;1.0;1.0;1.0;1.0;1.0;1.0;not-balanced;10;kbest;['anger', 'trust', 'sadness', 'disgust', 'o_score', 'c_score', 'e_score', 'a_score', 'n_score'];RandomForestClassifier()
RandomForestClassifier;1.0;1.0;1.0;1.0;1.0;1.0;1.0;1.0;1.0;1.0;1.0;1.0;1.0;not-balanced;10;kbest;['anger', 'trust', 'sadness', 'disgust', 'o_score', 'c_score', 'e_score', 'a_score', 'n_score'];RandomForestClassifier()
DecisionTreeClassifier;1.0;1.0;1.0;1.0;1.0;1.0;1.0;1.0;1.0;1.0;1.0;1.0;1.0;not-balanced;10;kbest;['anger', 'trust', 'sadness', 'disgust', 'o_score', 'c_score', 'e_score', 'a_score', 'n_score'];DecisionTreeClassifier()
DecisionTreeClassifier;1.0;1.0;1.0;1.0;1.0;1.0;1.0;1.0;1.0;1.0;1.0;1.0;1.0;not-balanced;10;kbest;['anger', 'trust', 'surprise', 'disgust', 'o_score', 'c_score', 'e_score', 'a_score', 'n_score'];DecisionTreeClassifier()
DecisionTreeClassifier;1.0;1.0;1.0;1.0;1.0;1.0;1.0;1.0;1.0;1.0;1.0;1.0;1.0;not-balanced;10;kbest;['anger', 'trust', 'sadness', 'disgust', 'o_score', 'c_score', 'e_score', 'a_score', 'n_score'];DecisionTreeClassifier()
DecisionTreeClassifier;1.0;1.0;1.0;1.0;1.0;1.0;1.0;1.0;1.0;1.0;1.0;1.0;1.0;not-balanced;10;kbest;['anger', 'trust', 'sadness', 'disgust', 'o_score', 'c_score', 'e_score', 'a_score', 'n_score'];DecisionTreeClassifier()
DecisionTreeClassifier;1.0;1.0;1.0;1.0;1.0;1.0;1.0;1.0;1.0;1.0;1.0;1.0;1.0;not-balanced;10;kbest;['anger', 'trust', 'sadness', 'disgust', 'o_score', 'c_score', 'e_score', 'a_score', 'n_score'];DecisionTreeClassifier()
DecisionTreeClassifier;1.0;1.0;1.0;1.0;1.0;1.0;1.0;1.0;1.0;1.0;1.0;1.0;1.0;not-balanced;10;kbest;['anger', 'trust', 'sadness', 'disgust', 'o_score', 'c_score', 'e_score', 'a_score', 'n_score'];DecisionTreeClassifier()
DecisionTreeClassifier;1.0;1.0;1.0;1.0;1.0;1.0;1.0;1.0;1.0;1.0;1.0;1.0;1.0;not-balanced;10;kbest;['trust', 'surprise', 'sadness', 'disgust', 'o_score', 'c_score', 'e_score', 'a_score', 'n_score'];DecisionTreeClassifier()
DecisionTreeClassifier;1.0;1.0;1.0;1.0;1.0;1.0;1.0;1.0;1.0;1.0;1.0;1.0;1.0;not-balanced;10;kbest;['anger', 'trust', 'sadness', 'disgust', 'o_score', 'c_score', 'e_score', 'a_score', 'n_score'];DecisionTreeClassifier()
DecisionTreeClassifier;1.0;1.0;1.0;1.0;1.0;1.0;1.0;1.0;1.0;1.0;1.0;1.0;1.0;not-balanced;10;kbest;['anger', 'trust', 'sadness', 'disgust', 'o_score', 'c_score', 'e_score', 'a_score', 'n_score'];DecisionTreeClassifier()
DecisionTreeClassifier;1.0;1.0;1.0;1.0;1.0;1.0;1.0;1.0;1.0;1.0;1.0;1.0;1.0;not-balanced;10;kbest;['anger', 'trust', 'sadness', 'disgust', 'o_score', 'c_score', 'e_score', 'a_score', 'n_score'];DecisionTreeClassifier()
MLPClassifier;1.0;1.0;1.0;1.0;1.0;1.0;1.0;1.0;1.0;1.0;1.0;1.0;1.0;not-balanced;10;kbest;['anticipation', 'trust', 'sadness', 'disgust', 'o_score', 'c_score', 'e_score', 'a_score', 'n_score'];MLPClassifier()
MLPClassifier;1.0;1.0;1.0;1.0;1.0;1.0;1.0;1.0;1.0;1.0;1.0;1.0;1.0;not-balanced;10;kbest;['anger', 'trust', 'sadness', 'disgust', 'o_score', 'c_score', 'e_score', 'a_score', 'n_score'];MLPClassifier()
MLPClassifier;1.0;1.0;1.0;1.0;1.0;1.0;1.0;1.0;1.0;1.0;1.0;1.0;1.0;not-balanced;10;kbest;['anger', 'trust', 'sadness', 'disgust', 'o_score', 'c_score', 'e_score', 'a_score', 'n_score'];MLPClassifier()
MLPClassifier;1.0;1.0;1.0;1.0;1.0;1.0;1.0;1.0;1.0;1.0;1.0;1.0;1.0;not-balanced;10;kbest;['anticipation', 'trust', 'sadness', 'disgust', 'o_score', 'c_score', 'e_score', 'a_score', 'n_score'];MLPClassifier()
MLPClassifier;1.0;1.0;1.0;1.0;1.0;1.0;1.0;1.0;1.0;1.0;1.0;1.0;1.0;not-balanced;10;kbest;['anger', 'trust', 'sadness', 'disgust', 'o_score', 'c_score', 'e_score', 'a_score', 'n_score'];MLPClassifier()
MLPClassifier;1.0;1.0;1.0;1.0;1.0;1.0;1.0;1.0;1.0;1.0;1.0;1.0;1.0;not-balanced;10;kbest;['anger', 'trust', 'sadness', 'disgust', 'o_score', 'c_score', 'e_score', 'a_score', 'n_score'];MLPClassifier()
MLPClassifier;1.0;1.0;1.0;1.0;1.0;1.0;1.0;1.0;1.0;1.0;1.0;1.0;1.0;not-balanced;10;kbest;['anger', 'trust', 'sadness', 'disgust', 'o_score', 'c_score', 'e_score', 'a_score', 'n_score'];MLPClassifier()
MLPClassifier;1.0;1.0;1.0;1.0;1.0;1.0;1.0;1.0;1.0;1.0;1.0;1.0;1.0;not-balanced;10;kbest;['anger', 'trust', 'sadness', 'disgust', 'o_score', 'c_score', 'e_score', 'a_score', 'n_score'];MLPClassifier()
MLPClassifier;1.0;1.0;1.0;1.0;1.0;1.0;1.0;1.0;1.0;1.0;1.0;1.0;1.0;not-balanced;10;kbest;['anticipation', 'trust', 'sadness', 'disgust', 'o_score', 'c_score', 'e_score', 'a_score', 'n_score'];MLPClassifier()
MLPClassifier;1.0;1.0;1.0;1.0;1.0;1.0;1.0;1.0;1.0;1.0;1.0;1.0;1.0;not-balanced;10;kbest;['anger', 'trust', 'sadness', 'disgust', 'o_score', 'c_score', 'e_score', 'a_score', 'n_score'];MLPClassifier()
RandomForestClassifier;1.0;1.0;1.0;1.0;1.0;1.0;1.0;1.0;1.0;1.0;1.0;1.0;1.0;not-balanced;10;kbest;['anger', 'trust', 'sadness', 'disgust', 'o_score', 'c_score', 'e_score', 'a_score', 'n_score'];RandomForestClassifier()
RandomForestClassifier;1.0;1.0;1.0;1.0;1.0;1.0;1.0;1.0;1.0;1.0;1.0;1.0;1.0;not-balanced;10;kbest;['trust', 'surprise', 'sadness', 'disgust', 'o_score', 'c_score', 'e_score', 'a_score', 'n_score'];RandomForestClassifier()
RandomForestClassifier;1.0;1.0;1.0;1.0;1.0;1.0;1.0;1.0;1.0;1.0;1.0;1.0;1.0;not-balanced;10;kbest;['fear', 'trust', 'surprise', 'disgust', 'o_score', 'c_score', 'e_score', 'a_score', 'n_score'];RandomForestClassifier()
SVC;1.0;1.0;1.0;1.0;1.0;1.0;1.0;1.0;1.0;1.0;1.0;1.0;1.0;not-balanced;10;kbest;['anger', 'trust', 'sadness', 'disgust', 'o_score', 'c_score', 'e_score', 'a_score', 'n_score'];SVC(probability=True)
KNeighborsClassifier;1.0;1.0;1.0;1.0;1.0;1.0;1.0;1.0;1.0;1.0;1.0;1.0;1.0;not-balanced;10;kbest;['trust', 'surprise', 'sadness', 'disgust', 'o_score', 'c_score', 'e_score', 'a_score', 'n_score'];KNeighborsClassifier()
KNeighborsClassifier;1.0;1.0;1.0;1.0;1.0;1.0;1.0;1.0;1.0;1.0;1.0;1.0;1.0;not-balanced;10;kbest;['anger', 'trust', 'sadness', 'disgust', 'o_score', 'c_score', 'e_score', 'a_score', 'n_score'];KNeighborsClassifier()
KNeighborsClassifier;1.0;1.0;1.0;1.0;1.0;1.0;1.0;1.0;1.0;1.0;1.0;1.0;1.0;not-balanced;10;kbest;['trust', 'surprise', 'sadness', 'disgust', 'o_score', 'c_score', 'e_score', 'a_score', 'n_score'];KNeighborsClassifier()
KNeighborsClassifier;1.0;1.0;1.0;1.0;1.0;1.0;1.0;1.0;1.0;1.0;1.0;1.0;1.0;not-balanced;10;kbest;['anger', 'trust', 'sadness', 'disgust', 'o_score', 'c_score', 'e_score', 'a_score', 'n_score'];KNeighborsClassifier()
KNeighborsClassifier;1.0;1.0;1.0;1.0;1.0;1.0;1.0;1.0;1.0;1.0;1.0;1.0;1.0;not-balanced;10;kbest;['anger', 'trust', 'sadness', 'disgust', 'o_score', 'c_score', 'e_score', 'a_score', 'n_score'];KNeighborsClassifier()
KNeighborsClassifier;1.0;1.0;1.0;1.0;1.0;1.0;1.0;1.0;1.0;1.0;1.0;1.0;1.0;not-balanced;10;kbest;['anger', 'trust', 'surprise', 'disgust', 'o_score', 'c_score', 'e_score', 'a_score', 'n_score'];KNeighborsClassifier()
KNeighborsClassifier;1.0;1.0;1.0;1.0;1.0;1.0;1.0;1.0;1.0;1.0;1.0;1.0;1.0;not-balanced;10;kbest;['anger', 'trust', 'sadness', 'disgust', 'o_score', 'c_score', 'e_score', 'a_score', 'n_score'];KNeighborsClassifier()
KNeighborsClassifier;1.0;1.0;1.0;1.0;1.0;1.0;1.0;1.0;1.0;1.0;1.0;1.0;1.0;not-balanced;10;kbest;['anger', 'trust', 'sadness', 'disgust', 'o_score', 'c_score', 'e_score', 'a_score', 'n_score'];KNeighborsClassifier()
SVC;1.0;1.0;1.0;1.0;1.0;1.0;1.0;1.0;1.0;1.0;1.0;1.0;1.0;not-balanced;10;kbest;['anger', 'trust', 'sadness', 'disgust', 'o_score', 'c_score', 'e_score', 'a_score', 'n_score'];SVC(probability=True)
LogisticRegression;1.0;1.0;1.0;1.0;1.0;1.0;1.0;1.0;1.0;1.0;1.0;1.0;1.0;not-balanced;10;kbest;['anger', 'trust', 'sadness', 'disgust', 'o_score', 'c_score', 'e_score', 'a_score', 'n_score'];LogisticRegression(max_iter=100000, multi_class='multinomial')
SVC;1.0;1.0;1.0;1.0;1.0;1.0;1.0;1.0;1.0;1.0;1.0;1.0;1.0;not-balanced;10;kbest;['fear', 'trust', 'sadness', 'disgust', 'o_score', 'c_score', 'e_score', 'a_score', 'n_score'];SVC(probability=True)
SVC;1.0;1.0;1.0;1.0;1.0;1.0;1.0;1.0;1.0;1.0;1.0;1.0;1.0;not-balanced;10;kbest;['anger', 'trust', 'sadness', 'disgust', 'o_score', 'c_score', 'e_score', 'a_score', 'n_score'];SVC(probability=True)
SVC;1.0;1.0;1.0;1.0;1.0;1.0;1.0;1.0;1.0;1.0;1.0;1.0;1.0;not-balanced;10;kbest;['anger', 'trust', 'sadness', 'disgust', 'o_score', 'c_score', 'e_score', 'a_score', 'n_score'];SVC(probability=True)
SVC;1.0;1.0;1.0;1.0;1.0;1.0;1.0;1.0;1.0;1.0;1.0;1.0;1.0;not-balanced;10;kbest;['anger', 'trust', 'sadness', 'disgust', 'o_score', 'c_score', 'e_score', 'a_score', 'n_score'];SVC(probability=True)
SVC;1.0;1.0;1.0;1.0;1.0;1.0;1.0;1.0;1.0;1.0;1.0;1.0;1.0;not-balanced;10;kbest;['anger', 'trust', 'sadness', 'disgust', 'o_score', 'c_score', 'e_score', 'a_score', 'n_score'];SVC(probability=True)
LogisticRegression;1.0;1.0;1.0;1.0;1.0;1.0;1.0;1.0;1.0;1.0;1.0;1.0;1.0;not-balanced;10;kbest;['anger', 'trust', 'sadness', 'disgust', 'o_score', 'c_score', 'e_score', 'a_score', 'n_score'];LogisticRegression(max_iter=100000, multi_class='multinomial')
LogisticRegression;1.0;1.0;1.0;1.0;1.0;1.0;1.0;1.0;1.0;1.0;1.0;1.0;1.0;not-balanced;10;kbest;['trust', 'surprise', 'sadness', 'disgust', 'o_score', 'c_score', 'e_score', 'a_score', 'n_score'];LogisticRegression(max_iter=100000, multi_class='multinomial')
SVC;1.0;1.0;1.0;1.0;1.0;1.0;1.0;1.0;1.0;1.0;1.0;1.0;1.0;not-balanced;10;kbest;['anger', 'trust', 'sadness', 'disgust', 'o_score', 'c_score', 'e_score', 'a_score', 'n_score'];SVC(probability=True)
LogisticRegression;1.0;1.0;1.0;1.0;1.0;1.0;1.0;1.0;1.0;1.0;1.0;1.0;1.0;not-balanced;10;kbest;['anger', 'trust', 'surprise', 'disgust', 'o_score', 'c_score', 'e_score', 'a_score', 'n_score'];LogisticRegression(max_iter=100000, multi_class='multinomial')
LogisticRegression;1.0;1.0;1.0;1.0;1.0;1.0;1.0;1.0;1.0;1.0;1.0;1.0;1.0;not-balanced;10;kbest;['anger', 'trust', 'sadness', 'disgust', 'o_score', 'c_score', 'e_score', 'a_score', 'n_score'];LogisticRegression(max_iter=100000, multi_class='multinomial')
LogisticRegression;1.0;1.0;1.0;1.0;1.0;1.0;1.0;1.0;1.0;1.0;1.0;1.0;1.0;not-balanced;10;kbest;['anger', 'trust', 'sadness', 'disgust', 'o_score', 'c_score', 'e_score', 'a_score', 'n_score'];LogisticRegression(max_iter=100000, multi_class='multinomial')
LogisticRegression;1.0;1.0;1.0;1.0;1.0;1.0;1.0;1.0;1.0;1.0;1.0;1.0;1.0;not-balanced;10;kbest;['anger', 'trust', 'sadness', 'disgust', 'o_score', 'c_score', 'e_score', 'a_score', 'n_score'];LogisticRegression(max_iter=100000, multi_class='multinomial')
LogisticRegression;1.0;1.0;1.0;1.0;1.0;1.0;1.0;1.0;1.0;1.0;1.0;1.0;1.0;not-balanced;10;kbest;['anger', 'trust', 'sadness', 'disgust', 'o_score', 'c_score', 'e_score', 'a_score', 'n_score'];LogisticRegression(max_iter=100000, multi_class='multinomial')
LogisticRegression;1.0;1.0;1.0;1.0;1.0;1.0;1.0;1.0;1.0;1.0;1.0;1.0;1.0;not-balanced;10;kbest;['anger', 'trust', 'sadness', 'disgust', 'o_score', 'c_score', 'e_score', 'a_score', 'n_score'];LogisticRegression(max_iter=100000, multi_class='multinomial')
LogisticRegression;1.0;1.0;1.0;1.0;1.0;1.0;1.0;1.0;1.0;1.0;1.0;1.0;1.0;not-balanced;10;kbest;['anger', 'trust', 'sadness', 'disgust', 'o_score', 'c_score', 'e_score', 'a_score', 'n_score'];LogisticRegression(max_iter=100000, multi_class='multinomial')
SVC;1.0;1.0;1.0;1.0;1.0;1.0;1.0;1.0;1.0;1.0;1.0;1.0;1.0;not-balanced;10;kbest;['anger', 'trust', 'sadness', 'disgust', 'o_score', 'c_score', 'e_score', 'a_score', 'n_score'];SVC(probability=True)
SVC;1.0;1.0;1.0;1.0;1.0;1.0;1.0;1.0;1.0;1.0;1.0;1.0;1.0;not-balanced;10;kbest;['anger', 'trust', 'sadness', 'disgust', 'o_score', 'c_score', 'e_score', 'a_score', 'n_score'];SVC(probability=True)
GaussianNB;0.9998;0.9998;0.9998;0.9998;0.9995;0.9995;0.9995;0.9995;0.9997;0.9997;0.9997;0.9997;1.0;not-balanced;10;kbest;['fear', 'trust', 'surprise', 'disgust', 'o_score', 'c_score', 'e_score', 'a_score', 'n_score'];GaussianNB()
GaussianNB;0.9997;0.9997;0.9997;0.9997;1.0;1.0;1.0;1.0;0.9995;0.9995;0.9995;0.9995;1.0;not-balanced;10;kbest;['anger', 'trust', 'sadness', 'disgust', 'o_score', 'c_score', 'e_score', 'a_score', 'n_score'];GaussianNB()
GaussianNB;0.9998;0.9998;0.9998;0.9998;0.9993;0.9993;0.9993;0.9993;0.9995;0.9995;0.9995;0.9995;1.0;not-balanced;10;kbest;['anger', 'trust', 'sadness', 'disgust', 'o_score', 'c_score', 'e_score', 'a_score', 'n_score'];GaussianNB()
GaussianNB;0.9998;0.9998;0.9998;0.9998;1.0;1.0;1.0;1.0;0.9995;0.9995;0.9995;0.9995;1.0;not-balanced;10;kbest;['anger', 'trust', 'sadness', 'disgust', 'o_score', 'c_score', 'e_score', 'a_score', 'n_score'];GaussianNB()
GaussianNB;0.9997;0.9997;0.9997;0.9997;0.9998;0.9998;0.9998;0.9998;0.9995;0.9995;0.9995;0.9995;1.0;not-balanced;10;kbest;['anger', 'trust', 'sadness', 'disgust', 'o_score', 'c_score', 'e_score', 'a_score', 'n_score'];GaussianNB()
GaussianNB;0.9997;0.9997;0.9997;0.9997;0.9998;0.9998;0.9998;0.9998;0.9995;0.9995;0.9995;0.9995;1.0;not-balanced;10;kbest;['anger', 'trust', 'sadness', 'disgust', 'o_score', 'c_score', 'e_score', 'a_score', 'n_score'];GaussianNB()
GaussianNB;0.9998;0.9998;0.9998;0.9998;0.9998;0.9998;0.9998;0.9998;0.9995;0.9995;0.9995;0.9995;1.0;not-balanced;10;kbest;['anger', 'trust', 'sadness', 'disgust', 'o_score', 'c_score', 'e_score', 'a_score', 'n_score'];GaussianNB()
GaussianNB;0.9998;0.9998;0.9998;0.9998;0.9993;0.9993;0.9993;0.9993;0.9995;0.9995;0.9995;0.9995;1.0;not-balanced;10;kbest;['anger', 'trust', 'sadness', 'disgust', 'o_score', 'c_score', 'e_score', 'a_score', 'n_score'];GaussianNB()
GaussianNB;0.9997;0.9997;0.9997;0.9997;0.9998;0.9998;0.9998;0.9998;0.9995;0.9995;0.9995;0.9995;1.0;not-balanced;10;kbest;['anger', 'trust', 'sadness', 'disgust', 'o_score', 'c_score', 'e_score', 'a_score', 'n_score'];GaussianNB()
GaussianNB;0.9997;0.9997;0.9997;0.9997;1.0;1.0;1.0;1.0;0.9994;0.9994;0.9994;0.9994;1.0;not-balanced;10;kbest;['anticipation', 'trust', 'sadness', 'disgust', 'o_score', 'c_score', 'e_score', 'a_score', 'n_score'];GaussianNB()
