Algorithm;Train Accuracy;Train Precision;Train Recall;Train F1 Score;Test Accuracy;Test Precision;Test Recall;Test F1 Score;Val. Accuracy;Val. Precision;Val. Recall;Val. F1 Score;AUC;Bal. Strategy;% of Features;Folds;Feat. Selec. Strategy;Features;Features Importance;Model
RandomForestClassifier;0.6873;0.4726;0.6873;0.4073;0.6933;0.4806;0.6933;0.5677;0.6349;0.4031;0.6349;0.4931;0.5179;not-balanced;50;10;kbest;['trust'];{'trust': 0.0};RandomForestClassifier()
RandomForestClassifier;0.6877;0.4731;0.6877;0.4075;0.6894;0.4752;0.6894;0.5626;0.6349;0.4031;0.6349;0.4931;0.5196;not-balanced;50;10;kbest;['trust'];{'trust': 0.0};RandomForestClassifier()
RandomForestClassifier;0.6879;0.5541;0.6879;0.4078;0.6886;0.4741;0.6886;0.5616;0.6349;0.4031;0.6349;0.4931;0.5196;not-balanced;50;10;kbest;['trust'];{'trust': 0.0};RandomForestClassifier()
RandomForestClassifier;0.6894;0.5068;0.6894;0.4082;0.6734;0.4535;0.6734;0.542;0.6349;0.4031;0.6349;0.4931;0.5202;not-balanced;50;10;kbest;['trust'];{'trust': 0.0};RandomForestClassifier()
RandomForestClassifier;0.6872;0.4725;0.6872;0.4073;0.6933;0.4806;0.6933;0.5677;0.6349;0.4031;0.6349;0.4931;0.5199;not-balanced;60;10;kbest;['trust', 'disgust'];{'trust': 0.0, 'disgust': 0.0};RandomForestClassifier()
RandomForestClassifier;0.6874;0.5282;0.6874;0.4078;0.6918;0.4786;0.6918;0.5657;0.6349;0.4031;0.6349;0.4931;0.518;not-balanced;50;10;kbest;['trust'];{'trust': 0.0};RandomForestClassifier()
RandomForestClassifier;0.6869;0.4719;0.6869;0.4072;0.6972;0.4861;0.6972;0.5728;0.6349;0.4031;0.6349;0.4931;0.5196;not-balanced;50;10;kbest;['trust'];{'trust': 0.0};RandomForestClassifier()
RandomForestClassifier;0.6893;0.5328;0.6893;0.4087;0.6734;0.4535;0.6734;0.542;0.6347;0.5154;0.6347;0.4933;0.5265;not-balanced;60;10;kbest;['trust', 'sadness'];{'trust': 0.0001, 'sadness': 0.0002};RandomForestClassifier()
RandomForestClassifier;0.6865;0.5457;0.6865;0.409;0.6972;0.6376;0.6972;0.5734;0.6346;0.5004;0.6346;0.4932;0.5246;not-balanced;60;10;kbest;['trust', 'sadness'];{'trust': 0.0002, 'sadness': 0.0001};RandomForestClassifier()
RandomForestClassifier;0.6875;0.5244;0.6875;0.4081;0.6889;0.7857;0.6889;0.5623;0.6346;0.476;0.6346;0.4931;0.5238;not-balanced;60;10;kbest;['trust', 'sadness'];{'trust': 0.0002, 'sadness': 0.0001};RandomForestClassifier()
RandomForestClassifier;0.6881;0.4892;0.6881;0.4077;0.6857;0.4703;0.6857;0.5579;0.6345;0.4638;0.6345;0.4931;0.5193;not-balanced;50;10;kbest;['trust'];{'trust': 0.0001};RandomForestClassifier()
RandomForestClassifier;0.6887;0.5421;0.6887;0.4091;0.6777;0.5143;0.6777;0.549;0.6345;0.5192;0.6345;0.4934;0.5273;not-balanced;60;10;kbest;['trust', 'sadness'];{'trust': 0.0003, 'sadness': 0.0002};RandomForestClassifier()
RandomForestClassifier;0.6874;0.4728;0.6874;0.4074;0.6915;0.6325;0.6915;0.5659;0.6345;0.4638;0.6345;0.4931;0.5199;not-balanced;50;10;kbest;['trust'];{'trust': 0.0};RandomForestClassifier()
RandomForestClassifier;0.6876;0.473;0.6876;0.4074;0.6897;0.4756;0.6897;0.563;0.6345;0.4638;0.6345;0.4931;0.5217;not-balanced;50;10;kbest;['trust'];{'trust': 0.0001};RandomForestClassifier()
RandomForestClassifier;0.6876;0.5964;0.6876;0.4178;0.6734;0.6178;0.6734;0.55;0.6343;0.5701;0.6343;0.498;0.5304;not-balanced;70;10;kbest;['fear', 'trust', 'sadness', 'disgust'];{'fear': 0.0036, 'trust': 0.0026, 'sadness': 0.0024, 'disgust': 0.0022};RandomForestClassifier()
RandomForestClassifier;0.6889;0.6115;0.6889;0.4097;0.6777;0.5143;0.6777;0.549;0.6342;0.4996;0.6342;0.4934;0.5204;not-balanced;50;10;kbest;['trust'];{'trust': 0.0006};RandomForestClassifier()
RandomForestClassifier;0.6876;0.6039;0.6876;0.4104;0.6891;0.6135;0.6891;0.5647;0.634;0.5179;0.634;0.494;0.5247;not-balanced;60;10;kbest;['trust', 'sadness'];{'trust': 0.0005, 'sadness': 0.0004};RandomForestClassifier()
RandomForestClassifier;0.6878;0.6143;0.6878;0.4101;0.6854;0.596;0.6854;0.5589;0.6339;0.4982;0.6339;0.4935;0.5246;not-balanced;60;10;kbest;['trust', 'sadness'];{'trust': 0.0005, 'sadness': 0.0005};RandomForestClassifier()
RandomForestClassifier;0.6847;0.5911;0.6847;0.4153;0.6996;0.6997;0.6996;0.5816;0.6339;0.5583;0.6339;0.4973;0.5296;not-balanced;70;10;kbest;['fear', 'trust', 'sadness', 'disgust'];{'fear': 0.003, 'trust': 0.0024, 'sadness': 0.0025, 'disgust': 0.0024};RandomForestClassifier()
RandomForestClassifier;0.6875;0.6293;0.6875;0.411;0.6906;0.5663;0.6906;0.566;0.6339;0.5052;0.6339;0.4937;0.5245;not-balanced;60;10;kbest;['trust', 'sadness'];{'trust': 0.0006, 'sadness': 0.0005};RandomForestClassifier()
RandomForestClassifier;0.6859;0.6004;0.6859;0.4158;0.6945;0.6538;0.6945;0.5785;0.6339;0.5598;0.6339;0.4976;0.5258;not-balanced;70;10;kbest;['fear', 'trust', 'sadness', 'disgust'];{'fear': 0.0033, 'trust': 0.0028, 'sadness': 0.0021, 'disgust': 0.002};RandomForestClassifier()
RandomForestClassifier;0.6871;0.569;0.6871;0.4087;0.6918;0.6327;0.6918;0.5663;0.6339;0.5083;0.6339;0.4938;0.5226;not-balanced;60;10;kbest;['trust', 'sadness'];{'trust': 0.0005, 'sadness': 0.0002};RandomForestClassifier()
RandomForestClassifier;0.6878;0.6341;0.6878;0.4113;0.6888;0.5791;0.6888;0.5642;0.6339;0.5083;0.6339;0.4938;0.5269;not-balanced;60;10;kbest;['trust', 'sadness'];{'trust': 0.0006, 'sadness': 0.0005};RandomForestClassifier()
RandomForestClassifier;0.6862;0.5965;0.6862;0.4184;0.6851;0.6122;0.6851;0.5625;0.6338;0.5576;0.6338;0.4979;0.5299;not-balanced;70;10;kbest;['fear', 'trust', 'sadness', 'disgust'];{'fear': 0.0038, 'trust': 0.0031, 'sadness': 0.0034, 'disgust': 0.0033};RandomForestClassifier()
RandomForestClassifier;0.6857;0.5987;0.6857;0.418;0.6879;0.598;0.6879;0.5681;0.6338;0.5554;0.6338;0.4975;0.5309;not-balanced;70;10;kbest;['fear', 'trust', 'sadness', 'disgust'];{'fear': 0.0035, 'trust': 0.003, 'sadness': 0.0034, 'disgust': 0.0022};RandomForestClassifier()
RandomForestClassifier;0.6856;0.5958;0.6856;0.4174;0.6894;0.6312;0.6894;0.567;0.6337;0.5567;0.6337;0.4979;0.5333;not-balanced;70;10;kbest;['fear', 'trust', 'sadness', 'disgust'];{'fear': 0.0029, 'trust': 0.003, 'sadness': 0.004, 'disgust': 0.0026};RandomForestClassifier()
RandomForestClassifier;0.6861;0.6008;0.6861;0.4185;0.6867;0.6013;0.6867;0.5677;0.6336;0.5539;0.6336;0.4979;0.5277;not-balanced;70;10;kbest;['fear', 'trust', 'sadness', 'disgust'];{'fear': 0.0053, 'trust': 0.0031, 'sadness': 0.0039, 'disgust': 0.0028};RandomForestClassifier()
RandomForestClassifier;0.6862;0.6083;0.6862;0.4191;0.69;0.6001;0.69;0.5708;0.6334;0.548;0.6334;0.4974;0.5284;not-balanced;70;10;kbest;['fear', 'trust', 'sadness', 'disgust'];{'fear': 0.0036, 'trust': 0.0029, 'sadness': 0.0037, 'disgust': 0.0024};RandomForestClassifier()
RandomForestClassifier;0.6868;0.5972;0.6868;0.418;0.6789;0.6227;0.6789;0.5577;0.6334;0.5524;0.6334;0.4982;0.5292;not-balanced;70;10;kbest;['fear', 'trust', 'sadness', 'disgust'];{'fear': 0.0035, 'trust': 0.003, 'sadness': 0.0038, 'disgust': 0.0033};RandomForestClassifier()
RandomForestClassifier;0.6861;0.6077;0.6861;0.4197;0.6879;0.5908;0.6879;0.5721;0.6334;0.5544;0.6334;0.4987;0.5298;not-balanced;70;10;kbest;['fear', 'trust', 'sadness', 'disgust'];{'fear': 0.0037, 'trust': 0.0034, 'sadness': 0.0027, 'disgust': 0.0034};RandomForestClassifier()
RandomForestClassifier;0.6832;0.5857;0.6832;0.4214;0.6894;0.6042;0.6894;0.5736;0.6325;0.5468;0.6325;0.4997;0.5269;not-balanced;80;10;kbest;['fear', 'anticipation', 'trust', 'sadness', 'disgust'];{'fear': 0.0072, 'anticipation': 0.0049, 'trust': 0.0058, 'sadness': 0.0077, 'disgust': 0.0053};RandomForestClassifier()
RandomForestClassifier;0.6836;0.5836;0.6836;0.4219;0.6848;0.6158;0.6848;0.5666;0.6325;0.553;0.6325;0.5013;0.5283;not-balanced;80;10;kbest;['fear', 'anticipation', 'trust', 'sadness', 'disgust'];{'fear': 0.0065, 'anticipation': 0.0055, 'trust': 0.0063, 'sadness': 0.0078, 'disgust': 0.0054};RandomForestClassifier()
RandomForestClassifier;0.6839;0.5937;0.6839;0.4231;0.6848;0.5793;0.6848;0.5691;0.6325;0.5507;0.6325;0.5008;0.5286;not-balanced;80;10;kbest;['fear', 'anticipation', 'trust', 'sadness', 'disgust'];{'fear': 0.0071, 'anticipation': 0.0058, 'trust': 0.0063, 'sadness': 0.008, 'disgust': 0.005};RandomForestClassifier()
RandomForestClassifier;0.6845;0.593;0.6845;0.4214;0.6882;0.597;0.6882;0.5733;0.6323;0.5462;0.6323;0.5;0.5273;not-balanced;80;10;kbest;['fear', 'anticipation', 'trust', 'sadness', 'disgust'];{'fear': 0.007, 'anticipation': 0.0047, 'trust': 0.0063, 'sadness': 0.0065, 'disgust': 0.0045};RandomForestClassifier()
RandomForestClassifier;0.6858;0.5903;0.6858;0.4219;0.6698;0.5861;0.6698;0.5533;0.6323;0.5452;0.6323;0.4997;0.5257;not-balanced;80;10;kbest;['fear', 'anticipation', 'trust', 'sadness', 'disgust'];{'fear': 0.0082, 'anticipation': 0.0057, 'trust': 0.0059, 'sadness': 0.0076, 'disgust': 0.0049};RandomForestClassifier()
RandomForestClassifier;0.6846;0.5957;0.6846;0.4229;0.6834;0.5821;0.6834;0.5691;0.6323;0.5515;0.6323;0.5015;0.5262;not-balanced;80;10;kbest;['fear', 'anticipation', 'trust', 'sadness', 'disgust'];{'fear': 0.0086, 'anticipation': 0.0053, 'trust': 0.0062, 'sadness': 0.0077, 'disgust': 0.005};RandomForestClassifier()
RandomForestClassifier;0.6846;0.5919;0.6846;0.4212;0.6897;0.6365;0.6897;0.5724;0.6323;0.5446;0.6323;0.4995;0.5243;not-balanced;80;10;kbest;['fear', 'anticipation', 'trust', 'sadness', 'disgust'];{'fear': 0.007, 'anticipation': 0.0047, 'trust': 0.0056, 'sadness': 0.0072, 'disgust': 0.0048};RandomForestClassifier()
RandomForestClassifier;0.6839;0.5888;0.6839;0.4203;0.6936;0.6392;0.6936;0.5811;0.6322;0.5425;0.6322;0.4993;0.5263;not-balanced;80;10;kbest;['fear', 'anticipation', 'trust', 'sadness', 'disgust'];{'fear': 0.0056, 'anticipation': 0.0053, 'trust': 0.0052, 'sadness': 0.0066, 'disgust': 0.005};RandomForestClassifier()
RandomForestClassifier;0.6857;0.601;0.6857;0.4243;0.6738;0.5756;0.6738;0.5576;0.632;0.5431;0.632;0.4999;0.5224;not-balanced;80;10;kbest;['fear', 'anticipation', 'trust', 'sadness', 'disgust'];{'fear': 0.0068, 'anticipation': 0.0054, 'trust': 0.0062, 'sadness': 0.0073, 'disgust': 0.0053};RandomForestClassifier()
RandomForestClassifier;0.6773;0.5803;0.6773;0.4337;0.6903;0.6266;0.6903;0.5955;0.6317;0.5623;0.6317;0.5092;0.5236;not-balanced;100;10;kbest;['fear', 'anger', 'anticipation', 'trust', 'surprise', 'sadness', 'disgust', 'joy'];{'fear': 0.0214, 'anger': 0.0144, 'anticipation': 0.0161, 'trust': 0.0174, 'surprise': 0.0111, 'sadness': 0.0145, 'disgust': 0.0111, 'joy': 0.011};RandomForestClassifier()
RandomForestClassifier;0.6823;0.5804;0.6823;0.4201;0.6975;0.6428;0.6975;0.5857;0.6315;0.5327;0.6315;0.4987;0.527;not-balanced;80;10;kbest;['fear', 'anticipation', 'trust', 'sadness', 'disgust'];{'fear': 0.006, 'anticipation': 0.0048, 'trust': 0.006, 'sadness': 0.006, 'disgust': 0.0046};RandomForestClassifier()
RandomForestClassifier;0.6796;0.5891;0.6796;0.4392;0.6632;0.5686;0.6632;0.5568;0.631;0.5589;0.631;0.5096;0.5276;not-balanced;100;10;kbest;['fear', 'anger', 'anticipation', 'trust', 'surprise', 'sadness', 'disgust', 'joy'];{'fear': 0.0165, 'anger': 0.0159, 'anticipation': 0.0154, 'trust': 0.0179, 'surprise': 0.0101, 'sadness': 0.0161, 'disgust': 0.0116, 'joy': 0.0109};RandomForestClassifier()
RandomForestClassifier;0.6791;0.5888;0.6791;0.4376;0.6806;0.5839;0.6806;0.575;0.6309;0.5568;0.6309;0.5085;0.5264;not-balanced;100;10;kbest;['fear', 'anger', 'anticipation', 'trust', 'surprise', 'sadness', 'disgust', 'joy'];{'fear': 0.0177, 'anger': 0.0144, 'anticipation': 0.0152, 'trust': 0.0175, 'surprise': 0.0105, 'sadness': 0.017, 'disgust': 0.0122, 'joy': 0.0111};RandomForestClassifier()
RandomForestClassifier;0.6774;0.5845;0.6774;0.4376;0.68;0.5829;0.68;0.5797;0.6308;0.5564;0.6308;0.5087;0.5267;not-balanced;100;10;kbest;['fear', 'anger', 'anticipation', 'trust', 'surprise', 'sadness', 'disgust', 'joy'];{'fear': 0.0167, 'anger': 0.017, 'anticipation': 0.0167, 'trust': 0.0171, 'surprise': 0.0102, 'sadness': 0.0168, 'disgust': 0.0121, 'joy': 0.0109};RandomForestClassifier()
RandomForestClassifier;0.679;0.5877;0.679;0.4371;0.6812;0.5856;0.6812;0.5792;0.6306;0.556;0.6306;0.5091;0.527;not-balanced;100;10;kbest;['fear', 'anger', 'anticipation', 'trust', 'surprise', 'sadness', 'disgust', 'joy'];{'fear': 0.0163, 'anger': 0.0155, 'anticipation': 0.0151, 'trust': 0.0174, 'surprise': 0.0103, 'sadness': 0.0169, 'disgust': 0.0124, 'joy': 0.0119};RandomForestClassifier()
RandomForestClassifier;0.679;0.5881;0.679;0.4375;0.6785;0.5934;0.6785;0.5749;0.6304;0.5525;0.6304;0.5075;0.5237;not-balanced;100;10;kbest;['fear', 'anger', 'anticipation', 'trust', 'surprise', 'sadness', 'disgust', 'joy'];{'fear': 0.0157, 'anger': 0.0116, 'anticipation': 0.0159, 'trust': 0.017, 'surprise': 0.0102, 'sadness': 0.0162, 'disgust': 0.0114, 'joy': 0.0109};RandomForestClassifier()
RandomForestClassifier;0.6769;0.5865;0.6769;0.4387;0.687;0.5944;0.687;0.588;0.6304;0.5551;0.6304;0.5092;0.5243;not-balanced;100;10;kbest;['fear', 'anger', 'anticipation', 'trust', 'surprise', 'sadness', 'disgust', 'joy'];{'fear': 0.0161, 'anger': 0.0149, 'anticipation': 0.0167, 'trust': 0.0171, 'surprise': 0.0118, 'sadness': 0.0169, 'disgust': 0.0117, 'joy': 0.0119};RandomForestClassifier()
RandomForestClassifier;0.6793;0.5872;0.6793;0.4382;0.6633;0.5327;0.6633;0.5525;0.6303;0.553;0.6303;0.5082;0.5286;not-balanced;100;10;kbest;['fear', 'anger', 'anticipation', 'trust', 'surprise', 'sadness', 'disgust', 'joy'];{'fear': 0.0153, 'anger': 0.0142, 'anticipation': 0.0144, 'trust': 0.0186, 'surprise': 0.0103, 'sadness': 0.0165, 'disgust': 0.0114, 'joy': 0.011};RandomForestClassifier()
RandomForestClassifier;0.6783;0.5887;0.6783;0.4398;0.675;0.5625;0.675;0.5699;0.6302;0.5557;0.6302;0.5101;0.5259;not-balanced;100;10;kbest;['fear', 'anger', 'anticipation', 'trust', 'surprise', 'sadness', 'disgust', 'joy'];{'fear': 0.024, 'anger': 0.0163, 'anticipation': 0.0168, 'trust': 0.0176, 'surprise': 0.0121, 'sadness': 0.0184, 'disgust': 0.0128, 'joy': 0.0127};RandomForestClassifier()
RandomForestClassifier;0.6785;0.5874;0.6785;0.4381;0.6767;0.5717;0.6767;0.574;0.6298;0.5535;0.6298;0.51;0.5287;not-balanced;100;10;kbest;['fear', 'anger', 'anticipation', 'trust', 'surprise', 'sadness', 'disgust', 'joy'];{'fear': 0.0184, 'anger': 0.0121, 'anticipation': 0.0167, 'trust': 0.0194, 'surprise': 0.0116, 'sadness': 0.0173, 'disgust': 0.0117, 'joy': 0.0127};RandomForestClassifier()
RandomForestClassifier;0.7787;0.6797;0.7787;0.4559;0.7846;0.6693;0.7846;0.7022;0.4991;0.5313;0.4991;0.3424;0.5166;not-balanced;100;10;kbest;['fear', 'anger', 'anticipation', 'trust', 'surprise', 'sadness', 'disgust', 'joy'];{'fear': 0.0105, 'anger': 0.0075, 'anticipation': 0.0107, 'trust': 0.011, 'surprise': 0.0089, 'sadness': 0.0106, 'disgust': 0.0088, 'joy': 0.0119};RandomForestClassifier()
RandomForestClassifier;0.7791;0.6753;0.7791;0.4553;0.7692;0.6739;0.7692;0.6811;0.499;0.5253;0.499;0.3429;0.5139;not-balanced;100;10;kbest;['fear', 'anger', 'anticipation', 'trust', 'surprise', 'sadness', 'disgust', 'joy'];{'fear': 0.011, 'anger': 0.0061, 'anticipation': 0.0102, 'trust': 0.01, 'surprise': 0.0095, 'sadness': 0.01, 'disgust': 0.0084, 'joy': 0.0121};RandomForestClassifier()
RandomForestClassifier;0.7788;0.6785;0.7788;0.4563;0.7773;0.6581;0.7773;0.6952;0.4989;0.5245;0.4989;0.3428;0.5136;not-balanced;100;10;kbest;['fear', 'anger', 'anticipation', 'trust', 'surprise', 'sadness', 'disgust', 'joy'];{'fear': 0.0109, 'anger': 0.0073, 'anticipation': 0.0104, 'trust': 0.0109, 'surprise': 0.01, 'sadness': 0.0101, 'disgust': 0.008, 'joy': 0.0119};RandomForestClassifier()
RandomForestClassifier;0.7797;0.6769;0.7797;0.4548;0.7746;0.679;0.7746;0.6897;0.4988;0.5224;0.4988;0.342;0.5218;not-balanced;100;10;kbest;['fear', 'anger', 'anticipation', 'trust', 'surprise', 'sadness', 'disgust', 'joy'];{'fear': 0.0103, 'anger': 0.0074, 'anticipation': 0.0097, 'trust': 0.0114, 'surprise': 0.0086, 'sadness': 0.0096, 'disgust': 0.0075, 'joy': 0.013};RandomForestClassifier()
RandomForestClassifier;0.7797;0.6757;0.7797;0.4548;0.7714;0.677;0.7714;0.6822;0.4987;0.5211;0.4987;0.3421;0.5164;not-balanced;100;10;kbest;['fear', 'anger', 'anticipation', 'trust', 'surprise', 'sadness', 'disgust', 'joy'];{'fear': 0.0106, 'anger': 0.0064, 'anticipation': 0.0102, 'trust': 0.0104, 'surprise': 0.0087, 'sadness': 0.0098, 'disgust': 0.0075, 'joy': 0.0114};RandomForestClassifier()
RandomForestClassifier;0.7781;0.6714;0.7781;0.4538;0.7825;0.6843;0.7825;0.6997;0.4986;0.5197;0.4986;0.3413;0.5186;not-balanced;100;10;kbest;['fear', 'anger', 'anticipation', 'trust', 'surprise', 'sadness', 'disgust', 'joy'];{'fear': 0.0101, 'anger': 0.0065, 'anticipation': 0.0096, 'trust': 0.0106, 'surprise': 0.0081, 'sadness': 0.009, 'disgust': 0.0073, 'joy': 0.011};RandomForestClassifier()
RandomForestClassifier;0.7802;0.6823;0.7802;0.4563;0.7798;0.6808;0.7798;0.696;0.4986;0.5214;0.4986;0.3411;0.512;not-balanced;100;10;kbest;['fear', 'anger', 'anticipation', 'trust', 'surprise', 'sadness', 'disgust', 'joy'];{'fear': 0.0106, 'anger': 0.0071, 'anticipation': 0.0093, 'trust': 0.0104, 'surprise': 0.0087, 'sadness': 0.0118, 'disgust': 0.008, 'joy': 0.011};RandomForestClassifier()
RandomForestClassifier;0.7793;0.6795;0.7793;0.4555;0.7825;0.6711;0.7825;0.6974;0.4986;0.5217;0.4986;0.3409;0.5205;not-balanced;100;10;kbest;['fear', 'anger', 'anticipation', 'trust', 'surprise', 'sadness', 'disgust', 'joy'];{'fear': 0.0111, 'anger': 0.0067, 'anticipation': 0.0098, 'trust': 0.0104, 'surprise': 0.0086, 'sadness': 0.0088, 'disgust': 0.0077, 'joy': 0.0098};RandomForestClassifier()
RandomForestClassifier;0.7794;0.6802;0.7794;0.4564;0.7795;0.6719;0.7795;0.6958;0.4983;0.5131;0.4983;0.3414;0.5218;not-balanced;100;10;kbest;['fear', 'anger', 'anticipation', 'trust', 'surprise', 'sadness', 'disgust', 'joy'];{'fear': 0.0101, 'anger': 0.0077, 'anticipation': 0.0116, 'trust': 0.0106, 'surprise': 0.0087, 'sadness': 0.0096, 'disgust': 0.0071, 'joy': 0.0112};RandomForestClassifier()
RandomForestClassifier;0.7782;0.6774;0.7782;0.4548;0.7912;0.7004;0.7912;0.7097;0.4982;0.5089;0.4982;0.3416;0.5187;not-balanced;100;10;kbest;['fear', 'anger', 'anticipation', 'trust', 'surprise', 'sadness', 'disgust', 'joy'];{'fear': 0.0097, 'anger': 0.0066, 'anticipation': 0.0106, 'trust': 0.0103, 'surprise': 0.0088, 'sadness': 0.0098, 'disgust': 0.0079, 'joy': 0.0105};RandomForestClassifier()
RandomForestClassifier;0.7856;0.6172;0.7856;0.4399;0.787;0.6193;0.787;0.6932;0.4977;0.2477;0.4977;0.3308;0.5177;not-balanced;60;10;kbest;['trust', 'joy'];{'trust': 0.0, 'joy': 0.0};RandomForestClassifier()
RandomForestClassifier;0.787;0.6194;0.787;0.4404;0.774;0.5991;0.774;0.6754;0.4977;0.2477;0.4977;0.3308;0.5138;not-balanced;50;10;kbest;['joy'];{'joy': 0.0};RandomForestClassifier()
RandomForestClassifier;0.7852;0.6223;0.7852;0.44;0.7888;0.6222;0.7888;0.6957;0.4977;0.2477;0.4977;0.3308;0.5171;not-balanced;60;10;kbest;['trust', 'joy'];{'trust': 0.0, 'joy': 0.0};RandomForestClassifier()
RandomForestClassifier;0.7837;0.6754;0.7837;0.4424;0.7913;0.6884;0.7913;0.7029;0.4977;0.4924;0.4977;0.3322;0.523;not-balanced;70;10;kbest;['anticipation', 'trust', 'disgust', 'joy'];{'anticipation': 0.0024, 'trust': 0.0023, 'disgust': 0.0012, 'joy': 0.0036};RandomForestClassifier()
RandomForestClassifier;0.7857;0.6174;0.7857;0.44;0.7858;0.6174;0.7858;0.6915;0.4977;0.2477;0.4977;0.3308;0.5126;not-balanced;50;10;kbest;['joy'];{'joy': 0.0};RandomForestClassifier()
RandomForestClassifier;0.7854;0.6454;0.7854;0.4405;0.7858;0.6174;0.7858;0.6915;0.4977;0.2477;0.4977;0.3308;0.5182;not-balanced;60;10;kbest;['trust', 'joy'];{'trust': 0.0, 'joy': 0.0};RandomForestClassifier()
RandomForestClassifier;0.7854;0.6168;0.7854;0.4399;0.7888;0.6222;0.7888;0.6957;0.4977;0.2477;0.4977;0.3308;0.5126;not-balanced;50;10;kbest;['joy'];{'joy': 0.0};RandomForestClassifier()
RandomForestClassifier;0.7854;0.6168;0.7854;0.4399;0.7888;0.6222;0.7888;0.6957;0.4977;0.2477;0.4977;0.3308;0.5126;not-balanced;50;10;kbest;['joy'];{'joy': 0.0};RandomForestClassifier()
RandomForestClassifier;0.7851;0.6294;0.7851;0.4401;0.7888;0.6222;0.7888;0.6957;0.4977;0.2477;0.4977;0.3308;0.5146;not-balanced;60;10;kbest;['trust', 'joy'];{'trust': 0.0, 'joy': 0.0};RandomForestClassifier()
RandomForestClassifier;0.7854;0.6169;0.7854;0.4399;0.7885;0.6217;0.7885;0.6952;0.4977;0.2477;0.4977;0.3308;0.5131;not-balanced;50;10;kbest;['joy'];{'joy': 0.0};RandomForestClassifier()
RandomForestClassifier;0.7868;0.6194;0.7868;0.4403;0.774;0.5991;0.774;0.6754;0.4977;0.2477;0.4977;0.3308;0.5201;not-balanced;60;10;kbest;['trust', 'joy'];{'trust': 0.0, 'joy': 0.0};RandomForestClassifier()
RandomForestClassifier;0.7846;0.6157;0.7846;0.4397;0.7954;0.6327;0.7954;0.7048;0.4977;0.2477;0.4977;0.3308;0.5119;not-balanced;50;10;kbest;['joy'];{'joy': 0.0};RandomForestClassifier()
RandomForestClassifier;0.7868;0.6192;0.7868;0.4403;0.7753;0.6011;0.7753;0.6772;0.4977;0.2477;0.4977;0.3308;0.5149;not-balanced;60;10;kbest;['trust', 'joy'];{'trust': 0.0, 'joy': 0.0};RandomForestClassifier()
RandomForestClassifier;0.7863;0.6183;0.7863;0.4402;0.7804;0.609;0.7804;0.6841;0.4977;0.2477;0.4977;0.3308;0.5123;not-balanced;50;10;kbest;['joy'];{'joy': 0.0};RandomForestClassifier()
RandomForestClassifier;0.7863;0.6183;0.7863;0.4402;0.7804;0.609;0.7804;0.6841;0.4977;0.2477;0.4977;0.3308;0.5204;not-balanced;60;10;kbest;['disgust', 'joy'];{'disgust': 0.0, 'joy': 0.0};RandomForestClassifier()
RandomForestClassifier;0.7869;0.6192;0.7869;0.4404;0.7753;0.6011;0.7753;0.6772;0.4977;0.2477;0.4977;0.3308;0.5123;not-balanced;50;10;kbest;['joy'];{'joy': 0.0};RandomForestClassifier()
RandomForestClassifier;0.7846;0.6157;0.7846;0.4397;0.7954;0.6327;0.7954;0.7048;0.4977;0.2477;0.4977;0.3308;0.5168;not-balanced;60;10;kbest;['trust', 'joy'];{'trust': 0.0, 'joy': 0.0};RandomForestClassifier()
RandomForestClassifier;0.7849;0.6161;0.7849;0.4397;0.7931;0.629;0.7931;0.7015;0.4977;0.2477;0.4977;0.3308;0.5123;not-balanced;50;10;kbest;['joy'];{'joy': 0.0};RandomForestClassifier()
RandomForestClassifier;0.7856;0.6172;0.7856;0.4399;0.787;0.6193;0.787;0.6932;0.4977;0.2477;0.4977;0.3308;0.5115;not-balanced;50;10;kbest;['joy'];{'joy': 0.0};RandomForestClassifier()
RandomForestClassifier;0.7853;0.6252;0.7853;0.4402;0.7885;0.6217;0.7885;0.6952;0.4976;0.2477;0.4976;0.3307;0.5183;not-balanced;60;10;kbest;['trust', 'joy'];{'trust': 0.0, 'joy': 0.0};RandomForestClassifier()
RandomForestClassifier;0.7835;0.681;0.7835;0.4447;0.7852;0.6662;0.7852;0.6958;0.4976;0.4882;0.4976;0.3333;0.5238;not-balanced;80;10;kbest;['anticipation', 'trust', 'surprise', 'disgust', 'joy'];{'anticipation': 0.0046, 'trust': 0.004, 'surprise': 0.0028, 'disgust': 0.0018, 'joy': 0.0045};RandomForestClassifier()
RandomForestClassifier;0.7847;0.6979;0.7847;0.4445;0.787;0.6518;0.787;0.6951;0.4975;0.4682;0.4975;0.332;0.5241;not-balanced;70;10;kbest;['anticipation', 'trust', 'disgust', 'joy'];{'anticipation': 0.0027, 'trust': 0.0019, 'disgust': 0.0012, 'joy': 0.0038};RandomForestClassifier()
RandomForestClassifier;0.7824;0.6731;0.7824;0.4451;0.7883;0.6632;0.7883;0.7014;0.4975;0.4888;0.4975;0.3351;0.5255;not-balanced;80;10;kbest;['anticipation', 'trust', 'sadness', 'disgust', 'joy'];{'anticipation': 0.0037, 'trust': 0.0059, 'sadness': 0.0045, 'disgust': 0.0042, 'joy': 0.0044};RandomForestClassifier()
RandomForestClassifier;0.7848;0.6828;0.7848;0.4401;0.7925;0.6289;0.7925;0.7013;0.4975;0.3732;0.4975;0.3309;0.5175;not-balanced;60;10;kbest;['trust', 'joy'];{'trust': 0.0005, 'joy': 0.0011};RandomForestClassifier()
RandomForestClassifier;0.7865;0.7017;0.7865;0.4446;0.7737;0.6897;0.7737;0.6764;0.4975;0.4696;0.4975;0.3321;0.5218;not-balanced;70;10;kbest;['anticipation', 'trust', 'disgust', 'joy'];{'anticipation': 0.0023, 'trust': 0.0019, 'disgust': 0.0012, 'joy': 0.0034};RandomForestClassifier()
RandomForestClassifier;0.7844;0.677;0.7844;0.443;0.7885;0.7069;0.7885;0.6966;0.4974;0.4455;0.4974;0.3316;0.5221;not-balanced;70;10;kbest;['anticipation', 'trust', 'disgust', 'joy'];{'anticipation': 0.0021, 'trust': 0.0016, 'disgust': 0.0011, 'joy': 0.0024};RandomForestClassifier()
RandomForestClassifier;0.7836;0.6796;0.7836;0.4422;0.796;0.7614;0.796;0.7079;0.4974;0.4513;0.4974;0.3318;0.5259;not-balanced;70;10;kbest;['anticipation', 'trust', 'disgust', 'joy'];{'anticipation': 0.0022, 'trust': 0.0019, 'disgust': 0.0012, 'joy': 0.0029};RandomForestClassifier()
RandomForestClassifier;0.785;0.6876;0.785;0.4433;0.7849;0.7004;0.7849;0.6939;0.4974;0.4531;0.4974;0.332;0.5222;not-balanced;70;10;kbest;['anticipation', 'trust', 'disgust', 'joy'];{'anticipation': 0.0023, 'trust': 0.002, 'disgust': 0.0012, 'joy': 0.0031};RandomForestClassifier()
RandomForestClassifier;0.7851;0.7117;0.7851;0.4445;0.7876;0.6573;0.7876;0.6956;0.4974;0.4531;0.4974;0.332;0.5202;not-balanced;70;10;kbest;['anticipation', 'trust', 'disgust', 'joy'];{'anticipation': 0.0024, 'trust': 0.0021, 'disgust': 0.0014, 'joy': 0.0031};RandomForestClassifier()
RandomForestClassifier;0.7844;0.6822;0.7844;0.4458;0.7785;0.664;0.7785;0.6849;0.4974;0.47;0.4974;0.3327;0.5252;not-balanced;80;10;kbest;['anticipation', 'trust', 'surprise', 'disgust', 'joy'];{'anticipation': 0.004, 'trust': 0.0031, 'surprise': 0.002, 'disgust': 0.0017, 'joy': 0.0051};RandomForestClassifier()
RandomForestClassifier;0.785;0.6812;0.785;0.4457;0.7732;0.6612;0.7732;0.6784;0.4974;0.4823;0.4974;0.3344;0.5209;not-balanced;80;10;kbest;['anticipation', 'trust', 'sadness', 'disgust', 'joy'];{'anticipation': 0.0038, 'trust': 0.0041, 'sadness': 0.0031, 'disgust': 0.0028, 'joy': 0.0047};RandomForestClassifier()
RandomForestClassifier;0.786;0.6986;0.786;0.444;0.7747;0.6761;0.7747;0.678;0.4974;0.4421;0.4974;0.3315;0.5237;not-balanced;70;10;kbest;['anticipation', 'trust', 'disgust', 'joy'];{'anticipation': 0.0018, 'trust': 0.0019, 'disgust': 0.001, 'joy': 0.0028};RandomForestClassifier()
RandomForestClassifier;0.783;0.6715;0.783;0.4444;0.7867;0.6605;0.7867;0.6957;0.4974;0.4783;0.4974;0.334;0.5236;not-balanced;80;10;kbest;['anticipation', 'trust', 'sadness', 'disgust', 'joy'];{'anticipation': 0.0035, 'trust': 0.0041, 'sadness': 0.0039, 'disgust': 0.0032, 'joy': 0.0044};RandomForestClassifier()
RandomForestClassifier;0.7832;0.672;0.7832;0.445;0.7855;0.6776;0.7855;0.6941;0.4973;0.475;0.4973;0.3338;0.5253;not-balanced;80;10;kbest;['anticipation', 'trust', 'sadness', 'disgust', 'joy'];{'anticipation': 0.0034, 'trust': 0.004, 'sadness': 0.003, 'disgust': 0.003, 'joy': 0.005};RandomForestClassifier()
RandomForestClassifier;0.7842;0.6706;0.7842;0.4424;0.7858;0.6835;0.7858;0.6943;0.4973;0.4577;0.4973;0.3323;0.5192;not-balanced;70;10;kbest;['anticipation', 'trust', 'disgust', 'joy'];{'anticipation': 0.0028, 'trust': 0.002, 'disgust': 0.0015, 'joy': 0.0034};RandomForestClassifier()
RandomForestClassifier;0.7858;0.6981;0.7858;0.4444;0.7779;0.656;0.7779;0.6846;0.4972;0.4503;0.4972;0.3323;0.5238;not-balanced;70;10;kbest;['anticipation', 'trust', 'disgust', 'joy'];{'anticipation': 0.0025, 'trust': 0.002, 'disgust': 0.0014, 'joy': 0.0037};RandomForestClassifier()
RandomForestClassifier;0.7851;0.6698;0.7851;0.4436;0.7734;0.6899;0.7734;0.6774;0.4971;0.4438;0.4971;0.3324;0.5194;not-balanced;80;10;kbest;['anger', 'anticipation', 'trust', 'disgust', 'joy'];{'anger': 0.0017, 'anticipation': 0.0029, 'trust': 0.0028, 'disgust': 0.0017, 'joy': 0.0041};RandomForestClassifier()
RandomForestClassifier;0.7828;0.6765;0.7828;0.4441;0.7945;0.7152;0.7945;0.7077;0.497;0.4432;0.497;0.3327;0.5171;not-balanced;80;10;kbest;['fear', 'anticipation', 'trust', 'disgust', 'joy'];{'fear': 0.0024, 'anticipation': 0.004, 'trust': 0.0037, 'disgust': 0.0024, 'joy': 0.0042};RandomForestClassifier()
RandomForestClassifier;0.7834;0.676;0.7834;0.4452;0.784;0.6931;0.784;0.6945;0.4969;0.4506;0.4969;0.3333;0.5242;not-balanced;80;10;kbest;['anticipation', 'trust', 'surprise', 'disgust', 'joy'];{'anticipation': 0.004, 'trust': 0.003, 'surprise': 0.0026, 'disgust': 0.0017, 'joy': 0.0045};RandomForestClassifier()
RandomForestClassifier;0.783;0.6653;0.783;0.4434;0.7867;0.6454;0.7867;0.6952;0.4968;0.4149;0.4968;0.332;0.5243;not-balanced;80;10;kbest;['anger', 'anticipation', 'trust', 'disgust', 'joy'];{'anger': 0.0014, 'anticipation': 0.0031, 'trust': 0.0024, 'disgust': 0.0014, 'joy': 0.004};RandomForestClassifier()
RandomForestClassifier;0.6874;0.4726;0.6874;0.2716;0.6822;0.4654;0.6822;0.5534;0.4721;0.2229;0.4721;0.3028;0.5156;not-balanced;60;10;kbest;['surprise', 'joy'];{'surprise': 0.0, 'joy': 0.0};RandomForestClassifier()
RandomForestClassifier;0.6874;0.4727;0.6874;0.2716;0.6822;0.4654;0.6822;0.5534;0.4721;0.2229;0.4721;0.3028;0.5073;not-balanced;50;10;kbest;['surprise'];{'surprise': 0.0};RandomForestClassifier()
RandomForestClassifier;0.6874;0.4726;0.6874;0.2716;0.6825;0.4658;0.6825;0.5537;0.4721;0.2229;0.4721;0.3028;0.5088;not-balanced;50;10;kbest;['surprise'];{'surprise': 0.0};RandomForestClassifier()
RandomForestClassifier;0.6873;0.4724;0.6873;0.2715;0.6836;0.4674;0.6836;0.5552;0.4721;0.2229;0.4721;0.3028;0.5063;not-balanced;50;10;kbest;['surprise'];{'surprise': 0.0};RandomForestClassifier()
RandomForestClassifier;0.6871;0.4723;0.6871;0.2715;0.6848;0.469;0.6848;0.5567;0.4721;0.2229;0.4721;0.3028;0.5076;not-balanced;50;10;kbest;['surprise'];{'surprise': 0.0};RandomForestClassifier()
RandomForestClassifier;0.6847;0.5217;0.6847;0.272;0.6939;0.5208;0.6939;0.5698;0.4721;0.4595;0.4721;0.304;0.5191;not-balanced;70;10;kbest;['trust', 'surprise', 'disgust', 'joy'];{'trust': 0.001, 'surprise': 0.0011, 'disgust': 0.0006, 'joy': 0.002};RandomForestClassifier()
RandomForestClassifier;0.686;0.4707;0.686;0.2713;0.6948;0.4827;0.6948;0.5697;0.4721;0.2229;0.4721;0.3028;0.5138;not-balanced;60;10;kbest;['surprise', 'joy'];{'surprise': 0.0, 'joy': 0.0};RandomForestClassifier()
RandomForestClassifier;0.686;0.4707;0.686;0.2713;0.6948;0.4827;0.6948;0.5697;0.4721;0.2229;0.4721;0.3028;0.5083;not-balanced;50;10;kbest;['surprise'];{'surprise': 0.0};RandomForestClassifier()
RandomForestClassifier;0.6859;0.4706;0.6859;0.2712;0.6957;0.484;0.6957;0.5708;0.4721;0.2229;0.4721;0.3028;0.5134;not-balanced;60;10;kbest;['surprise', 'joy'];{'surprise': 0.0, 'joy': 0.0};RandomForestClassifier()
RandomForestClassifier;0.6859;0.4707;0.6859;0.2712;0.6957;0.484;0.6957;0.5708;0.4721;0.2229;0.4721;0.3028;0.5058;not-balanced;50;10;kbest;['surprise'];{'surprise': 0.0};RandomForestClassifier()
RandomForestClassifier;0.6873;0.4725;0.6873;0.2715;0.6836;0.4674;0.6836;0.5552;0.4721;0.2229;0.4721;0.3028;0.5145;not-balanced;60;10;kbest;['surprise', 'joy'];{'surprise': 0.0, 'joy': 0.0};RandomForestClassifier()
RandomForestClassifier;0.6873;0.4724;0.6873;0.2715;0.6836;0.4674;0.6836;0.5552;0.4721;0.2229;0.4721;0.3028;0.5082;not-balanced;50;10;kbest;['surprise'];{'surprise': 0.0};RandomForestClassifier()
RandomForestClassifier;0.6873;0.4726;0.6873;0.2716;0.6825;0.4658;0.6825;0.5537;0.4721;0.2229;0.4721;0.3028;0.5141;not-balanced;60;10;kbest;['surprise', 'joy'];{'surprise': 0.0, 'joy': 0.0};RandomForestClassifier()
RandomForestClassifier;0.6871;0.4723;0.6871;0.2715;0.6848;0.469;0.6848;0.5567;0.4721;0.2229;0.4721;0.3028;0.5144;not-balanced;60;10;kbest;['surprise', 'joy'];{'surprise': 0.0, 'joy': 0.0};RandomForestClassifier()
RandomForestClassifier;0.687;0.4721;0.687;0.2715;0.6854;0.4698;0.6854;0.5575;0.4721;0.2229;0.4721;0.3028;0.5148;not-balanced;60;10;kbest;['surprise', 'joy'];{'surprise': 0.0, 'joy': 0.0};RandomForestClassifier()
RandomForestClassifier;0.6865;0.4713;0.6865;0.2714;0.6903;0.4765;0.6903;0.5638;0.4721;0.2229;0.4721;0.3028;0.5146;not-balanced;60;10;kbest;['surprise', 'joy'];{'surprise': 0.0, 'joy': 0.0};RandomForestClassifier()
RandomForestClassifier;0.6865;0.4714;0.6865;0.2714;0.6903;0.4765;0.6903;0.5638;0.4721;0.2229;0.4721;0.3028;0.5067;not-balanced;50;10;kbest;['surprise'];{'surprise': 0.0};RandomForestClassifier()
RandomForestClassifier;0.687;0.4721;0.687;0.2715;0.6861;0.4707;0.6861;0.5583;0.4721;0.2229;0.4721;0.3028;0.5086;not-balanced;50;10;kbest;['joy'];{'joy': 0.0};RandomForestClassifier()
RandomForestClassifier;0.6871;0.4721;0.6871;0.2715;0.6854;0.4698;0.6854;0.5575;0.4721;0.2229;0.4721;0.3028;0.5077;not-balanced;50;10;kbest;['surprise'];{'surprise': 0.0};RandomForestClassifier()
RandomForestClassifier;0.6851;0.5031;0.6851;0.2724;0.6897;0.5758;0.6897;0.5647;0.472;0.4717;0.472;0.3038;0.5196;not-balanced;70;10;kbest;['trust', 'surprise', 'disgust', 'joy'];{'trust': 0.0009, 'surprise': 0.0013, 'disgust': 0.0007, 'joy': 0.0008};RandomForestClassifier()
RandomForestClassifier;0.687;0.483;0.687;0.2716;0.6861;0.4707;0.6861;0.5583;0.472;0.3541;0.472;0.3029;0.5151;not-balanced;60;10;kbest;['surprise', 'joy'];{'surprise': 0.0, 'joy': 0.0};RandomForestClassifier()
RandomForestClassifier;0.6862;0.5216;0.6862;0.2723;0.6836;0.569;0.6836;0.5557;0.472;0.4525;0.472;0.3035;0.5211;not-balanced;70;10;kbest;['trust', 'surprise', 'disgust', 'joy'];{'trust': 0.0009, 'surprise': 0.0008, 'disgust': 0.0006, 'joy': 0.0017};RandomForestClassifier()
RandomForestClassifier;0.6872;0.4724;0.6872;0.2715;0.6836;0.4674;0.6836;0.5552;0.472;0.2228;0.472;0.3027;0.5131;not-balanced;60;10;kbest;['surprise', 'joy'];{'surprise': 0.0, 'joy': 0.0};RandomForestClassifier()
RandomForestClassifier;0.683;0.5113;0.683;0.2735;0.6939;0.5524;0.6939;0.5715;0.4719;0.4554;0.4719;0.3064;0.5215;not-balanced;80;10;kbest;['trust', 'surprise', 'sadness', 'disgust', 'joy'];{'trust': 0.0045, 'surprise': 0.0029, 'sadness': 0.0034, 'disgust': 0.0033, 'joy': 0.0038};RandomForestClassifier()
RandomForestClassifier;0.6863;0.5224;0.6863;0.2728;0.683;0.4873;0.683;0.5571;0.4719;0.4231;0.4719;0.304;0.5236;not-balanced;70;10;kbest;['trust', 'surprise', 'disgust', 'joy'];{'trust': 0.0014, 'surprise': 0.0016, 'disgust': 0.0011, 'joy': 0.0012};RandomForestClassifier()
RandomForestClassifier;0.6847;0.4991;0.6847;0.2718;0.6951;0.5318;0.6951;0.5712;0.4719;0.444;0.4719;0.3037;0.5203;not-balanced;70;10;kbest;['trust', 'surprise', 'disgust', 'joy'];{'trust': 0.0011, 'surprise': 0.0008, 'disgust': 0.0007, 'joy': 0.0013};RandomForestClassifier()
RandomForestClassifier;0.6848;0.5457;0.6848;0.2763;0.6818;0.525;0.6818;0.5581;0.4718;0.4425;0.4718;0.3074;0.5281;not-balanced;80;10;kbest;['trust', 'surprise', 'sadness', 'disgust', 'joy'];{'trust': 0.0046, 'surprise': 0.0038, 'sadness': 0.0048, 'disgust': 0.0044, 'joy': 0.0034};RandomForestClassifier()
RandomForestClassifier;0.6791;0.5361;0.6791;0.2835;0.6797;0.5489;0.6797;0.5598;0.4717;0.4659;0.4717;0.314;0.5285;not-balanced;100;10;kbest;['fear', 'anger', 'anticipation', 'trust', 'surprise', 'sadness', 'disgust', 'joy'];{'fear': 0.0132, 'anger': 0.0112, 'anticipation': 0.0129, 'trust': 0.0149, 'surprise': 0.0113, 'sadness': 0.0137, 'disgust': 0.0134, 'joy': 0.0109};RandomForestClassifier()
RandomForestClassifier;0.6828;0.5099;0.6828;0.2733;0.6933;0.5445;0.6933;0.5731;0.4717;0.4265;0.4717;0.3062;0.5227;not-balanced;80;10;kbest;['trust', 'surprise', 'sadness', 'disgust', 'joy'];{'trust': 0.0044, 'surprise': 0.0036, 'sadness': 0.0041, 'disgust': 0.0037, 'joy': 0.0029};RandomForestClassifier()
RandomForestClassifier;0.6838;0.5135;0.6838;0.2739;0.6812;0.5282;0.6812;0.5568;0.4717;0.4361;0.4717;0.3068;0.524;not-balanced;80;10;kbest;['trust', 'surprise', 'sadness', 'disgust', 'joy'];{'trust': 0.0047, 'surprise': 0.0036, 'sadness': 0.0038, 'disgust': 0.0039, 'joy': 0.0038};RandomForestClassifier()
RandomForestClassifier;0.6843;0.5176;0.6843;0.2743;0.6815;0.5401;0.6815;0.5571;0.4716;0.4298;0.4716;0.3056;0.5216;not-balanced;80;10;kbest;['trust', 'surprise', 'sadness', 'disgust', 'joy'];{'trust': 0.0042, 'surprise': 0.0033, 'sadness': 0.004, 'disgust': 0.004, 'joy': 0.0037};RandomForestClassifier()
RandomForestClassifier;0.6862;0.5184;0.6862;0.2731;0.6813;0.5173;0.6813;0.5538;0.4714;0.3868;0.4714;0.3036;0.5223;not-balanced;70;10;kbest;['trust', 'surprise', 'sadness', 'joy'];{'trust': 0.0015, 'surprise': 0.0015, 'sadness': 0.0014, 'joy': 0.0017};RandomForestClassifier()
RandomForestClassifier;0.6847;0.5146;0.6847;0.2741;0.681;0.5431;0.681;0.5545;0.4714;0.4231;0.4714;0.3051;0.524;not-balanced;80;10;kbest;['trust', 'surprise', 'sadness', 'disgust', 'joy'];{'trust': 0.0043, 'surprise': 0.0032, 'sadness': 0.0032, 'disgust': 0.0031, 'joy': 0.0029};RandomForestClassifier()
RandomForestClassifier;0.6839;0.51;0.6839;0.2738;0.6836;0.5031;0.6836;0.5583;0.4714;0.4218;0.4714;0.3064;0.5283;not-balanced;80;10;kbest;['trust', 'surprise', 'sadness', 'disgust', 'joy'];{'trust': 0.0048, 'surprise': 0.0035, 'sadness': 0.0036, 'disgust': 0.0043, 'joy': 0.0038};RandomForestClassifier()
RandomForestClassifier;0.6855;0.5138;0.6855;0.2729;0.6801;0.4948;0.6801;0.553;0.4714;0.3982;0.4714;0.3041;0.5205;not-balanced;70;10;kbest;['trust', 'surprise', 'sadness', 'joy'];{'trust': 0.0018, 'surprise': 0.0016, 'sadness': 0.0016, 'joy': 0.002};RandomForestClassifier()
RandomForestClassifier;0.6855;0.5034;0.6855;0.2727;0.6833;0.5035;0.6833;0.5566;0.4714;0.3855;0.4714;0.3038;0.52;not-balanced;70;10;kbest;['trust', 'surprise', 'sadness', 'joy'];{'trust': 0.0018, 'surprise': 0.0018, 'sadness': 0.0015, 'joy': 0.0026};RandomForestClassifier()
RandomForestClassifier;0.6856;0.5268;0.6856;0.2738;0.6842;0.4923;0.6842;0.5581;0.4713;0.3758;0.4713;0.3039;0.5236;not-balanced;70;10;kbest;['trust', 'surprise', 'sadness', 'joy'];{'trust': 0.002, 'surprise': 0.0018, 'sadness': 0.0014, 'joy': 0.0026};RandomForestClassifier()
RandomForestClassifier;0.6837;0.5281;0.6837;0.2742;0.6876;0.5162;0.6876;0.5644;0.4713;0.4115;0.4713;0.3055;0.5216;not-balanced;80;10;kbest;['trust', 'surprise', 'sadness', 'disgust', 'joy'];{'trust': 0.0048, 'surprise': 0.003, 'sadness': 0.004, 'disgust': 0.0034, 'joy': 0.0042};RandomForestClassifier()
RandomForestClassifier;0.685;0.5253;0.685;0.2743;0.6798;0.503;0.6798;0.5536;0.4713;0.4129;0.4713;0.3052;0.5235;not-balanced;80;10;kbest;['trust', 'surprise', 'sadness', 'disgust', 'joy'];{'trust': 0.0047, 'surprise': 0.0033, 'sadness': 0.0038, 'disgust': 0.0038, 'joy': 0.0029};RandomForestClassifier()
RandomForestClassifier;0.6858;0.5118;0.6858;0.2731;0.6827;0.5065;0.6827;0.5555;0.4713;0.3725;0.4713;0.3036;0.5204;not-balanced;70;10;kbest;['trust', 'surprise', 'sadness', 'joy'];{'trust': 0.0017, 'surprise': 0.002, 'sadness': 0.0012, 'joy': 0.0028};RandomForestClassifier()
RandomForestClassifier;0.6774;0.5311;0.6774;0.2837;0.672;0.5082;0.672;0.5534;0.4712;0.4489;0.4712;0.3129;0.5253;not-balanced;100;10;kbest;['fear', 'anger', 'anticipation', 'trust', 'surprise', 'sadness', 'disgust', 'joy'];{'fear': 0.0144, 'anger': 0.0106, 'anticipation': 0.0129, 'trust': 0.014, 'surprise': 0.0119, 'sadness': 0.0156, 'disgust': 0.0109, 'joy': 0.0095};RandomForestClassifier()
RandomForestClassifier;0.6841;0.5218;0.6841;0.2746;0.6809;0.4846;0.6809;0.5556;0.4712;0.4245;0.4712;0.3067;0.5243;not-balanced;80;10;kbest;['trust', 'surprise', 'sadness', 'disgust', 'joy'];{'trust': 0.0046, 'surprise': 0.0039, 'sadness': 0.0043, 'disgust': 0.0037, 'joy': 0.0041};RandomForestClassifier()
RandomForestClassifier;0.6781;0.5271;0.6781;0.2813;0.677;0.5175;0.677;0.5576;0.4711;0.4571;0.4711;0.3133;0.5238;not-balanced;100;10;kbest;['fear', 'anger', 'anticipation', 'trust', 'surprise', 'sadness', 'disgust', 'joy'];{'fear': 0.0144, 'anger': 0.0104, 'anticipation': 0.0133, 'trust': 0.0136, 'surprise': 0.0124, 'sadness': 0.0148, 'disgust': 0.0139, 'joy': 0.0103};RandomForestClassifier()
RandomForestClassifier;0.6781;0.5372;0.6781;0.2846;0.6788;0.5261;0.6788;0.5648;0.4707;0.449;0.4707;0.3126;0.5258;not-balanced;100;10;kbest;['fear', 'anger', 'anticipation', 'trust', 'surprise', 'sadness', 'disgust', 'joy'];{'fear': 0.0146, 'anger': 0.0112, 'anticipation': 0.0131, 'trust': 0.0152, 'surprise': 0.0107, 'sadness': 0.0149, 'disgust': 0.0104, 'joy': 0.013};RandomForestClassifier()
RandomForestClassifier;0.6772;0.5204;0.6772;0.2802;0.6752;0.5218;0.6752;0.5582;0.4706;0.4578;0.4706;0.313;0.5235;not-balanced;100;10;kbest;['fear', 'anger', 'anticipation', 'trust', 'surprise', 'sadness', 'disgust', 'joy'];{'fear': 0.0154, 'anger': 0.0107, 'anticipation': 0.0134, 'trust': 0.0162, 'surprise': 0.011, 'sadness': 0.0181, 'disgust': 0.0103, 'joy': 0.0118};RandomForestClassifier()
RandomForestClassifier;0.6782;0.5262;0.6782;0.2814;0.674;0.5291;0.674;0.5589;0.4706;0.4468;0.4706;0.3141;0.5257;not-balanced;100;10;kbest;['fear', 'anger', 'anticipation', 'trust', 'surprise', 'sadness', 'disgust', 'joy'];{'fear': 0.0148, 'anger': 0.0112, 'anticipation': 0.0141, 'trust': 0.0163, 'surprise': 0.0111, 'sadness': 0.0155, 'disgust': 0.0141, 'joy': 0.0121};RandomForestClassifier()
RandomForestClassifier;0.6784;0.5297;0.6784;0.2827;0.6735;0.524;0.6735;0.558;0.4706;0.4433;0.4706;0.3138;0.5238;not-balanced;100;10;kbest;['fear', 'anger', 'anticipation', 'trust', 'surprise', 'sadness', 'disgust', 'joy'];{'fear': 0.0144, 'anger': 0.0115, 'anticipation': 0.0142, 'trust': 0.0134, 'surprise': 0.0118, 'sadness': 0.0153, 'disgust': 0.01, 'joy': 0.0109};RandomForestClassifier()
RandomForestClassifier;0.6785;0.53;0.6785;0.2822;0.6788;0.5286;0.6788;0.5612;0.4701;0.4365;0.4701;0.3123;0.5276;not-balanced;100;10;kbest;['fear', 'anger', 'anticipation', 'trust', 'surprise', 'sadness', 'disgust', 'joy'];{'fear': 0.0139, 'anger': 0.01, 'anticipation': 0.0139, 'trust': 0.0151, 'surprise': 0.011, 'sadness': 0.0148, 'disgust': 0.0142, 'joy': 0.0116};RandomForestClassifier()
RandomForestClassifier;0.6776;0.5328;0.6776;0.2829;0.6848;0.5323;0.6848;0.5733;0.47;0.4348;0.47;0.3122;0.5233;not-balanced;100;10;kbest;['fear', 'anger', 'anticipation', 'trust', 'surprise', 'sadness', 'disgust', 'joy'];{'fear': 0.0155, 'anger': 0.0116, 'anticipation': 0.0139, 'trust': 0.0141, 'surprise': 0.0113, 'sadness': 0.0173, 'disgust': 0.0141, 'joy': 0.0119};RandomForestClassifier()
RandomForestClassifier;0.6768;0.5228;0.6768;0.2803;0.6879;0.5307;0.6879;0.5717;0.47;0.432;0.47;0.3112;0.5254;not-balanced;100;10;kbest;['fear', 'anger', 'anticipation', 'trust', 'surprise', 'sadness', 'disgust', 'joy'];{'fear': 0.0143, 'anger': 0.012, 'anticipation': 0.0138, 'trust': 0.0143, 'surprise': 0.0117, 'sadness': 0.016, 'disgust': 0.0106, 'joy': 0.0115};RandomForestClassifier()
