Algorithm,Train Accuracy,Train Precision,Train Recall,Train F1 Score,Test Accuracy,Test Precision,Test Recall,Test F1 Score,Val. Accuracy,Val. Precision,Val. Recall,Val. F1 Score,AUC,Bal. Strategy,% of Features,Folds,Feat. Selec. Strategy,Features,Features Importance,Model
RandomForestClassifier,0.8553,0.8726,0.8553,0.7963,0.8506,0.8705,0.8506,0.8505,0.8563,0.875,0.8563,0.856,0.9648,not-balanced,100,10,kbest,"['fear', 'anger', 'anticipation', 'trust', 'surprise', 'sadness', 'disgust', 'joy', 'a_score']","{'fear': 0.0111, 'anger': 0.0061, 'anticipation': 0.0091, 'trust': 0.0114, 'surprise': 0.0084, 'sadness': 0.012, 'disgust': 0.0072, 'joy': 0.0102, 'a_score': 0.4435}",RandomForestClassifier()
RandomForestClassifier,0.8517,0.8682,0.8517,0.7888,0.8489,0.8674,0.8489,0.8488,0.8562,0.8734,0.8562,0.8558,0.9635,not-balanced,100,10,kbest,"['fear', 'anger', 'anticipation', 'trust', 'surprise', 'sadness', 'disgust', 'joy', 'a_score']","{'fear': 0.0113, 'anger': 0.0064, 'anticipation': 0.0086, 'trust': 0.0107, 'surprise': 0.009, 'sadness': 0.012, 'disgust': 0.0102, 'joy': 0.0096, 'a_score': 0.4398}",RandomForestClassifier()
DecisionTreeClassifier,0.8497,0.8491,0.8497,0.7308,0.8499,0.8404,0.8499,0.8403,0.8559,0.8479,0.8559,0.8466,0.9506,not-balanced,100,10,kbest,"['fear', 'anger', 'anticipation', 'trust', 'surprise', 'sadness', 'disgust', 'joy', 'a_score']","{'fear': 0.012, 'anger': 0.0075, 'anticipation': 0.0099, 'trust': 0.0118, 'surprise': 0.0091, 'sadness': 0.0138, 'disgust': 0.0086, 'joy': 0.0112, 'a_score': 0.4125}",DecisionTreeClassifier()
RandomForestClassifier,0.8533,0.8718,0.8533,0.7928,0.8488,0.8684,0.8488,0.8487,0.8559,0.8745,0.8559,0.8557,0.9644,not-balanced,100,10,kbest,"['fear', 'anger', 'anticipation', 'trust', 'surprise', 'sadness', 'disgust', 'joy', 'a_score']","{'fear': 0.0098, 'anger': 0.0068, 'anticipation': 0.0085, 'trust': 0.0094, 'surprise': 0.0085, 'sadness': 0.0099, 'disgust': 0.01, 'joy': 0.0102, 'a_score': 0.4437}",RandomForestClassifier()
RandomForestClassifier,0.8526,0.8703,0.8526,0.7929,0.8501,0.8711,0.8501,0.8503,0.8557,0.8759,0.8557,0.8557,0.9645,not-balanced,100,10,kbest,"['fear', 'anger', 'anticipation', 'trust', 'surprise', 'sadness', 'disgust', 'joy', 'a_score']","{'fear': 0.0112, 'anger': 0.0071, 'anticipation': 0.0095, 'trust': 0.0101, 'surprise': 0.0076, 'sadness': 0.0103, 'disgust': 0.0111, 'joy': 0.0099, 'a_score': 0.4436}",RandomForestClassifier()
RandomForestClassifier,0.8516,0.8686,0.8516,0.7882,0.8519,0.8707,0.8519,0.8517,0.8557,0.873,0.8557,0.8553,0.9635,not-balanced,100,10,kbest,"['fear', 'anger', 'anticipation', 'trust', 'surprise', 'sadness', 'disgust', 'joy', 'a_score']","{'fear': 0.0104, 'anger': 0.0068, 'anticipation': 0.0091, 'trust': 0.0105, 'surprise': 0.0086, 'sadness': 0.0108, 'disgust': 0.0102, 'joy': 0.0093, 'a_score': 0.4385}",RandomForestClassifier()
RandomForestClassifier,0.8508,0.8681,0.8508,0.7877,0.8515,0.8713,0.8515,0.8513,0.8555,0.8733,0.8555,0.855,0.9638,not-balanced,100,10,kbest,"['fear', 'anger', 'anticipation', 'trust', 'surprise', 'sadness', 'disgust', 'joy', 'a_score']","{'fear': 0.0095, 'anger': 0.006, 'anticipation': 0.0091, 'trust': 0.0089, 'surprise': 0.008, 'sadness': 0.0119, 'disgust': 0.008, 'joy': 0.009, 'a_score': 0.4414}",RandomForestClassifier()
DecisionTreeClassifier,0.8495,0.8558,0.8495,0.7528,0.8512,0.8659,0.8512,0.8509,0.8554,0.8705,0.8554,0.8553,0.9508,not-balanced,100,10,kbest,"['fear', 'anger', 'anticipation', 'trust', 'surprise', 'sadness', 'disgust', 'joy', 'a_score']","{'fear': 0.0131, 'anger': 0.0085, 'anticipation': 0.011, 'trust': 0.0125, 'surprise': 0.0101, 'sadness': 0.0146, 'disgust': 0.0105, 'joy': 0.0101, 'a_score': 0.4378}",DecisionTreeClassifier()
RandomForestClassifier,0.8511,0.8681,0.8511,0.7884,0.8492,0.8678,0.8492,0.8489,0.8552,0.8726,0.8552,0.8547,0.9633,not-balanced,100,10,kbest,"['fear', 'anger', 'anticipation', 'trust', 'surprise', 'sadness', 'disgust', 'joy', 'a_score']","{'fear': 0.0101, 'anger': 0.0062, 'anticipation': 0.0099, 'trust': 0.0102, 'surprise': 0.0076, 'sadness': 0.0107, 'disgust': 0.0079, 'joy': 0.0101, 'a_score': 0.4408}",RandomForestClassifier()
RandomForestClassifier,0.8525,0.8688,0.8525,0.7917,0.8497,0.8679,0.8497,0.8496,0.8552,0.8725,0.8552,0.8549,0.9636,not-balanced,100,10,kbest,"['fear', 'anger', 'anticipation', 'trust', 'surprise', 'sadness', 'disgust', 'joy', 'a_score']","{'fear': 0.0095, 'anger': 0.0061, 'anticipation': 0.0084, 'trust': 0.0111, 'surprise': 0.0085, 'sadness': 0.0122, 'disgust': 0.0094, 'joy': 0.0084, 'a_score': 0.4398}",RandomForestClassifier()
RandomForestClassifier,0.8519,0.8704,0.8519,0.7916,0.8509,0.8712,0.8509,0.8509,0.8552,0.8745,0.8552,0.8551,0.964,not-balanced,100,10,kbest,"['fear', 'anger', 'anticipation', 'trust', 'surprise', 'sadness', 'disgust', 'joy', 'a_score']","{'fear': 0.0106, 'anger': 0.0064, 'anticipation': 0.0094, 'trust': 0.0097, 'surprise': 0.0088, 'sadness': 0.0125, 'disgust': 0.0103, 'joy': 0.0098, 'a_score': 0.4388}",RandomForestClassifier()
DecisionTreeClassifier,0.8509,0.8652,0.8509,0.7863,0.8532,0.8691,0.8532,0.8531,0.8549,0.8703,0.8549,0.8548,0.9506,not-balanced,100,10,kbest,"['fear', 'anger', 'anticipation', 'trust', 'surprise', 'sadness', 'disgust', 'joy', 'a_score']","{'fear': 0.0113, 'anger': 0.007, 'anticipation': 0.0109, 'trust': 0.0128, 'surprise': 0.0101, 'sadness': 0.0121, 'disgust': 0.0112, 'joy': 0.0112, 'a_score': 0.439}",DecisionTreeClassifier()
DecisionTreeClassifier,0.8471,0.8462,0.8471,0.726,0.8503,0.8386,0.8503,0.8386,0.8543,0.8446,0.8543,0.8424,0.9506,not-balanced,100,10,kbest,"['fear', 'anger', 'anticipation', 'trust', 'surprise', 'sadness', 'disgust', 'joy', 'a_score']","{'fear': 0.0117, 'anger': 0.0082, 'anticipation': 0.0101, 'trust': 0.0128, 'surprise': 0.0096, 'sadness': 0.013, 'disgust': 0.0083, 'joy': 0.0093, 'a_score': 0.4114}",DecisionTreeClassifier()
DecisionTreeClassifier,0.8505,0.8538,0.8505,0.7415,0.852,0.866,0.852,0.8522,0.8542,0.8683,0.8542,0.8544,0.9521,not-balanced,100,10,kbest,"['fear', 'anger', 'anticipation', 'trust', 'surprise', 'sadness', 'disgust', 'joy', 'a_score']","{'fear': 0.0137, 'anger': 0.0076, 'anticipation': 0.0112, 'trust': 0.0129, 'surprise': 0.0086, 'sadness': 0.0198, 'disgust': 0.0084, 'joy': 0.0082, 'a_score': 0.4389}",DecisionTreeClassifier()
DecisionTreeClassifier,0.8477,0.8469,0.8477,0.7241,0.8481,0.8373,0.8481,0.8386,0.8537,0.8452,0.8537,0.8447,0.9497,not-balanced,100,10,kbest,"['fear', 'anger', 'anticipation', 'trust', 'surprise', 'sadness', 'disgust', 'joy', 'a_score']","{'fear': 0.0125, 'anger': 0.0095, 'anticipation': 0.0108, 'trust': 0.012, 'surprise': 0.0093, 'sadness': 0.019, 'disgust': 0.009, 'joy': 0.0095, 'a_score': 0.4122}",DecisionTreeClassifier()
DecisionTreeClassifier,0.8531,0.8438,0.8531,0.7123,0.8492,0.839,0.8492,0.84,0.8537,0.8455,0.8537,0.8451,0.9519,not-balanced,100,10,kbest,"['fear', 'anger', 'anticipation', 'trust', 'surprise', 'sadness', 'disgust', 'joy', 'a_score']","{'fear': 0.0133, 'anger': 0.0092, 'anticipation': 0.0115, 'trust': 0.0115, 'surprise': 0.0094, 'sadness': 0.0212, 'disgust': 0.0092, 'joy': 0.0095, 'a_score': 0.4148}",DecisionTreeClassifier()
RandomForestClassifier,0.8526,0.8698,0.8526,0.7898,0.8501,0.8688,0.8501,0.8504,0.8536,0.8715,0.8536,0.8537,0.9637,not-balanced,100,10,kbest,"['fear', 'anger', 'anticipation', 'trust', 'surprise', 'sadness', 'disgust', 'joy', 'a_score']","{'fear': 0.0118, 'anger': 0.0055, 'anticipation': 0.0102, 'trust': 0.0106, 'surprise': 0.0075, 'sadness': 0.0172, 'disgust': 0.0066, 'joy': 0.0099, 'a_score': 0.4406}",RandomForestClassifier()
DecisionTreeClassifier,0.8502,0.864,0.8502,0.7832,0.8513,0.863,0.8513,0.8514,0.8534,0.8649,0.8534,0.8534,0.9496,not-balanced,100,10,kbest,"['fear', 'anger', 'anticipation', 'trust', 'surprise', 'sadness', 'disgust', 'joy', 'a_score']","{'fear': 0.0124, 'anger': 0.0083, 'anticipation': 0.0109, 'trust': 0.0132, 'surprise': 0.0099, 'sadness': 0.0188, 'disgust': 0.0093, 'joy': 0.0104, 'a_score': 0.4378}",DecisionTreeClassifier()
DecisionTreeClassifier,0.8495,0.8503,0.8495,0.7313,0.8474,0.837,0.8474,0.8381,0.8533,0.8447,0.8533,0.8444,0.9528,not-balanced,100,10,kbest,"['fear', 'anger', 'anticipation', 'trust', 'surprise', 'sadness', 'disgust', 'joy', 'a_score']","{'fear': 0.0133, 'anger': 0.0082, 'anticipation': 0.0112, 'trust': 0.0126, 'surprise': 0.0085, 'sadness': 0.0206, 'disgust': 0.0094, 'joy': 0.0097, 'a_score': 0.4118}",DecisionTreeClassifier()
DecisionTreeClassifier,0.848,0.8449,0.848,0.7192,0.8498,0.8381,0.8498,0.838,0.8527,0.8433,0.8527,0.841,0.9506,not-balanced,100,10,kbest,"['fear', 'anger', 'anticipation', 'trust', 'surprise', 'sadness', 'disgust', 'joy', 'a_score']","{'fear': 0.0121, 'anger': 0.0091, 'anticipation': 0.0115, 'trust': 0.0138, 'surprise': 0.0096, 'sadness': 0.0199, 'disgust': 0.01, 'joy': 0.0093, 'a_score': 0.4107}",DecisionTreeClassifier()
