Algorithm,Train Accuracy,Train Precision,Train Recall,Train F1 Score,Test Accuracy,Test Precision,Test Recall,Test F1 Score,Val. Accuracy,Val. Precision,Val. Recall,Val. F1 Score,AUC,Bal. Strategy,% of Features,Folds,Feat. Selec. Strategy,Features,Features Importance,Model
RandomForestClassifier,0.8391,0.832,0.8391,0.715,0.8441,0.8391,0.8441,0.8369,0.8506,0.8445,0.8506,0.843,0.9606,not-balanced,100,10,kbest,"['fear', 'anger', 'anticipation', 'trust', 'surprise', 'sadness', 'disgust', 'joy', 'a_score']","{'fear': 0.0104, 'anger': 0.0066, 'anticipation': 0.0089, 'trust': 0.0097, 'surprise': 0.009, 'sadness': 0.0116, 'disgust': 0.007, 'joy': 0.007, 'a_score': 0.4141}",RandomForestClassifier()
RandomForestClassifier,0.8408,0.8339,0.8408,0.7207,0.8448,0.8381,0.8448,0.8374,0.8501,0.8429,0.8501,0.8428,0.9606,not-balanced,100,10,kbest,"['fear', 'anger', 'anticipation', 'trust', 'surprise', 'sadness', 'disgust', 'joy', 'a_score']","{'fear': 0.0105, 'anger': 0.0063, 'anticipation': 0.0098, 'trust': 0.0108, 'surprise': 0.0112, 'sadness': 0.0171, 'disgust': 0.0104, 'joy': 0.0086, 'a_score': 0.4142}",RandomForestClassifier()
RandomForestClassifier,0.8378,0.845,0.8378,0.743,0.8448,0.8381,0.8448,0.8367,0.85,0.843,0.85,0.8417,0.9615,not-balanced,100,10,kbest,"['fear', 'anger', 'anticipation', 'trust', 'surprise', 'sadness', 'disgust', 'joy', 'a_score']","{'fear': 0.0094, 'anger': 0.0059, 'anticipation': 0.0092, 'trust': 0.0122, 'surprise': 0.0103, 'sadness': 0.0124, 'disgust': 0.0086, 'joy': 0.0087, 'a_score': 0.4198}",RandomForestClassifier()
RandomForestClassifier,0.8437,0.8368,0.8437,0.716,0.8459,0.8389,0.8459,0.8381,0.8499,0.8421,0.8499,0.8418,0.9602,not-balanced,100,10,kbest,"['fear', 'anger', 'anticipation', 'trust', 'surprise', 'sadness', 'disgust', 'joy', 'a_score']","{'fear': 0.0075, 'anger': 0.0073, 'anticipation': 0.0083, 'trust': 0.0132, 'surprise': 0.0107, 'sadness': 0.0196, 'disgust': 0.0106, 'joy': 0.0074, 'a_score': 0.4127}",RandomForestClassifier()
RandomForestClassifier,0.8388,0.8354,0.8388,0.7184,0.8441,0.8365,0.8441,0.8354,0.8499,0.8419,0.8499,0.8413,0.9598,not-balanced,100,10,kbest,"['fear', 'anger', 'anticipation', 'trust', 'surprise', 'sadness', 'disgust', 'joy', 'a_score']","{'fear': 0.0083, 'anger': 0.007, 'anticipation': 0.0109, 'trust': 0.015, 'surprise': 0.01, 'sadness': 0.0118, 'disgust': 0.0092, 'joy': 0.0083, 'a_score': 0.4147}",RandomForestClassifier()
RandomForestClassifier,0.8393,0.8378,0.8393,0.7264,0.8457,0.8394,0.8457,0.838,0.8498,0.8434,0.8498,0.8424,0.9613,not-balanced,100,10,kbest,"['fear', 'anger', 'anticipation', 'trust', 'surprise', 'sadness', 'disgust', 'joy', 'a_score']","{'fear': 0.0071, 'anger': 0.0054, 'anticipation': 0.0083, 'trust': 0.0134, 'surprise': 0.0101, 'sadness': 0.0112, 'disgust': 0.0086, 'joy': 0.0077, 'a_score': 0.4181}",RandomForestClassifier()
RandomForestClassifier,0.837,0.8358,0.837,0.7035,0.847,0.8403,0.847,0.8387,0.8496,0.8422,0.8496,0.8413,0.9596,not-balanced,100,10,kbest,"['fear', 'anger', 'anticipation', 'trust', 'surprise', 'sadness', 'disgust', 'joy', 'a_score']","{'fear': 0.0089, 'anger': 0.0073, 'anticipation': 0.0103, 'trust': 0.0125, 'surprise': 0.0104, 'sadness': 0.0115, 'disgust': 0.0064, 'joy': 0.0078, 'a_score': 0.4165}",RandomForestClassifier()
RandomForestClassifier,0.8333,0.8301,0.8333,0.7035,0.8434,0.8351,0.8434,0.8351,0.849,0.8405,0.849,0.8407,0.9596,not-balanced,100,10,kbest,"['fear', 'anger', 'anticipation', 'trust', 'surprise', 'sadness', 'disgust', 'joy', 'a_score']","{'fear': 0.0096, 'anger': 0.0061, 'anticipation': 0.0064, 'trust': 0.014, 'surprise': 0.0088, 'sadness': 0.0156, 'disgust': 0.0127, 'joy': 0.0071, 'a_score': 0.4138}",RandomForestClassifier()
RandomForestClassifier,0.8468,0.85,0.8468,0.7495,0.8421,0.8349,0.8421,0.8347,0.8486,0.8413,0.8486,0.8412,0.9627,not-balanced,100,10,kbest,"['fear', 'anger', 'anticipation', 'trust', 'surprise', 'sadness', 'disgust', 'joy', 'a_score']","{'fear': 0.0089, 'anger': 0.0061, 'anticipation': 0.0116, 'trust': 0.015, 'surprise': 0.011, 'sadness': 0.0167, 'disgust': 0.011, 'joy': 0.0069, 'a_score': 0.414}",RandomForestClassifier()
DecisionTreeClassifier,0.8465,0.8625,0.8465,0.7801,0.8389,0.8608,0.8389,0.8397,0.8483,0.8692,0.8483,0.8488,0.9426,not-balanced,100,10,kbest,"['fear', 'anger', 'anticipation', 'trust', 'surprise', 'sadness', 'disgust', 'joy', 'a_score']","{'fear': 0.0123, 'anger': 0.0092, 'anticipation': 0.013, 'trust': 0.0154, 'surprise': 0.0131, 'sadness': 0.0118, 'disgust': 0.0128, 'joy': 0.0069, 'a_score': 0.4423}",DecisionTreeClassifier()
DecisionTreeClassifier,0.8396,0.8389,0.8396,0.722,0.8364,0.8259,0.8364,0.827,0.848,0.8385,0.848,0.839,0.9375,not-balanced,100,10,kbest,"['fear', 'anger', 'anticipation', 'trust', 'surprise', 'sadness', 'disgust', 'joy', 'a_score']","{'fear': 0.0128, 'anger': 0.0093, 'anticipation': 0.0128, 'trust': 0.0139, 'surprise': 0.0116, 'sadness': 0.0159, 'disgust': 0.0086, 'joy': 0.0129, 'a_score': 0.4143}",DecisionTreeClassifier()
DecisionTreeClassifier,0.8363,0.8402,0.8363,0.7299,0.8376,0.8585,0.8376,0.8383,0.8479,0.8684,0.8479,0.8485,0.9389,not-balanced,100,10,kbest,"['fear', 'anger', 'anticipation', 'trust', 'surprise', 'sadness', 'disgust', 'joy', 'a_score']","{'fear': 0.0137, 'anger': 0.0097, 'anticipation': 0.0132, 'trust': 0.0149, 'surprise': 0.0107, 'sadness': 0.0152, 'disgust': 0.012, 'joy': 0.0076, 'a_score': 0.4428}",DecisionTreeClassifier()
DecisionTreeClassifier,0.8442,0.8551,0.8442,0.7642,0.8371,0.8549,0.8371,0.838,0.8476,0.8649,0.8476,0.8482,0.9425,not-balanced,100,10,kbest,"['fear', 'anger', 'anticipation', 'trust', 'surprise', 'sadness', 'disgust', 'joy', 'a_score']","{'fear': 0.0146, 'anger': 0.0091, 'anticipation': 0.0158, 'trust': 0.0141, 'surprise': 0.0118, 'sadness': 0.0135, 'disgust': 0.0129, 'joy': 0.0086, 'a_score': 0.4464}",DecisionTreeClassifier()
DecisionTreeClassifier,0.8416,0.8339,0.8416,0.7114,0.8355,0.8236,0.8355,0.8252,0.8476,0.8373,0.8476,0.8381,0.9386,not-balanced,100,10,kbest,"['fear', 'anger', 'anticipation', 'trust', 'surprise', 'sadness', 'disgust', 'joy', 'a_score']","{'fear': 0.0132, 'anger': 0.01, 'anticipation': 0.0132, 'trust': 0.0163, 'surprise': 0.0106, 'sadness': 0.0106, 'disgust': 0.0108, 'joy': 0.0152, 'a_score': 0.4172}",DecisionTreeClassifier()
DecisionTreeClassifier,0.8425,0.8484,0.8425,0.7416,0.836,0.8254,0.836,0.827,0.8475,0.8387,0.8475,0.8393,0.9407,not-balanced,100,10,kbest,"['fear', 'anger', 'anticipation', 'trust', 'surprise', 'sadness', 'disgust', 'joy', 'a_score']","{'fear': 0.0133, 'anger': 0.0118, 'anticipation': 0.0136, 'trust': 0.0159, 'surprise': 0.0104, 'sadness': 0.0132, 'disgust': 0.0138, 'joy': 0.009, 'a_score': 0.4165}",DecisionTreeClassifier()
DecisionTreeClassifier,0.841,0.8496,0.841,0.7508,0.8355,0.8574,0.8355,0.8362,0.8474,0.8676,0.8474,0.848,0.9443,not-balanced,100,10,kbest,"['fear', 'anger', 'anticipation', 'trust', 'surprise', 'sadness', 'disgust', 'joy', 'a_score']","{'fear': 0.0122, 'anger': 0.0088, 'anticipation': 0.0131, 'trust': 0.013, 'surprise': 0.0104, 'sadness': 0.0147, 'disgust': 0.0095, 'joy': 0.0084, 'a_score': 0.4391}",DecisionTreeClassifier()
DecisionTreeClassifier,0.8387,0.8353,0.8387,0.704,0.8364,0.8243,0.8364,0.8256,0.8474,0.8374,0.8474,0.8377,0.9334,not-balanced,100,10,kbest,"['fear', 'anger', 'anticipation', 'trust', 'surprise', 'sadness', 'disgust', 'joy', 'a_score']","{'fear': 0.0136, 'anger': 0.0108, 'anticipation': 0.0147, 'trust': 0.0153, 'surprise': 0.0101, 'sadness': 0.0162, 'disgust': 0.0123, 'joy': 0.0088, 'a_score': 0.4117}",DecisionTreeClassifier()
RandomForestClassifier,0.8423,0.8614,0.8423,0.7873,0.8432,0.8641,0.8432,0.8433,0.8474,0.8681,0.8474,0.8482,0.9607,not-balanced,100,10,kbest,"['fear', 'anger', 'anticipation', 'trust', 'surprise', 'sadness', 'disgust', 'joy', 'a_score']","{'fear': 0.01, 'anger': 0.0064, 'anticipation': 0.0088, 'trust': 0.0119, 'surprise': 0.0117, 'sadness': 0.0187, 'disgust': 0.0109, 'joy': 0.0072, 'a_score': 0.4418}",RandomForestClassifier()
DecisionTreeClassifier,0.845,0.8374,0.845,0.7118,0.8371,0.8265,0.8371,0.8278,0.8469,0.8376,0.8469,0.8383,0.94,not-balanced,100,10,kbest,"['fear', 'anger', 'anticipation', 'trust', 'surprise', 'sadness', 'disgust', 'joy', 'a_score']","{'fear': 0.0097, 'anger': 0.01, 'anticipation': 0.0148, 'trust': 0.0168, 'surprise': 0.008, 'sadness': 0.0157, 'disgust': 0.0102, 'joy': 0.0133, 'a_score': 0.4193}",DecisionTreeClassifier()
DecisionTreeClassifier,0.8381,0.8309,0.8381,0.6997,0.8353,0.8246,0.8353,0.8264,0.8448,0.8349,0.8448,0.8363,0.9392,not-balanced,100,10,kbest,"['fear', 'anger', 'anticipation', 'trust', 'surprise', 'sadness', 'disgust', 'joy', 'a_score']","{'fear': 0.0133, 'anger': 0.013, 'anticipation': 0.0135, 'trust': 0.0138, 'surprise': 0.0094, 'sadness': 0.0193, 'disgust': 0.0099, 'joy': 0.0119, 'a_score': 0.4163}",DecisionTreeClassifier()
