Algorithm;Train Accuracy;Train Precision;Train Recall;Train F1 Score;Test Accuracy;Test Precision;Test Recall;Test F1 Score;Val. Accuracy;Val. Precision;Val. Recall;Val. F1 Score;AUC;Bal. Strategy;% of Features;Folds;Feat. Selec. Strategy;Features;Features Importance;Model
DecisionTreeClassifier;1.0;1.0;1.0;1.0;1.0;1.0;1.0;1.0;1.0;1.0;1.0;1.0;1.0;not-balanced;100;10;kbest;['fear', 'anger', 'anticipation', 'trust', 'surprise', 'sadness', 'disgust', 'joy', 'e_score', 'a_score'];{'fear': 0.0, 'anger': 0.0, 'anticipation': 0.0, 'trust': 0.0, 'surprise': 0.0, 'sadness': 0.0, 'disgust': 0.0, 'joy': 0.0, 'e_score': 0.2156, 'a_score': 0.2351};DecisionTreeClassifier()
DecisionTreeClassifier;1.0;1.0;1.0;1.0;1.0;1.0;1.0;1.0;1.0;1.0;1.0;1.0;1.0;not-balanced;100;10;kbest;['fear', 'anger', 'anticipation', 'trust', 'surprise', 'sadness', 'disgust', 'joy', 'e_score', 'a_score'];{'fear': 0.0, 'anger': 0.0, 'anticipation': 0.0, 'trust': 0.0, 'surprise': 0.0, 'sadness': 0.0, 'disgust': 0.0, 'joy': 0.0, 'e_score': 0.2161, 'a_score': 0.237};DecisionTreeClassifier()
DecisionTreeClassifier;1.0;1.0;1.0;1.0;1.0;1.0;1.0;1.0;1.0;1.0;1.0;1.0;1.0;not-balanced;100;10;kbest;['fear', 'anger', 'anticipation', 'trust', 'surprise', 'sadness', 'disgust', 'joy', 'e_score', 'a_score'];{'fear': 0.0, 'anger': 0.0, 'anticipation': 0.0, 'trust': 0.0, 'surprise': 0.0, 'sadness': 0.0, 'disgust': 0.0, 'joy': 0.0, 'e_score': 0.2159, 'a_score': 0.2371};DecisionTreeClassifier()
DecisionTreeClassifier;1.0;1.0;1.0;1.0;1.0;1.0;1.0;1.0;1.0;1.0;1.0;1.0;1.0;not-balanced;100;10;kbest;['fear', 'anger', 'anticipation', 'trust', 'surprise', 'sadness', 'disgust', 'joy', 'e_score', 'a_score'];{'fear': 0.0, 'anger': 0.0, 'anticipation': 0.0, 'trust': 0.0, 'surprise': 0.0, 'sadness': 0.0, 'disgust': 0.0, 'joy': 0.0, 'e_score': 0.2156, 'a_score': 0.2364};DecisionTreeClassifier()
DecisionTreeClassifier;1.0;1.0;1.0;1.0;1.0;1.0;1.0;1.0;1.0;1.0;1.0;1.0;1.0;not-balanced;100;10;kbest;['fear', 'anger', 'anticipation', 'trust', 'surprise', 'sadness', 'disgust', 'joy', 'e_score', 'a_score'];{'fear': 0.0, 'anger': 0.0, 'anticipation': 0.0, 'trust': 0.0, 'surprise': 0.0, 'sadness': 0.0, 'disgust': 0.0, 'joy': 0.0, 'e_score': 0.215, 'a_score': 0.2381};DecisionTreeClassifier()
DecisionTreeClassifier;1.0;1.0;1.0;1.0;1.0;1.0;1.0;1.0;1.0;1.0;1.0;1.0;1.0;not-balanced;100;10;kbest;['fear', 'anger', 'anticipation', 'trust', 'surprise', 'sadness', 'disgust', 'joy', 'e_score', 'a_score'];{'fear': 0.0, 'anger': 0.0, 'anticipation': 0.0, 'trust': 0.0, 'surprise': 0.0, 'sadness': 0.0, 'disgust': 0.0, 'joy': 0.0, 'e_score': 0.2161, 'a_score': 0.2368};DecisionTreeClassifier()
RandomForestClassifier;1.0;1.0;1.0;1.0;1.0;1.0;1.0;1.0;0.9979;0.9979;0.9979;0.9979;1.0;not-balanced;100;10;kbest;['fear', 'anger', 'anticipation', 'trust', 'surprise', 'sadness', 'disgust', 'joy', 'e_score', 'a_score'];{'fear': 0.0, 'anger': 0.0, 'anticipation': 0.0, 'trust': 0.0, 'surprise': 0.0, 'sadness': 0.0, 'disgust': 0.0, 'joy': 0.0, 'e_score': 0.3423, 'a_score': 0.1466};RandomForestClassifier()
RandomForestClassifier;1.0;1.0;1.0;1.0;1.0;1.0;1.0;1.0;0.9759;0.9774;0.9759;0.976;1.0;not-balanced;100;10;kbest;['fear', 'anger', 'anticipation', 'trust', 'surprise', 'sadness', 'disgust', 'joy', 'e_score', 'a_score'];{'fear': 0.0, 'anger': 0.0, 'anticipation': 0.0, 'trust': 0.0, 'surprise': 0.0, 'sadness': 0.0, 'disgust': 0.0, 'joy': 0.0, 'e_score': 0.3628, 'a_score': 0.1307};RandomForestClassifier()
RandomForestClassifier;1.0;1.0;1.0;1.0;1.0;1.0;1.0;1.0;0.9749;0.9766;0.9749;0.9751;1.0;not-balanced;100;10;kbest;['fear', 'anger', 'anticipation', 'trust', 'surprise', 'sadness', 'disgust', 'joy', 'e_score', 'a_score'];{'fear': 0.0, 'anger': 0.0, 'anticipation': 0.0, 'trust': 0.0, 'surprise': 0.0, 'sadness': 0.0, 'disgust': 0.0, 'joy': 0.0, 'e_score': 0.3383, 'a_score': 0.1589};RandomForestClassifier()
RandomForestClassifier;1.0;1.0;1.0;1.0;1.0;1.0;1.0;1.0;0.9744;0.9761;0.9744;0.9746;1.0;not-balanced;100;10;kbest;['fear', 'anger', 'anticipation', 'trust', 'surprise', 'sadness', 'disgust', 'joy', 'e_score', 'a_score'];{'fear': 0.0, 'anger': 0.0, 'anticipation': 0.0, 'trust': 0.0, 'surprise': 0.0, 'sadness': 0.0, 'disgust': 0.0, 'joy': 0.0, 'e_score': 0.3615, 'a_score': 0.1372};RandomForestClassifier()
RandomForestClassifier;1.0;1.0;1.0;1.0;1.0;1.0;1.0;1.0;0.9744;0.976;0.9744;0.9745;1.0;not-balanced;100;10;kbest;['fear', 'anger', 'anticipation', 'trust', 'surprise', 'sadness', 'disgust', 'joy', 'e_score', 'a_score'];{'fear': 0.0, 'anger': 0.0, 'anticipation': 0.0, 'trust': 0.0, 'surprise': 0.0, 'sadness': 0.0, 'disgust': 0.0, 'joy': 0.0, 'e_score': 0.2411, 'a_score': 0.2598};RandomForestClassifier()
RandomForestClassifier;1.0;1.0;1.0;1.0;1.0;1.0;1.0;1.0;0.9743;0.976;0.9743;0.9744;1.0;not-balanced;100;10;kbest;['fear', 'anger', 'anticipation', 'trust', 'surprise', 'sadness', 'disgust', 'joy', 'e_score', 'a_score'];{'fear': 0.0, 'anger': 0.0, 'anticipation': 0.0, 'trust': 0.0, 'surprise': 0.0, 'sadness': 0.0, 'disgust': 0.0, 'joy': 0.0, 'e_score': 0.2478, 'a_score': 0.2595};RandomForestClassifier()
RandomForestClassifier;1.0;1.0;1.0;1.0;1.0;1.0;1.0;1.0;0.9743;0.976;0.9743;0.9744;1.0;not-balanced;100;10;kbest;['fear', 'anger', 'anticipation', 'trust', 'surprise', 'sadness', 'disgust', 'joy', 'e_score', 'a_score'];{'fear': 0.0, 'anger': 0.0, 'anticipation': 0.0, 'trust': 0.0, 'surprise': 0.0, 'sadness': 0.0, 'disgust': 0.0, 'joy': 0.0, 'e_score': 0.3403, 'a_score': 0.159};RandomForestClassifier()
RandomForestClassifier;1.0;1.0;1.0;1.0;1.0;1.0;1.0;1.0;0.9743;0.976;0.9743;0.9745;1.0;not-balanced;100;10;kbest;['fear', 'anger', 'anticipation', 'trust', 'surprise', 'sadness', 'disgust', 'joy', 'e_score', 'a_score'];{'fear': 0.0, 'anger': 0.0, 'anticipation': 0.0, 'trust': 0.0, 'surprise': 0.0, 'sadness': 0.0, 'disgust': 0.0, 'joy': 0.0, 'e_score': 0.3024, 'a_score': 0.1863};RandomForestClassifier()
RandomForestClassifier;1.0;1.0;1.0;1.0;1.0;1.0;1.0;1.0;0.9742;0.9759;0.9742;0.9744;1.0;not-balanced;100;10;kbest;['fear', 'anger', 'anticipation', 'trust', 'surprise', 'sadness', 'disgust', 'joy', 'e_score', 'a_score'];{'fear': 0.0, 'anger': 0.0, 'anticipation': 0.0, 'trust': 0.0, 'surprise': 0.0, 'sadness': 0.0, 'disgust': 0.0, 'joy': 0.0, 'e_score': 0.322, 'a_score': 0.1753};RandomForestClassifier()
MLPClassifier;1.0;1.0;1.0;1.0;1.0;1.0;1.0;1.0;0.9741;0.9758;0.9741;0.9742;1.0;not-balanced;100;10;kbest;['fear', 'anger', 'anticipation', 'trust', 'surprise', 'sadness', 'disgust', 'joy', 'e_score', 'a_score'];{'fear': 0.0, 'anger': 0.0, 'anticipation': 0.0, 'trust': 0.0, 'surprise': 0.0, 'sadness': 0.0, 'disgust': 0.0, 'joy': 0.0, 'e_score': 0.3126, 'a_score': 0.2379};MLPClassifier()
MLPClassifier;1.0;1.0;1.0;1.0;1.0;1.0;1.0;1.0;0.9741;0.9758;0.9741;0.9742;1.0;not-balanced;100;10;kbest;['fear', 'anger', 'anticipation', 'trust', 'surprise', 'sadness', 'disgust', 'joy', 'e_score', 'a_score'];{'fear': 0.0, 'anger': 0.0, 'anticipation': 0.0, 'trust': 0.0, 'surprise': 0.0, 'sadness': 0.0, 'disgust': 0.0, 'joy': 0.0, 'e_score': 0.3188, 'a_score': 0.2269};MLPClassifier()
MLPClassifier;1.0;1.0;1.0;1.0;1.0;1.0;1.0;1.0;0.9741;0.9758;0.9741;0.9742;1.0;not-balanced;100;10;kbest;['fear', 'anger', 'anticipation', 'trust', 'surprise', 'sadness', 'disgust', 'joy', 'e_score', 'a_score'];{'fear': 0.0, 'anger': 0.0, 'anticipation': 0.0, 'trust': 0.0, 'surprise': 0.0, 'sadness': 0.0, 'disgust': 0.0, 'joy': 0.0, 'e_score': 0.3178, 'a_score': 0.2281};MLPClassifier()
MLPClassifier;1.0;1.0;1.0;1.0;1.0;1.0;1.0;1.0;0.9741;0.9758;0.9741;0.9742;1.0;not-balanced;100;10;kbest;['fear', 'anger', 'anticipation', 'trust', 'surprise', 'sadness', 'disgust', 'joy', 'e_score', 'a_score'];{'fear': 0.0, 'anger': 0.0, 'anticipation': 0.0, 'trust': 0.0, 'surprise': 0.0, 'sadness': 0.0, 'disgust': 0.0, 'joy': 0.0, 'e_score': 0.3181, 'a_score': 0.2275};MLPClassifier()
MLPClassifier;1.0;1.0;1.0;1.0;1.0;1.0;1.0;1.0;0.9741;0.9758;0.9741;0.9742;1.0;not-balanced;100;10;kbest;['fear', 'anger', 'anticipation', 'trust', 'surprise', 'sadness', 'disgust', 'joy', 'e_score', 'a_score'];{'fear': 0.0, 'anger': 0.0, 'anticipation': 0.0, 'trust': 0.0, 'surprise': 0.0, 'sadness': 0.0, 'disgust': 0.0, 'joy': 0.0, 'e_score': 0.3185, 'a_score': 0.2285};MLPClassifier()
RandomForestClassifier;1.0;1.0;1.0;1.0;1.0;1.0;1.0;1.0;0.9741;0.9758;0.9741;0.9743;1.0;not-balanced;100;10;kbest;['fear', 'anger', 'anticipation', 'trust', 'surprise', 'sadness', 'disgust', 'joy', 'e_score', 'a_score'];{'fear': 0.0, 'anger': 0.0, 'anticipation': 0.0, 'trust': 0.0, 'surprise': 0.0, 'sadness': 0.0, 'disgust': 0.0, 'joy': 0.0, 'e_score': 0.3087, 'a_score': 0.1833};RandomForestClassifier()
MLPClassifier;1.0;1.0;1.0;1.0;1.0;1.0;1.0;1.0;0.9741;0.9758;0.9741;0.9742;1.0;not-balanced;100;10;kbest;['fear', 'anger', 'anticipation', 'trust', 'surprise', 'sadness', 'disgust', 'joy', 'e_score', 'a_score'];{'fear': 0.0, 'anger': 0.0, 'anticipation': 0.0, 'trust': 0.0, 'surprise': 0.0, 'sadness': 0.0, 'disgust': 0.0, 'joy': 0.0, 'e_score': 0.3183, 'a_score': 0.2278};MLPClassifier()
MLPClassifier;1.0;1.0;1.0;1.0;1.0;1.0;1.0;1.0;0.9741;0.9758;0.9741;0.9742;1.0;not-balanced;100;10;kbest;['fear', 'anger', 'anticipation', 'trust', 'surprise', 'sadness', 'disgust', 'joy', 'e_score', 'a_score'];{'fear': 0.0, 'anger': 0.0, 'anticipation': 0.0, 'trust': 0.0, 'surprise': 0.0, 'sadness': 0.0, 'disgust': 0.0, 'joy': 0.0, 'e_score': 0.3101, 'a_score': 0.2281};MLPClassifier()
MLPClassifier;1.0;1.0;1.0;1.0;1.0;1.0;1.0;1.0;0.9741;0.9758;0.9741;0.9742;1.0;not-balanced;100;10;kbest;['fear', 'anger', 'anticipation', 'trust', 'surprise', 'sadness', 'disgust', 'joy', 'e_score', 'a_score'];{'fear': 0.0, 'anger': 0.0, 'anticipation': 0.0, 'trust': 0.0, 'surprise': 0.0, 'sadness': 0.0, 'disgust': 0.0, 'joy': 0.0, 'e_score': 0.3056, 'a_score': 0.2325};MLPClassifier()
MLPClassifier;1.0;1.0;1.0;1.0;1.0;1.0;1.0;1.0;0.9741;0.9758;0.9741;0.9742;1.0;not-balanced;100;10;kbest;['fear', 'anger', 'anticipation', 'trust', 'surprise', 'sadness', 'disgust', 'joy', 'e_score', 'a_score'];{'fear': 0.0, 'anger': 0.0, 'anticipation': 0.0, 'trust': 0.0, 'surprise': 0.0, 'sadness': 0.0, 'disgust': 0.0, 'joy': 0.0, 'e_score': 0.3075, 'a_score': 0.2282};MLPClassifier()
MLPClassifier;1.0;1.0;1.0;1.0;1.0;1.0;1.0;1.0;0.9741;0.9758;0.9741;0.9742;1.0;not-balanced;100;10;kbest;['fear', 'anger', 'anticipation', 'trust', 'surprise', 'sadness', 'disgust', 'joy', 'e_score', 'a_score'];{'fear': 0.0, 'anger': 0.0, 'anticipation': 0.0, 'trust': 0.0, 'surprise': 0.0, 'sadness': 0.0, 'disgust': 0.0, 'joy': 0.0, 'e_score': 0.3099, 'a_score': 0.2277};MLPClassifier()
KNeighborsClassifier;0.9886;0.9886;0.9886;0.9866;0.9919;0.9919;0.9919;0.9919;0.9594;0.9615;0.9594;0.9589;0.9974;not-balanced;100;10;kbest;['fear', 'anger', 'anticipation', 'trust', 'surprise', 'sadness', 'disgust', 'joy', 'e_score', 'a_score'];{'fear': 0.0046, 'anger': 0.0012, 'anticipation': 0.002, 'trust': 0.0013, 'surprise': 0.0036, 'sadness': 0.0033, 'disgust': 0.0028, 'joy': 0.0015, 'e_score': 0.3852, 'a_score': 0.184};KNeighborsClassifier()
KNeighborsClassifier;0.989;0.989;0.989;0.9871;0.9907;0.9907;0.9907;0.9906;0.9589;0.961;0.9589;0.9584;0.9972;not-balanced;100;10;kbest;['fear', 'anger', 'anticipation', 'trust', 'surprise', 'sadness', 'disgust', 'joy', 'e_score', 'a_score'];{'fear': 0.0047, 'anger': 0.0019, 'anticipation': 0.0027, 'trust': 0.0017, 'surprise': 0.003, 'sadness': 0.005, 'disgust': 0.0026, 'joy': 0.0026, 'e_score': 0.3845, 'a_score': 0.1841};KNeighborsClassifier()
KNeighborsClassifier;0.989;0.989;0.989;0.987;0.9895;0.9895;0.9895;0.9894;0.9589;0.961;0.9589;0.9584;0.9975;not-balanced;100;10;kbest;['fear', 'anger', 'anticipation', 'trust', 'surprise', 'sadness', 'disgust', 'joy', 'e_score', 'a_score'];{'fear': 0.0031, 'anger': 0.0021, 'anticipation': 0.0024, 'trust': 0.0016, 'surprise': 0.0034, 'sadness': 0.0032, 'disgust': 0.0019, 'joy': 0.0031, 'e_score': 0.3839, 'a_score': 0.1832};KNeighborsClassifier()
KNeighborsClassifier;0.9886;0.9886;0.9886;0.9866;0.9904;0.9904;0.9904;0.9903;0.9588;0.961;0.9588;0.9583;0.9973;not-balanced;100;10;kbest;['fear', 'anger', 'anticipation', 'trust', 'surprise', 'sadness', 'disgust', 'joy', 'e_score', 'a_score'];{'fear': 0.0046, 'anger': 0.0016, 'anticipation': 0.0033, 'trust': 0.001, 'surprise': 0.0031, 'sadness': 0.0031, 'disgust': 0.0026, 'joy': 0.0024, 'e_score': 0.3853, 'a_score': 0.1853};KNeighborsClassifier()
KNeighborsClassifier;0.9889;0.989;0.9889;0.987;0.9898;0.9898;0.9898;0.9897;0.9587;0.9608;0.9587;0.9582;0.9975;not-balanced;100;10;kbest;['fear', 'anger', 'anticipation', 'trust', 'surprise', 'sadness', 'disgust', 'joy', 'e_score', 'a_score'];{'fear': 0.005, 'anger': 0.0021, 'anticipation': 0.0023, 'trust': 0.0012, 'surprise': 0.0017, 'sadness': 0.0028, 'disgust': 0.0024, 'joy': 0.0031, 'e_score': 0.3834, 'a_score': 0.1836};KNeighborsClassifier()
KNeighborsClassifier;0.9887;0.9887;0.9887;0.9867;0.9889;0.9889;0.9889;0.9888;0.9587;0.9609;0.9587;0.9582;0.9973;not-balanced;100;10;kbest;['fear', 'anger', 'anticipation', 'trust', 'surprise', 'sadness', 'disgust', 'joy', 'e_score', 'a_score'];{'fear': 0.0045, 'anger': 0.0015, 'anticipation': 0.0024, 'trust': 0.0014, 'surprise': 0.0023, 'sadness': 0.0026, 'disgust': 0.0027, 'joy': 0.0027, 'e_score': 0.3836, 'a_score': 0.1839};KNeighborsClassifier()
KNeighborsClassifier;0.9887;0.9887;0.9887;0.9867;0.9889;0.9889;0.9889;0.9888;0.9587;0.9608;0.9587;0.9581;0.9973;not-balanced;100;10;kbest;['fear', 'anger', 'anticipation', 'trust', 'surprise', 'sadness', 'disgust', 'joy', 'e_score', 'a_score'];{'fear': 0.0045, 'anger': 0.0016, 'anticipation': 0.003, 'trust': 0.001, 'surprise': 0.0028, 'sadness': 0.005, 'disgust': 0.0029, 'joy': 0.0025, 'e_score': 0.3842, 'a_score': 0.1821};KNeighborsClassifier()
KNeighborsClassifier;0.9889;0.9889;0.9889;0.9871;0.9898;0.9898;0.9898;0.9897;0.9585;0.9606;0.9585;0.958;0.9974;not-balanced;100;10;kbest;['fear', 'anger', 'anticipation', 'trust', 'surprise', 'sadness', 'disgust', 'joy', 'e_score', 'a_score'];{'fear': 0.0048, 'anger': 0.0014, 'anticipation': 0.0031, 'trust': 0.0015, 'surprise': 0.0021, 'sadness': 0.0042, 'disgust': 0.0028, 'joy': 0.0027, 'e_score': 0.3837, 'a_score': 0.1829};KNeighborsClassifier()
KNeighborsClassifier;0.9888;0.9889;0.9888;0.9869;0.9867;0.9868;0.9867;0.9867;0.9583;0.9605;0.9583;0.9578;0.9971;not-balanced;100;10;kbest;['fear', 'anger', 'anticipation', 'trust', 'surprise', 'sadness', 'disgust', 'joy', 'e_score', 'a_score'];{'fear': 0.0034, 'anger': 0.0025, 'anticipation': 0.0024, 'trust': 0.0012, 'surprise': 0.0015, 'sadness': 0.0027, 'disgust': 0.0025, 'joy': 0.0029, 'e_score': 0.3835, 'a_score': 0.1841};KNeighborsClassifier()
KNeighborsClassifier;0.9897;0.9897;0.9897;0.9879;0.9873;0.9874;0.9873;0.9873;0.9582;0.9603;0.9582;0.9576;0.9973;not-balanced;100;10;kbest;['fear', 'anger', 'anticipation', 'trust', 'surprise', 'sadness', 'disgust', 'joy', 'e_score', 'a_score'];{'fear': 0.0044, 'anger': 0.0019, 'anticipation': 0.0024, 'trust': 0.0013, 'surprise': 0.0033, 'sadness': 0.0038, 'disgust': 0.003, 'joy': 0.0025, 'e_score': 0.384, 'a_score': 0.1823};KNeighborsClassifier()
DecisionTreeClassifier;1.0;1.0;1.0;1.0;1.0;1.0;1.0;1.0;0.9435;0.9434;0.9435;0.9434;1.0;not-balanced;100;10;kbest;['fear', 'anger', 'anticipation', 'trust', 'surprise', 'sadness', 'disgust', 'joy', 'e_score', 'a_score'];{'fear': 0.0, 'anger': 0.0, 'anticipation': 0.0, 'trust': 0.0, 'surprise': 0.0, 'sadness': 0.0, 'disgust': 0.0, 'joy': 0.0, 'e_score': 0.3785, 'a_score': 0.165};DecisionTreeClassifier()
GaussianNB;0.8983;0.9017;0.8983;0.8731;0.8985;0.9016;0.8985;0.8946;0.9354;0.9373;0.9354;0.9344;0.9325;not-balanced;100;10;kbest;['fear', 'anger', 'anticipation', 'trust', 'surprise', 'sadness', 'disgust', 'joy', 'e_score', 'a_score'];{'fear': 0.0003, 'anger': -0.0001, 'anticipation': -0.0014, 'trust': -0.0006, 'surprise': 0.0003, 'sadness': 0.0007, 'disgust': 0.009, 'joy': 0.0, 'e_score': 0.2038, 'a_score': 0.1002};GaussianNB()
GaussianNB;0.8978;0.9008;0.8978;0.8729;0.9003;0.9028;0.9003;0.8965;0.9353;0.9371;0.9353;0.9344;0.9319;not-balanced;100;10;kbest;['fear', 'anger', 'anticipation', 'trust', 'surprise', 'sadness', 'disgust', 'joy', 'e_score', 'a_score'];{'fear': -0.0004, 'anger': 0.0001, 'anticipation': -0.0006, 'trust': -0.0006, 'surprise': 0.0005, 'sadness': -0.0, 'disgust': 0.0097, 'joy': -0.0002, 'e_score': 0.2051, 'a_score': 0.1009};GaussianNB()
GaussianNB;0.8975;0.9003;0.8975;0.8726;0.8979;0.8999;0.8979;0.8941;0.9352;0.9368;0.9352;0.9343;0.9317;not-balanced;100;10;kbest;['fear', 'anger', 'anticipation', 'trust', 'surprise', 'sadness', 'disgust', 'joy', 'e_score', 'a_score'];{'fear': 0.0003, 'anger': 0.0001, 'anticipation': -0.0011, 'trust': -0.0008, 'surprise': 0.0003, 'sadness': 0.0001, 'disgust': 0.0043, 'joy': -0.0008, 'e_score': 0.204, 'a_score': 0.1013};GaussianNB()
GaussianNB;0.8986;0.9014;0.8986;0.8734;0.8915;0.8957;0.8915;0.8871;0.9349;0.9365;0.9349;0.934;0.9319;not-balanced;100;10;kbest;['fear', 'anger', 'anticipation', 'trust', 'surprise', 'sadness', 'disgust', 'joy', 'e_score', 'a_score'];{'fear': -0.0012, 'anger': 0.0003, 'anticipation': -0.0022, 'trust': -0.002, 'surprise': -0.0001, 'sadness': -0.0004, 'disgust': 0.0029, 'joy': -0.0017, 'e_score': 0.2041, 'a_score': 0.1032};GaussianNB()
GaussianNB;0.897;0.8998;0.897;0.8719;0.9057;0.9091;0.9057;0.9021;0.9349;0.9366;0.9349;0.934;0.9316;not-balanced;100;10;kbest;['fear', 'anger', 'anticipation', 'trust', 'surprise', 'sadness', 'disgust', 'joy', 'e_score', 'a_score'];{'fear': -0.0005, 'anger': -0.0003, 'anticipation': -0.001, 'trust': -0.0012, 'surprise': 0.0006, 'sadness': -0.0004, 'disgust': 0.0093, 'joy': -0.0004, 'e_score': 0.2035, 'a_score': 0.1003};GaussianNB()
GaussianNB;0.8967;0.8996;0.8967;0.8711;0.897;0.9006;0.897;0.893;0.9344;0.9361;0.9344;0.9334;0.9318;not-balanced;100;10;kbest;['fear', 'anger', 'anticipation', 'trust', 'surprise', 'sadness', 'disgust', 'joy', 'e_score', 'a_score'];{'fear': 0.0005, 'anger': -0.0002, 'anticipation': -0.0009, 'trust': -0.0015, 'surprise': 0.0, 'sadness': 0.0006, 'disgust': 0.0095, 'joy': -0.0007, 'e_score': 0.2017, 'a_score': 0.0977};GaussianNB()
GaussianNB;0.8966;0.9005;0.8966;0.8706;0.9;0.9039;0.9;0.8958;0.9343;0.9366;0.9343;0.9333;0.9333;not-balanced;100;10;kbest;['fear', 'anger', 'anticipation', 'trust', 'surprise', 'sadness', 'disgust', 'joy', 'e_score', 'a_score'];{'fear': 0.0, 'anger': 0.0001, 'anticipation': -0.0017, 'trust': -0.0017, 'surprise': -0.0002, 'sadness': 0.0009, 'disgust': 0.0073, 'joy': -0.001, 'e_score': 0.2023, 'a_score': 0.0984};GaussianNB()
GaussianNB;0.8964;0.8987;0.8964;0.8711;0.8894;0.8918;0.8894;0.8853;0.933;0.9345;0.933;0.9321;0.9308;not-balanced;100;10;kbest;['fear', 'anger', 'anticipation', 'trust', 'surprise', 'sadness', 'disgust', 'joy', 'e_score', 'a_score'];{'fear': 0.0002, 'anger': -0.0, 'anticipation': -0.0011, 'trust': -0.0018, 'surprise': -0.0007, 'sadness': 0.0008, 'disgust': 0.0088, 'joy': -0.0005, 'e_score': 0.2025, 'a_score': 0.1002};GaussianNB()
GaussianNB;0.8946;0.8969;0.8946;0.8688;0.8961;0.8976;0.8961;0.8928;0.9329;0.9344;0.9329;0.932;0.9304;not-balanced;100;10;kbest;['fear', 'anger', 'anticipation', 'trust', 'surprise', 'sadness', 'disgust', 'joy', 'e_score', 'a_score'];{'fear': 0.0012, 'anger': 0.0002, 'anticipation': -0.0014, 'trust': -0.0007, 'surprise': 0.0, 'sadness': 0.0012, 'disgust': 0.0092, 'joy': -0.0014, 'e_score': 0.2029, 'a_score': 0.0994};GaussianNB()
GaussianNB;0.8955;0.8977;0.8955;0.8703;0.8939;0.8955;0.8939;0.8903;0.9329;0.9343;0.9329;0.932;0.9297;not-balanced;100;10;kbest;['fear', 'anger', 'anticipation', 'trust', 'surprise', 'sadness', 'disgust', 'joy', 'e_score', 'a_score'];{'fear': 0.0002, 'anger': -0.0002, 'anticipation': -0.0009, 'trust': -0.0006, 'surprise': -0.0004, 'sadness': 0.0004, 'disgust': 0.0098, 'joy': -0.0008, 'e_score': 0.1998, 'a_score': 0.0997};GaussianNB()
LogisticRegression;0.8302;0.8298;0.8302;0.8019;0.8328;0.8319;0.8328;0.8323;0.898;0.8977;0.898;0.8978;0.9407;not-balanced;100;10;kbest;['fear', 'anger', 'anticipation', 'trust', 'surprise', 'sadness', 'disgust', 'joy', 'e_score', 'a_score'];{'fear': 0.0007, 'anger': -0.0044, 'anticipation': 0.001, 'trust': -0.001, 'surprise': -0.0002, 'sadness': 0.0004, 'disgust': -0.0037, 'joy': -0.0005, 'e_score': 0.1866, 'a_score': 0.0244};LogisticRegression(max_iter=100000, multi_class='multinomial')
LogisticRegression;0.831;0.8307;0.831;0.8022;0.8325;0.8302;0.8325;0.831;0.8977;0.8974;0.8977;0.8975;0.9411;not-balanced;100;10;kbest;['fear', 'anger', 'anticipation', 'trust', 'surprise', 'sadness', 'disgust', 'joy', 'e_score', 'a_score'];{'fear': 0.0002, 'anger': -0.0043, 'anticipation': 0.0007, 'trust': -0.0012, 'surprise': -0.0002, 'sadness': 0.0002, 'disgust': -0.004, 'joy': -0.0011, 'e_score': 0.1818, 'a_score': 0.0244};LogisticRegression(max_iter=100000, multi_class='multinomial')
LogisticRegression;0.8304;0.8299;0.8304;0.8017;0.8268;0.826;0.8268;0.8264;0.8976;0.8973;0.8976;0.8974;0.941;not-balanced;100;10;kbest;['fear', 'anger', 'anticipation', 'trust', 'surprise', 'sadness', 'disgust', 'joy', 'e_score', 'a_score'];{'fear': 0.0002, 'anger': -0.004, 'anticipation': 0.0, 'trust': -0.0001, 'surprise': -0.001, 'sadness': -0.0, 'disgust': -0.0044, 'joy': -0.0017, 'e_score': 0.1845, 'a_score': 0.0228};LogisticRegression(max_iter=100000, multi_class='multinomial')
LogisticRegression;0.8318;0.8312;0.8318;0.8031;0.8192;0.8178;0.8192;0.8184;0.8975;0.8972;0.8975;0.8973;0.9414;not-balanced;100;10;kbest;['fear', 'anger', 'anticipation', 'trust', 'surprise', 'sadness', 'disgust', 'joy', 'e_score', 'a_score'];{'fear': 0.0001, 'anger': -0.0046, 'anticipation': 0.0001, 'trust': 0.0002, 'surprise': -0.0005, 'sadness': 0.0003, 'disgust': -0.004, 'joy': -0.0016, 'e_score': 0.1855, 'a_score': 0.0223};LogisticRegression(max_iter=100000, multi_class='multinomial')
LogisticRegression;0.8294;0.8292;0.8294;0.8008;0.8237;0.8232;0.8237;0.8234;0.8973;0.897;0.8973;0.8971;0.9409;not-balanced;100;10;kbest;['fear', 'anger', 'anticipation', 'trust', 'surprise', 'sadness', 'disgust', 'joy', 'e_score', 'a_score'];{'fear': 0.0001, 'anger': -0.0038, 'anticipation': 0.0004, 'trust': 0.0015, 'surprise': -0.0016, 'sadness': 0.0001, 'disgust': -0.0032, 'joy': -0.0027, 'e_score': 0.1868, 'a_score': 0.0234};LogisticRegression(max_iter=100000, multi_class='multinomial')
LogisticRegression;0.8285;0.8281;0.8285;0.7995;0.8343;0.8344;0.8343;0.8343;0.8973;0.897;0.8973;0.8971;0.9404;not-balanced;100;10;kbest;['fear', 'anger', 'anticipation', 'trust', 'surprise', 'sadness', 'disgust', 'joy', 'e_score', 'a_score'];{'fear': 0.0, 'anger': -0.0039, 'anticipation': 0.0009, 'trust': 0.0004, 'surprise': 0.0001, 'sadness': 0.0, 'disgust': -0.0043, 'joy': -0.0004, 'e_score': 0.1834, 'a_score': 0.0219};LogisticRegression(max_iter=100000, multi_class='multinomial')
LogisticRegression;0.8303;0.8296;0.8303;0.8019;0.8262;0.8286;0.8262;0.8272;0.8973;0.897;0.8973;0.8971;0.941;not-balanced;100;10;kbest;['fear', 'anger', 'anticipation', 'trust', 'surprise', 'sadness', 'disgust', 'joy', 'e_score', 'a_score'];{'fear': 0.0004, 'anger': -0.0039, 'anticipation': -0.0, 'trust': 0.0002, 'surprise': -0.0002, 'sadness': 0.0, 'disgust': -0.0038, 'joy': -0.0014, 'e_score': 0.1853, 'a_score': 0.0235};LogisticRegression(max_iter=100000, multi_class='multinomial')
LogisticRegression;0.8288;0.8284;0.8288;0.7995;0.8406;0.8401;0.8406;0.8403;0.8973;0.897;0.8973;0.8971;0.9398;not-balanced;100;10;kbest;['fear', 'anger', 'anticipation', 'trust', 'surprise', 'sadness', 'disgust', 'joy', 'e_score', 'a_score'];{'fear': 0.0001, 'anger': -0.004, 'anticipation': 0.0005, 'trust': 0.0004, 'surprise': -0.0006, 'sadness': 0.0, 'disgust': -0.0036, 'joy': -0.0011, 'e_score': 0.182, 'a_score': 0.0219};LogisticRegression(max_iter=100000, multi_class='multinomial')
LogisticRegression;0.8295;0.829;0.8295;0.8007;0.8304;0.8302;0.8304;0.8303;0.897;0.8967;0.897;0.8968;0.9405;not-balanced;100;10;kbest;['fear', 'anger', 'anticipation', 'trust', 'surprise', 'sadness', 'disgust', 'joy', 'e_score', 'a_score'];{'fear': 0.0001, 'anger': -0.004, 'anticipation': 0.0, 'trust': -0.0, 'surprise': -0.0014, 'sadness': -0.0001, 'disgust': -0.0037, 'joy': -0.0014, 'e_score': 0.1834, 'a_score': 0.022};LogisticRegression(max_iter=100000, multi_class='multinomial')
LogisticRegression;0.8288;0.8284;0.8288;0.8002;0.8289;0.8294;0.8289;0.8292;0.8968;0.8965;0.8968;0.8966;0.9406;not-balanced;100;10;kbest;['fear', 'anger', 'anticipation', 'trust', 'surprise', 'sadness', 'disgust', 'joy', 'e_score', 'a_score'];{'fear': 0.0, 'anger': -0.0043, 'anticipation': 0.0, 'trust': 0.0011, 'surprise': -0.0004, 'sadness': 0.0, 'disgust': -0.004, 'joy': -0.0017, 'e_score': 0.1844, 'a_score': 0.022};LogisticRegression(max_iter=100000, multi_class='multinomial')
DecisionTreeClassifier;1.0;1.0;1.0;1.0;1.0;1.0;1.0;1.0;0.8922;0.8942;0.8922;0.89;1.0;not-balanced;100;10;kbest;['fear', 'anger', 'anticipation', 'trust', 'surprise', 'sadness', 'disgust', 'joy', 'e_score', 'a_score'];{'fear': 0.0, 'anger': 0.0, 'anticipation': 0.0, 'trust': 0.0, 'surprise': 0.0, 'sadness': 0.0, 'disgust': 0.0, 'joy': 0.0, 'e_score': 0.1607, 'a_score': 0.3173};DecisionTreeClassifier()
DecisionTreeClassifier;1.0;1.0;1.0;1.0;1.0;1.0;1.0;1.0;0.8922;0.8942;0.8922;0.89;1.0;not-balanced;100;10;kbest;['fear', 'anger', 'anticipation', 'trust', 'surprise', 'sadness', 'disgust', 'joy', 'e_score', 'a_score'];{'fear': 0.0, 'anger': 0.0, 'anticipation': 0.0, 'trust': 0.0, 'surprise': 0.0, 'sadness': 0.0, 'disgust': 0.0, 'joy': 0.0, 'e_score': 0.1629, 'a_score': 0.3153};DecisionTreeClassifier()
DecisionTreeClassifier;1.0;1.0;1.0;1.0;1.0;1.0;1.0;1.0;0.8922;0.8942;0.8922;0.89;1.0;not-balanced;100;10;kbest;['fear', 'anger', 'anticipation', 'trust', 'surprise', 'sadness', 'disgust', 'joy', 'e_score', 'a_score'];{'fear': 0.0, 'anger': 0.0, 'anticipation': 0.0, 'trust': 0.0, 'surprise': 0.0, 'sadness': 0.0, 'disgust': 0.0, 'joy': 0.0, 'e_score': 0.1639, 'a_score': 0.3172};DecisionTreeClassifier()
DecisionTreeClassifier;1.0;1.0;1.0;1.0;1.0;1.0;1.0;1.0;0.8014;0.8581;0.8014;0.7935;1.0;not-balanced;100;10;kbest;['fear', 'anger', 'anticipation', 'trust', 'surprise', 'sadness', 'disgust', 'joy', 'e_score', 'a_score'];{'fear': 0.0, 'anger': 0.0, 'anticipation': 0.0, 'trust': 0.0, 'surprise': 0.0, 'sadness': 0.0, 'disgust': 0.0, 'joy': 0.0, 'e_score': 0.2577, 'a_score': 0.0925};DecisionTreeClassifier()
RandomForestClassifier;1.0;1.0;1.0;1.0;1.0;1.0;1.0;1.0;0.8014;0.858;0.8014;0.7934;1.0;not-balanced;100;10;kbest;['fear', 'anger', 'anticipation', 'trust', 'surprise', 'sadness', 'disgust', 'joy', 'e_score', 'a_score'];{'fear': 0.0, 'anger': 0.0, 'anticipation': 0.0, 'trust': 0.0, 'surprise': 0.0, 'sadness': 0.0, 'disgust': 0.0, 'joy': 0.0, 'e_score': 0.2559, 'a_score': 0.0927};RandomForestClassifier()
DecisionTreeClassifier;1.0;1.0;1.0;1.0;1.0;1.0;1.0;1.0;0.8014;0.8581;0.8014;0.7935;1.0;not-balanced;100;10;kbest;['fear', 'anger', 'anticipation', 'trust', 'surprise', 'sadness', 'disgust', 'joy', 'e_score', 'a_score'];{'fear': 0.0, 'anger': 0.0, 'anticipation': 0.0, 'trust': 0.0, 'surprise': 0.0, 'sadness': 0.0, 'disgust': 0.0, 'joy': 0.0, 'e_score': 0.2602, 'a_score': 0.0915};DecisionTreeClassifier()
DecisionTreeClassifier;1.0;1.0;1.0;1.0;1.0;1.0;1.0;1.0;0.8014;0.8581;0.8014;0.7935;1.0;not-balanced;100;10;kbest;['fear', 'anger', 'anticipation', 'trust', 'surprise', 'sadness', 'disgust', 'joy', 'e_score', 'a_score'];{'fear': 0.0, 'anger': 0.0, 'anticipation': 0.0, 'trust': 0.0, 'surprise': 0.0, 'sadness': 0.0, 'disgust': 0.0, 'joy': 0.0, 'e_score': 0.2582, 'a_score': 0.091};DecisionTreeClassifier()
DecisionTreeClassifier;1.0;1.0;1.0;1.0;1.0;1.0;1.0;1.0;0.8014;0.8581;0.8014;0.7935;1.0;not-balanced;100;10;kbest;['fear', 'anger', 'anticipation', 'trust', 'surprise', 'sadness', 'disgust', 'joy', 'e_score', 'a_score'];{'fear': 0.0, 'anger': 0.0, 'anticipation': 0.0, 'trust': 0.0, 'surprise': 0.0, 'sadness': 0.0, 'disgust': 0.0, 'joy': 0.0, 'e_score': 0.2604, 'a_score': 0.0924};DecisionTreeClassifier()
DecisionTreeClassifier;1.0;1.0;1.0;1.0;1.0;1.0;1.0;1.0;0.8014;0.8581;0.8014;0.7935;1.0;not-balanced;100;10;kbest;['fear', 'anger', 'anticipation', 'trust', 'surprise', 'sadness', 'disgust', 'joy', 'e_score', 'a_score'];{'fear': 0.0, 'anger': 0.0, 'anticipation': 0.0, 'trust': 0.0, 'surprise': 0.0, 'sadness': 0.0, 'disgust': 0.0, 'joy': 0.0, 'e_score': 0.2621, 'a_score': 0.0913};DecisionTreeClassifier()
DecisionTreeClassifier;1.0;1.0;1.0;1.0;1.0;1.0;1.0;1.0;0.8014;0.8581;0.8014;0.7935;1.0;not-balanced;100;10;kbest;['fear', 'anger', 'anticipation', 'trust', 'surprise', 'sadness', 'disgust', 'joy', 'e_score', 'a_score'];{'fear': 0.0, 'anger': 0.0, 'anticipation': 0.0, 'trust': 0.0, 'surprise': 0.0, 'sadness': 0.0, 'disgust': 0.0, 'joy': 0.0, 'e_score': 0.2604, 'a_score': 0.0906};DecisionTreeClassifier()
DecisionTreeClassifier;1.0;1.0;1.0;1.0;1.0;1.0;1.0;1.0;0.8014;0.8581;0.8014;0.7935;1.0;not-balanced;100;10;kbest;['fear', 'anger', 'anticipation', 'trust', 'surprise', 'sadness', 'disgust', 'joy', 'e_score', 'a_score'];{'fear': 0.0, 'anger': 0.0, 'anticipation': 0.0, 'trust': 0.0, 'surprise': 0.0, 'sadness': 0.0, 'disgust': 0.0, 'joy': 0.0, 'e_score': 0.2591, 'a_score': 0.0904};DecisionTreeClassifier()
DecisionTreeClassifier;1.0;1.0;1.0;1.0;1.0;1.0;1.0;1.0;0.8014;0.8581;0.8014;0.7935;1.0;not-balanced;100;10;kbest;['fear', 'anger', 'anticipation', 'trust', 'surprise', 'sadness', 'disgust', 'joy', 'e_score', 'a_score'];{'fear': 0.0, 'anger': 0.0, 'anticipation': 0.0, 'trust': 0.0, 'surprise': 0.0, 'sadness': 0.0, 'disgust': 0.0, 'joy': 0.0, 'e_score': 0.2626, 'a_score': 0.0906};DecisionTreeClassifier()
DecisionTreeClassifier;1.0;1.0;1.0;1.0;1.0;1.0;1.0;1.0;0.8014;0.8581;0.8014;0.7935;1.0;not-balanced;100;10;kbest;['fear', 'anger', 'anticipation', 'trust', 'surprise', 'sadness', 'disgust', 'joy', 'e_score', 'a_score'];{'fear': 0.0, 'anger': 0.0, 'anticipation': 0.0, 'trust': 0.0, 'surprise': 0.0, 'sadness': 0.0, 'disgust': 0.0, 'joy': 0.0, 'e_score': 0.2587, 'a_score': 0.0911};DecisionTreeClassifier()
RandomForestClassifier;1.0;1.0;1.0;1.0;1.0;1.0;1.0;1.0;0.8014;0.858;0.8014;0.7934;1.0;not-balanced;100;10;kbest;['fear', 'anger', 'anticipation', 'trust', 'surprise', 'sadness', 'disgust', 'joy', 'e_score', 'a_score'];{'fear': 0.0, 'anger': 0.0, 'anticipation': 0.0, 'trust': 0.0, 'surprise': 0.0, 'sadness': 0.0, 'disgust': 0.0, 'joy': 0.0, 'e_score': 0.2491, 'a_score': 0.0984};RandomForestClassifier()
DecisionTreeClassifier;1.0;1.0;1.0;1.0;1.0;1.0;1.0;1.0;0.8014;0.8581;0.8014;0.7935;1.0;not-balanced;100;10;kbest;['fear', 'anger', 'anticipation', 'trust', 'surprise', 'sadness', 'disgust', 'joy', 'e_score', 'a_score'];{'fear': 0.0, 'anger': 0.0, 'anticipation': 0.0, 'trust': 0.0, 'surprise': 0.0, 'sadness': 0.0, 'disgust': 0.0, 'joy': 0.0, 'e_score': 0.261, 'a_score': 0.0902};DecisionTreeClassifier()
RandomForestClassifier;1.0;1.0;1.0;1.0;1.0;1.0;1.0;1.0;0.8006;0.8565;0.8006;0.7927;1.0;not-balanced;100;10;kbest;['fear', 'anger', 'anticipation', 'trust', 'surprise', 'sadness', 'disgust', 'joy', 'e_score', 'a_score'];{'fear': 0.0, 'anger': 0.0, 'anticipation': 0.0, 'trust': 0.0, 'surprise': 0.0, 'sadness': 0.0, 'disgust': 0.0, 'joy': 0.0, 'e_score': 0.2502, 'a_score': 0.1001};RandomForestClassifier()
RandomForestClassifier;1.0;1.0;1.0;1.0;1.0;1.0;1.0;1.0;0.8002;0.8559;0.8002;0.7923;1.0;not-balanced;100;10;kbest;['fear', 'anger', 'anticipation', 'trust', 'surprise', 'sadness', 'disgust', 'joy', 'e_score', 'a_score'];{'fear': 0.0, 'anger': 0.0, 'anticipation': 0.0, 'trust': 0.0, 'surprise': 0.0, 'sadness': 0.0, 'disgust': 0.0, 'joy': 0.0, 'e_score': 0.2486, 'a_score': 0.0986};RandomForestClassifier()
RandomForestClassifier;1.0;1.0;1.0;1.0;1.0;1.0;1.0;1.0;0.7804;0.8212;0.7804;0.7735;1.0;not-balanced;100;10;kbest;['fear', 'anger', 'anticipation', 'trust', 'surprise', 'sadness', 'disgust', 'joy', 'e_score', 'a_score'];{'fear': 0.0, 'anger': 0.0, 'anticipation': 0.0, 'trust': 0.0, 'surprise': 0.0, 'sadness': 0.0, 'disgust': 0.0, 'joy': 0.0, 'e_score': 0.2405, 'a_score': 0.1106};RandomForestClassifier()
RandomForestClassifier;1.0;1.0;1.0;1.0;1.0;1.0;1.0;1.0;0.7794;0.8194;0.7794;0.7725;1.0;not-balanced;100;10;kbest;['fear', 'anger', 'anticipation', 'trust', 'surprise', 'sadness', 'disgust', 'joy', 'e_score', 'a_score'];{'fear': 0.0, 'anger': 0.0, 'anticipation': 0.0, 'trust': 0.0, 'surprise': 0.0, 'sadness': 0.0, 'disgust': 0.0, 'joy': 0.0, 'e_score': 0.2534, 'a_score': 0.0928};RandomForestClassifier()
RandomForestClassifier;1.0;1.0;1.0;1.0;1.0;1.0;1.0;1.0;0.7788;0.8185;0.7788;0.7719;1.0;not-balanced;100;10;kbest;['fear', 'anger', 'anticipation', 'trust', 'surprise', 'sadness', 'disgust', 'joy', 'e_score', 'a_score'];{'fear': 0.0, 'anger': 0.0, 'anticipation': 0.0, 'trust': 0.0, 'surprise': 0.0, 'sadness': 0.0, 'disgust': 0.0, 'joy': 0.0, 'e_score': 0.2191, 'a_score': 0.1338};RandomForestClassifier()
RandomForestClassifier;1.0;1.0;1.0;1.0;1.0;1.0;1.0;1.0;0.7785;0.818;0.7785;0.7717;1.0;not-balanced;100;10;kbest;['fear', 'anger', 'anticipation', 'trust', 'surprise', 'sadness', 'disgust', 'joy', 'e_score', 'a_score'];{'fear': 0.0, 'anger': 0.0, 'anticipation': 0.0, 'trust': 0.0, 'surprise': 0.0, 'sadness': 0.0, 'disgust': 0.0, 'joy': 0.0, 'e_score': 0.2559, 'a_score': 0.0949};RandomForestClassifier()
RandomForestClassifier;1.0;1.0;1.0;1.0;1.0;1.0;1.0;1.0;0.7783;0.8176;0.7783;0.7714;1.0;not-balanced;100;10;kbest;['fear', 'anger', 'anticipation', 'trust', 'surprise', 'sadness', 'disgust', 'joy', 'e_score', 'a_score'];{'fear': 0.0, 'anger': 0.0, 'anticipation': 0.0, 'trust': 0.0, 'surprise': 0.0, 'sadness': 0.0, 'disgust': 0.0, 'joy': 0.0, 'e_score': 0.2336, 'a_score': 0.1158};RandomForestClassifier()
RandomForestClassifier;1.0;1.0;1.0;1.0;1.0;1.0;1.0;1.0;0.7757;0.8133;0.7757;0.7689;1.0;not-balanced;100;10;kbest;['fear', 'anger', 'anticipation', 'trust', 'surprise', 'sadness', 'disgust', 'joy', 'e_score', 'a_score'];{'fear': 0.0, 'anger': 0.0, 'anticipation': 0.0, 'trust': 0.0, 'surprise': 0.0, 'sadness': 0.0, 'disgust': 0.0, 'joy': 0.0, 'e_score': 0.2549, 'a_score': 0.0935};RandomForestClassifier()
MLPClassifier;1.0;1.0;1.0;1.0;1.0;1.0;1.0;1.0;0.7746;0.8126;0.7746;0.7677;1.0;not-balanced;100;10;kbest;['fear', 'anger', 'anticipation', 'trust', 'surprise', 'sadness', 'disgust', 'joy', 'e_score', 'a_score'];{'fear': 0.0, 'anger': 0.0, 'anticipation': 0.0, 'trust': 0.0, 'surprise': 0.0, 'sadness': 0.0, 'disgust': 0.0, 'joy': 0.0, 'e_score': 0.3493, 'a_score': 0.2256};MLPClassifier()
MLPClassifier;0.9882;0.9891;0.9882;0.98;1.0;1.0;1.0;1.0;0.7745;0.8125;0.7745;0.7677;0.9883;not-balanced;100;10;kbest;['fear', 'anger', 'anticipation', 'trust', 'surprise', 'sadness', 'disgust', 'joy', 'e_score', 'a_score'];{'fear': 0.0, 'anger': 0.0, 'anticipation': 0.0, 'trust': 0.0, 'surprise': 0.0, 'sadness': 0.0, 'disgust': 0.0, 'joy': 0.0, 'e_score': 0.3509, 'a_score': 0.2251};MLPClassifier()
MLPClassifier;0.9942;0.9946;0.9942;0.9902;1.0;1.0;1.0;1.0;0.7659;0.8071;0.7659;0.7581;0.9941;not-balanced;100;10;kbest;['fear', 'anger', 'anticipation', 'trust', 'surprise', 'sadness', 'disgust', 'joy', 'e_score', 'a_score'];{'fear': 0.0, 'anger': 0.0, 'anticipation': 0.0, 'trust': 0.0, 'surprise': 0.0, 'sadness': 0.0, 'disgust': 0.0, 'joy': 0.0, 'e_score': 0.3489, 'a_score': 0.2277};MLPClassifier()
MLPClassifier;1.0;1.0;1.0;1.0;1.0;1.0;1.0;1.0;0.755;0.8002;0.755;0.7457;1.0;not-balanced;100;10;kbest;['fear', 'anger', 'anticipation', 'trust', 'surprise', 'sadness', 'disgust', 'joy', 'e_score', 'a_score'];{'fear': 0.0, 'anger': 0.0, 'anticipation': 0.0, 'trust': 0.0, 'surprise': 0.0, 'sadness': 0.0, 'disgust': 0.0, 'joy': 0.0, 'e_score': 0.3503, 'a_score': 0.224};MLPClassifier()
MLPClassifier;1.0;1.0;1.0;1.0;1.0;1.0;1.0;1.0;0.7257;0.7819;0.7257;0.7117;1.0;not-balanced;100;10;kbest;['fear', 'anger', 'anticipation', 'trust', 'surprise', 'sadness', 'disgust', 'joy', 'e_score', 'a_score'];{'fear': 0.0, 'anger': 0.0, 'anticipation': 0.0, 'trust': 0.0, 'surprise': 0.0, 'sadness': 0.0, 'disgust': 0.0, 'joy': 0.0, 'e_score': 0.3457, 'a_score': 0.2293};MLPClassifier()
MLPClassifier;1.0;1.0;1.0;1.0;1.0;1.0;1.0;1.0;0.7256;0.7819;0.7256;0.7116;1.0;not-balanced;100;10;kbest;['fear', 'anger', 'anticipation', 'trust', 'surprise', 'sadness', 'disgust', 'joy', 'e_score', 'a_score'];{'fear': 0.0, 'anger': 0.0, 'anticipation': 0.0, 'trust': 0.0, 'surprise': 0.0, 'sadness': 0.0, 'disgust': 0.0, 'joy': 0.0, 'e_score': 0.3483, 'a_score': 0.23};MLPClassifier()
MLPClassifier;1.0;1.0;1.0;1.0;1.0;1.0;1.0;1.0;0.7256;0.7819;0.7256;0.7116;1.0;not-balanced;100;10;kbest;['fear', 'anger', 'anticipation', 'trust', 'surprise', 'sadness', 'disgust', 'joy', 'e_score', 'a_score'];{'fear': 0.0, 'anger': 0.0, 'anticipation': 0.0, 'trust': 0.0, 'surprise': 0.0, 'sadness': 0.0, 'disgust': 0.0, 'joy': 0.0, 'e_score': 0.3459, 'a_score': 0.2282};MLPClassifier()
MLPClassifier;0.9997;0.9997;0.9997;0.9995;1.0;1.0;1.0;1.0;0.7256;0.7819;0.7256;0.7116;1.0;not-balanced;100;10;kbest;['fear', 'anger', 'anticipation', 'trust', 'surprise', 'sadness', 'disgust', 'joy', 'e_score', 'a_score'];{'fear': 0.0, 'anger': 0.0, 'anticipation': 0.0, 'trust': 0.0, 'surprise': 0.0, 'sadness': 0.0, 'disgust': 0.0, 'joy': 0.0, 'e_score': 0.3477, 'a_score': 0.2288};MLPClassifier()
MLPClassifier;0.9941;0.9945;0.9941;0.9902;1.0;1.0;1.0;1.0;0.7256;0.7819;0.7256;0.7116;0.9941;not-balanced;100;10;kbest;['fear', 'anger', 'anticipation', 'trust', 'surprise', 'sadness', 'disgust', 'joy', 'e_score', 'a_score'];{'fear': 0.0, 'anger': 0.0, 'anticipation': 0.0, 'trust': 0.0, 'surprise': 0.0, 'sadness': 0.0, 'disgust': 0.0, 'joy': 0.0, 'e_score': 0.3469, 'a_score': 0.2276};MLPClassifier()
MLPClassifier;1.0;1.0;1.0;1.0;1.0;1.0;1.0;1.0;0.7256;0.7819;0.7256;0.7116;1.0;not-balanced;100;10;kbest;['fear', 'anger', 'anticipation', 'trust', 'surprise', 'sadness', 'disgust', 'joy', 'e_score', 'a_score'];{'fear': 0.0, 'anger': 0.0, 'anticipation': 0.0, 'trust': 0.0, 'surprise': 0.0, 'sadness': 0.0, 'disgust': 0.0, 'joy': 0.0, 'e_score': 0.3468, 'a_score': 0.2309};MLPClassifier()
LogisticRegression;0.9415;0.9456;0.9415;0.9039;0.9482;0.9513;0.9482;0.945;0.7254;0.7817;0.7254;0.7113;0.9119;not-balanced;100;10;kbest;['fear', 'anger', 'anticipation', 'trust', 'surprise', 'sadness', 'disgust', 'joy', 'e_score', 'a_score'];{'fear': -0.0001, 'anger': -0.0, 'anticipation': -0.0001, 'trust': -0.0, 'surprise': -0.0001, 'sadness': -0.0001, 'disgust': -0.0002, 'joy': 0.0002, 'e_score': 0.2338, 'a_score': 0.1105};LogisticRegression(max_iter=100000, multi_class='multinomial')
LogisticRegression;0.9428;0.9467;0.9428;0.9054;0.9367;0.9414;0.9367;0.9325;0.7249;0.7814;0.7249;0.7108;0.913;not-balanced;100;10;kbest;['fear', 'anger', 'anticipation', 'trust', 'surprise', 'sadness', 'disgust', 'joy', 'e_score', 'a_score'];{'fear': -0.0001, 'anger': -0.0001, 'anticipation': 0.0, 'trust': 0.0001, 'surprise': -0.0, 'sadness': -0.0, 'disgust': -0.0001, 'joy': 0.0004, 'e_score': 0.2317, 'a_score': 0.1083};LogisticRegression(max_iter=100000, multi_class='multinomial')
LogisticRegression;0.9419;0.9459;0.9419;0.9032;0.9452;0.9488;0.9452;0.9422;0.7248;0.7814;0.7248;0.7107;0.9107;not-balanced;100;10;kbest;['fear', 'anger', 'anticipation', 'trust', 'surprise', 'sadness', 'disgust', 'joy', 'e_score', 'a_score'];{'fear': -0.0001, 'anger': -0.0001, 'anticipation': -0.0, 'trust': -0.0, 'surprise': -0.0, 'sadness': -0.0, 'disgust': -0.0002, 'joy': 0.0002, 'e_score': 0.2319, 'a_score': 0.1106};LogisticRegression(max_iter=100000, multi_class='multinomial')
LogisticRegression;0.9419;0.9459;0.9419;0.9037;0.9446;0.9482;0.9446;0.9414;0.7248;0.7814;0.7248;0.7107;0.9112;not-balanced;100;10;kbest;['fear', 'anger', 'anticipation', 'trust', 'surprise', 'sadness', 'disgust', 'joy', 'e_score', 'a_score'];{'fear': -0.0001, 'anger': -0.0001, 'anticipation': -0.0, 'trust': -0.0, 'surprise': -0.0001, 'sadness': 0.0, 'disgust': -0.0001, 'joy': 0.0003, 'e_score': 0.2321, 'a_score': 0.1097};LogisticRegression(max_iter=100000, multi_class='multinomial')
LogisticRegression;0.9421;0.9461;0.9421;0.904;0.9428;0.9467;0.9428;0.9395;0.724;0.7808;0.724;0.7097;0.9118;not-balanced;100;10;kbest;['fear', 'anger', 'anticipation', 'trust', 'surprise', 'sadness', 'disgust', 'joy', 'e_score', 'a_score'];{'fear': -0.0001, 'anger': -0.0, 'anticipation': -0.0, 'trust': 0.0001, 'surprise': -0.0001, 'sadness': -0.0, 'disgust': -0.0002, 'joy': 0.0001, 'e_score': 0.2309, 'a_score': 0.1084};LogisticRegression(max_iter=100000, multi_class='multinomial')
LogisticRegression;0.942;0.946;0.942;0.9039;0.9443;0.948;0.9443;0.941;0.7239;0.7808;0.7239;0.7096;0.9122;not-balanced;100;10;kbest;['fear', 'anger', 'anticipation', 'trust', 'surprise', 'sadness', 'disgust', 'joy', 'e_score', 'a_score'];{'fear': -0.0001, 'anger': -0.0, 'anticipation': 0.0, 'trust': 0.0, 'surprise': -0.0, 'sadness': -0.0001, 'disgust': -0.0002, 'joy': 0.0003, 'e_score': 0.2341, 'a_score': 0.1085};LogisticRegression(max_iter=100000, multi_class='multinomial')
LogisticRegression;0.9425;0.9464;0.9425;0.9047;0.9391;0.9435;0.9391;0.9354;0.7238;0.7807;0.7238;0.7095;0.9122;not-balanced;100;10;kbest;['fear', 'anger', 'anticipation', 'trust', 'surprise', 'sadness', 'disgust', 'joy', 'e_score', 'a_score'];{'fear': -0.0001, 'anger': -0.0001, 'anticipation': -0.0, 'trust': -0.0, 'surprise': -0.0001, 'sadness': -0.0001, 'disgust': -0.0002, 'joy': 0.0003, 'e_score': 0.2332, 'a_score': 0.1084};LogisticRegression(max_iter=100000, multi_class='multinomial')
LogisticRegression;0.9425;0.9464;0.9425;0.9045;0.94;0.9443;0.94;0.9364;0.7238;0.7807;0.7238;0.7094;0.9121;not-balanced;100;10;kbest;['fear', 'anger', 'anticipation', 'trust', 'surprise', 'sadness', 'disgust', 'joy', 'e_score', 'a_score'];{'fear': -0.0001, 'anger': -0.0, 'anticipation': -0.0, 'trust': 0.0, 'surprise': -0.0, 'sadness': -0.0, 'disgust': -0.0001, 'joy': 0.0003, 'e_score': 0.2333, 'a_score': 0.1089};LogisticRegression(max_iter=100000, multi_class='multinomial')
LogisticRegression;0.9421;0.9461;0.9421;0.9041;0.9434;0.9472;0.9434;0.94;0.7234;0.7805;0.7234;0.709;0.9116;not-balanced;100;10;kbest;['fear', 'anger', 'anticipation', 'trust', 'surprise', 'sadness', 'disgust', 'joy', 'e_score', 'a_score'];{'fear': -0.0001, 'anger': -0.0001, 'anticipation': -0.0, 'trust': 0.0, 'surprise': -0.0001, 'sadness': -0.0, 'disgust': -0.0002, 'joy': 0.0002, 'e_score': 0.2323, 'a_score': 0.1092};LogisticRegression(max_iter=100000, multi_class='multinomial')
LogisticRegression;0.9427;0.9466;0.9427;0.9051;0.9376;0.9422;0.9376;0.9336;0.7232;0.7804;0.7232;0.7088;0.9134;not-balanced;100;10;kbest;['fear', 'anger', 'anticipation', 'trust', 'surprise', 'sadness', 'disgust', 'joy', 'e_score', 'a_score'];{'fear': -0.0001, 'anger': -0.0001, 'anticipation': -0.0, 'trust': 0.0, 'surprise': -0.0001, 'sadness': -0.0, 'disgust': -0.0002, 'joy': 0.0003, 'e_score': 0.2309, 'a_score': 0.1095};LogisticRegression(max_iter=100000, multi_class='multinomial')
KNeighborsClassifier;0.9994;0.9994;0.9994;0.9991;0.9994;0.9994;0.9994;0.9994;0.694;0.7626;0.694;0.6731;1.0;not-balanced;100;10;kbest;['fear', 'anger', 'anticipation', 'trust', 'surprise', 'sadness', 'disgust', 'joy', 'e_score', 'a_score'];{'fear': 0.0002, 'anger': 0.0002, 'anticipation': 0.0, 'trust': 0.0001, 'surprise': -0.0, 'sadness': 0.0001, 'disgust': 0.0, 'joy': 0.0002, 'e_score': 0.2482, 'a_score': 0.1502};KNeighborsClassifier()
KNeighborsClassifier;0.9995;0.9995;0.9995;0.9992;1.0;1.0;1.0;1.0;0.694;0.7625;0.694;0.6732;1.0;not-balanced;100;10;kbest;['fear', 'anger', 'anticipation', 'trust', 'surprise', 'sadness', 'disgust', 'joy', 'e_score', 'a_score'];{'fear': 0.0001, 'anger': 0.0, 'anticipation': -0.0001, 'trust': -0.0, 'surprise': 0.0, 'sadness': 0.0, 'disgust': 0.0, 'joy': 0.0001, 'e_score': 0.243, 'a_score': 0.1433};KNeighborsClassifier()
KNeighborsClassifier;0.9996;0.9996;0.9996;0.9994;0.9997;0.9997;0.9997;0.9997;0.694;0.7625;0.694;0.6731;1.0;not-balanced;100;10;kbest;['fear', 'anger', 'anticipation', 'trust', 'surprise', 'sadness', 'disgust', 'joy', 'e_score', 'a_score'];{'fear': 0.0, 'anger': 0.0001, 'anticipation': -0.0, 'trust': 0.0001, 'surprise': -0.0001, 'sadness': 0.0, 'disgust': 0.0, 'joy': 0.0001, 'e_score': 0.2485, 'a_score': 0.156};KNeighborsClassifier()
KNeighborsClassifier;0.9994;0.9994;0.9994;0.9991;0.9991;0.9991;0.9991;0.9991;0.6939;0.7625;0.6939;0.6731;1.0;not-balanced;100;10;kbest;['fear', 'anger', 'anticipation', 'trust', 'surprise', 'sadness', 'disgust', 'joy', 'e_score', 'a_score'];{'fear': 0.0004, 'anger': 0.0001, 'anticipation': -0.0001, 'trust': 0.0, 'surprise': -0.0002, 'sadness': 0.0002, 'disgust': -0.0, 'joy': 0.0001, 'e_score': 0.2684, 'a_score': 0.1758};KNeighborsClassifier()
KNeighborsClassifier;0.9993;0.9993;0.9993;0.999;0.9997;0.9997;0.9997;0.9997;0.6938;0.7622;0.6938;0.673;1.0;not-balanced;100;10;kbest;['fear', 'anger', 'anticipation', 'trust', 'surprise', 'sadness', 'disgust', 'joy', 'e_score', 'a_score'];{'fear': 0.0, 'anger': 0.0, 'anticipation': 0.0008, 'trust': 0.0, 'surprise': -0.0001, 'sadness': -0.0001, 'disgust': -0.0001, 'joy': 0.0002, 'e_score': 0.2728, 'a_score': 0.1855};KNeighborsClassifier()
KNeighborsClassifier;0.9995;0.9995;0.9995;0.9992;0.9988;0.9988;0.9988;0.9988;0.6937;0.762;0.6937;0.6729;0.9998;not-balanced;100;10;kbest;['fear', 'anger', 'anticipation', 'trust', 'surprise', 'sadness', 'disgust', 'joy', 'e_score', 'a_score'];{'fear': 0.0003, 'anger': 0.0002, 'anticipation': -0.0, 'trust': 0.0002, 'surprise': -0.0, 'sadness': 0.0002, 'disgust': -0.0, 'joy': 0.0, 'e_score': 0.2681, 'a_score': 0.1788};KNeighborsClassifier()
KNeighborsClassifier;0.9994;0.9994;0.9994;0.9991;0.9994;0.9994;0.9994;0.9994;0.6937;0.762;0.6937;0.6729;1.0;not-balanced;100;10;kbest;['fear', 'anger', 'anticipation', 'trust', 'surprise', 'sadness', 'disgust', 'joy', 'e_score', 'a_score'];{'fear': 0.0001, 'anger': 0.0001, 'anticipation': -0.0002, 'trust': 0.0, 'surprise': -0.0001, 'sadness': 0.0001, 'disgust': -0.0, 'joy': -0.0001, 'e_score': 0.2474, 'a_score': 0.1548};KNeighborsClassifier()
KNeighborsClassifier;0.9994;0.9994;0.9994;0.9991;0.9991;0.9991;0.9991;0.9991;0.6937;0.7622;0.6937;0.6729;1.0;not-balanced;100;10;kbest;['fear', 'anger', 'anticipation', 'trust', 'surprise', 'sadness', 'disgust', 'joy', 'e_score', 'a_score'];{'fear': 0.0001, 'anger': 0.0004, 'anticipation': 0.0001, 'trust': 0.0001, 'surprise': -0.0, 'sadness': 0.0, 'disgust': 0.0, 'joy': 0.0003, 'e_score': 0.2725, 'a_score': 0.1874};KNeighborsClassifier()
KNeighborsClassifier;0.9993;0.9993;0.9993;0.9989;0.9994;0.9994;0.9994;0.9994;0.6936;0.762;0.6936;0.6728;1.0;not-balanced;100;10;kbest;['fear', 'anger', 'anticipation', 'trust', 'surprise', 'sadness', 'disgust', 'joy', 'e_score', 'a_score'];{'fear': 0.0002, 'anger': 0.0003, 'anticipation': 0.0, 'trust': 0.0001, 'surprise': -0.0, 'sadness': 0.0001, 'disgust': 0.0001, 'joy': 0.0002, 'e_score': 0.2711, 'a_score': 0.1869};KNeighborsClassifier()
KNeighborsClassifier;0.9994;0.9994;0.9994;0.9991;0.9985;0.9985;0.9985;0.9985;0.6934;0.762;0.6934;0.6726;1.0;not-balanced;100;10;kbest;['fear', 'anger', 'anticipation', 'trust', 'surprise', 'sadness', 'disgust', 'joy', 'e_score', 'a_score'];{'fear': -0.0001, 'anger': 0.0003, 'anticipation': -0.0001, 'trust': 0.0002, 'surprise': 0.0, 'sadness': -0.0, 'disgust': -0.0001, 'joy': 0.0003, 'e_score': 0.2702, 'a_score': 0.186};KNeighborsClassifier()
GaussianNB;0.9343;0.9353;0.9343;0.8931;0.9373;0.9379;0.9373;0.9343;0.6911;0.7556;0.6911;0.6709;0.8829;not-balanced;100;10;kbest;['fear', 'anger', 'anticipation', 'trust', 'surprise', 'sadness', 'disgust', 'joy', 'e_score', 'a_score'];{'fear': 0.0, 'anger': 0.0001, 'anticipation': -0.0012, 'trust': -0.0011, 'surprise': 0.001, 'sadness': 0.0001, 'disgust': 0.0012, 'joy': -0.0009, 'e_score': 0.159, 'a_score': 0.0892};GaussianNB()
GaussianNB;0.936;0.9374;0.936;0.8954;0.9328;0.9336;0.9328;0.9296;0.6911;0.7562;0.6911;0.6707;0.8808;not-balanced;100;10;kbest;['fear', 'anger', 'anticipation', 'trust', 'surprise', 'sadness', 'disgust', 'joy', 'e_score', 'a_score'];{'fear': -0.0001, 'anger': -0.0, 'anticipation': -0.0015, 'trust': -0.0011, 'surprise': 0.0006, 'sadness': -0.0, 'disgust': 0.0008, 'joy': -0.0007, 'e_score': 0.1596, 'a_score': 0.0898};GaussianNB()
GaussianNB;0.9346;0.9354;0.9346;0.8942;0.9265;0.9269;0.9265;0.9224;0.6902;0.7545;0.6902;0.6699;0.885;not-balanced;100;10;kbest;['fear', 'anger', 'anticipation', 'trust', 'surprise', 'sadness', 'disgust', 'joy', 'e_score', 'a_score'];{'fear': 0.0002, 'anger': 0.0, 'anticipation': -0.0016, 'trust': -0.0012, 'surprise': 0.0006, 'sadness': 0.0, 'disgust': 0.0015, 'joy': -0.0015, 'e_score': 0.1594, 'a_score': 0.0908};GaussianNB()
GaussianNB;0.9321;0.9323;0.9321;0.8902;0.9289;0.929;0.9289;0.9254;0.6898;0.753;0.6898;0.6697;0.8864;not-balanced;100;10;kbest;['fear', 'anger', 'anticipation', 'trust', 'surprise', 'sadness', 'disgust', 'joy', 'e_score', 'a_score'];{'fear': 0.0003, 'anger': 0.0001, 'anticipation': -0.0012, 'trust': -0.001, 'surprise': 0.0004, 'sadness': 0.0001, 'disgust': 0.0018, 'joy': -0.0009, 'e_score': 0.1577, 'a_score': 0.0898};GaussianNB()
GaussianNB;0.9334;0.9342;0.9334;0.8918;0.941;0.9425;0.941;0.9381;0.6889;0.7537;0.6889;0.6683;0.8847;not-balanced;100;10;kbest;['fear', 'anger', 'anticipation', 'trust', 'surprise', 'sadness', 'disgust', 'joy', 'e_score', 'a_score'];{'fear': 0.0002, 'anger': 0.0, 'anticipation': -0.0016, 'trust': -0.0016, 'surprise': 0.0008, 'sadness': 0.0001, 'disgust': 0.0008, 'joy': -0.0016, 'e_score': 0.1588, 'a_score': 0.0888};GaussianNB()
GaussianNB;0.9334;0.9343;0.9334;0.8915;0.9367;0.9375;0.9367;0.934;0.6889;0.754;0.6889;0.6682;0.8813;not-balanced;100;10;kbest;['fear', 'anger', 'anticipation', 'trust', 'surprise', 'sadness', 'disgust', 'joy', 'e_score', 'a_score'];{'fear': 0.0004, 'anger': -0.0, 'anticipation': -0.0017, 'trust': -0.0015, 'surprise': 0.0006, 'sadness': 0.0001, 'disgust': 0.0007, 'joy': -0.0016, 'e_score': 0.1582, 'a_score': 0.0882};GaussianNB()
GaussianNB;0.9342;0.935;0.9342;0.8928;0.9313;0.9323;0.9313;0.928;0.6685;0.7398;0.6685;0.6426;0.8876;not-balanced;100;10;kbest;['fear', 'anger', 'anticipation', 'trust', 'surprise', 'sadness', 'disgust', 'joy', 'e_score', 'a_score'];{'fear': 0.0001, 'anger': -0.0, 'anticipation': -0.002, 'trust': -0.0014, 'surprise': 0.0003, 'sadness': 0.0, 'disgust': 0.0015, 'joy': -0.0014, 'e_score': 0.1596, 'a_score': 0.0877};GaussianNB()
GaussianNB;0.9328;0.9332;0.9328;0.8917;0.9325;0.9326;0.9325;0.9291;0.668;0.7382;0.668;0.6423;0.8833;not-balanced;100;10;kbest;['fear', 'anger', 'anticipation', 'trust', 'surprise', 'sadness', 'disgust', 'joy', 'e_score', 'a_score'];{'fear': 0.0003, 'anger': -0.0002, 'anticipation': -0.0019, 'trust': -0.0011, 'surprise': 0.0007, 'sadness': 0.0, 'disgust': 0.0012, 'joy': -0.0012, 'e_score': 0.1586, 'a_score': 0.0906};GaussianNB()
GaussianNB;0.9323;0.9327;0.9323;0.8902;0.937;0.9375;0.937;0.9343;0.6676;0.7382;0.6676;0.6417;0.8852;not-balanced;100;10;kbest;['fear', 'anger', 'anticipation', 'trust', 'surprise', 'sadness', 'disgust', 'joy', 'e_score', 'a_score'];{'fear': 0.0001, 'anger': -0.0003, 'anticipation': -0.0014, 'trust': -0.0013, 'surprise': 0.0001, 'sadness': -0.0001, 'disgust': 0.0012, 'joy': -0.002, 'e_score': 0.1583, 'a_score': 0.0897};GaussianNB()
GaussianNB;0.9336;0.9344;0.9336;0.8923;0.9331;0.9339;0.9331;0.9298;0.6674;0.7385;0.6674;0.6414;0.8875;not-balanced;100;10;kbest;['fear', 'anger', 'anticipation', 'trust', 'surprise', 'sadness', 'disgust', 'joy', 'e_score', 'a_score'];{'fear': -0.0, 'anger': -0.0002, 'anticipation': -0.0018, 'trust': -0.0016, 'surprise': 0.0005, 'sadness': 0.0, 'disgust': 0.0017, 'joy': -0.0019, 'e_score': 0.1587, 'a_score': 0.0891};GaussianNB()
SVC;0.9249;0.9323;0.9249;0.9051;0.9385;0.9436;0.9385;0.9366;0.6303;0.6314;0.6303;0.6308;0.9999;not-balanced;100;10;kbest;['fear', 'anger', 'anticipation', 'trust', 'surprise', 'sadness', 'disgust', 'joy', 'e_score', 'a_score'];{'fear': 0.0003, 'anger': 0.0001, 'anticipation': 0.0001, 'trust': 0.0002, 'surprise': -0.0001, 'sadness': 0.0004, 'disgust': 0.0, 'joy': -0.0001, 'e_score': 0.237, 'a_score': 0.2856};SVC(probability=True)
SVC;0.9281;0.935;0.9281;0.9099;0.9425;0.9469;0.9425;0.9408;0.6254;0.6277;0.6254;0.6265;0.9999;not-balanced;100;10;kbest;['fear', 'anger', 'anticipation', 'trust', 'surprise', 'sadness', 'disgust', 'joy', 'e_score', 'a_score'];{'fear': -0.0001, 'anger': 0.0002, 'anticipation': 0.0002, 'trust': -0.0003, 'surprise': -0.0001, 'sadness': 0.0005, 'disgust': 0.0001, 'joy': -0.0002, 'e_score': 0.2395, 'a_score': 0.2862};SVC(probability=True)
SVC;0.9308;0.9372;0.9308;0.9135;0.9331;0.9391;0.9331;0.9308;0.6252;0.6279;0.6252;0.6265;0.9999;not-balanced;100;10;kbest;['fear', 'anger', 'anticipation', 'trust', 'surprise', 'sadness', 'disgust', 'joy', 'e_score', 'a_score'];{'fear': 0.0, 'anger': 0.0001, 'anticipation': -0.0, 'trust': 0.0, 'surprise': -0.0001, 'sadness': 0.0007, 'disgust': 0.0003, 'joy': -0.0002, 'e_score': 0.2393, 'a_score': 0.2899};SVC(probability=True)
SVC;0.9296;0.9362;0.9296;0.9122;0.9352;0.9408;0.9352;0.9328;0.6251;0.6275;0.6251;0.6262;0.9999;not-balanced;100;10;kbest;['fear', 'anger', 'anticipation', 'trust', 'surprise', 'sadness', 'disgust', 'joy', 'e_score', 'a_score'];{'fear': 0.0001, 'anger': 0.0002, 'anticipation': 0.0003, 'trust': -0.0002, 'surprise': -0.0001, 'sadness': 0.0006, 'disgust': 0.0001, 'joy': -0.0002, 'e_score': 0.2402, 'a_score': 0.2874};SVC(probability=True)
SVC;0.9304;0.9369;0.9304;0.9132;0.9379;0.9431;0.9379;0.9358;0.6249;0.6275;0.6249;0.6261;0.9999;not-balanced;100;10;kbest;['fear', 'anger', 'anticipation', 'trust', 'surprise', 'sadness', 'disgust', 'joy', 'e_score', 'a_score'];{'fear': -0.0, 'anger': -0.0002, 'anticipation': -0.0001, 'trust': -0.0001, 'surprise': -0.0001, 'sadness': 0.0006, 'disgust': 0.0001, 'joy': -0.0002, 'e_score': 0.2401, 'a_score': 0.2886};SVC(probability=True)
SVC;0.933;0.939;0.933;0.9165;0.9298;0.9364;0.9298;0.9272;0.6243;0.627;0.6243;0.6256;0.9998;not-balanced;100;10;kbest;['fear', 'anger', 'anticipation', 'trust', 'surprise', 'sadness', 'disgust', 'joy', 'e_score', 'a_score'];{'fear': 0.0001, 'anger': -0.0001, 'anticipation': 0.0, 'trust': -0.0002, 'surprise': -0.0002, 'sadness': 0.0, 'disgust': -0.0001, 'joy': -0.0, 'e_score': 0.2427, 'a_score': 0.2889};SVC(probability=True)
SVC;0.9303;0.9368;0.9303;0.913;0.94;0.9449;0.94;0.9381;0.6227;0.6259;0.6227;0.6242;0.9999;not-balanced;100;10;kbest;['fear', 'anger', 'anticipation', 'trust', 'surprise', 'sadness', 'disgust', 'joy', 'e_score', 'a_score'];{'fear': 0.0001, 'anger': -0.0, 'anticipation': -0.0002, 'trust': -0.0004, 'surprise': -0.0001, 'sadness': -0.0, 'disgust': 0.0, 'joy': -0.0003, 'e_score': 0.2431, 'a_score': 0.2874};SVC(probability=True)
SVC;0.9329;0.9389;0.9329;0.9168;0.9355;0.941;0.9355;0.9331;0.6216;0.625;0.6216;0.6232;0.9999;not-balanced;100;10;kbest;['fear', 'anger', 'anticipation', 'trust', 'surprise', 'sadness', 'disgust', 'joy', 'e_score', 'a_score'];{'fear': 0.0001, 'anger': 0.0, 'anticipation': -0.0001, 'trust': -0.0003, 'surprise': 0.0, 'sadness': 0.0, 'disgust': -0.0, 'joy': -0.0002, 'e_score': 0.2413, 'a_score': 0.2892};SVC(probability=True)
SVC;0.9322;0.9383;0.9322;0.9156;0.9467;0.9505;0.9467;0.9451;0.6212;0.6248;0.6212;0.6228;0.9999;not-balanced;100;10;kbest;['fear', 'anger', 'anticipation', 'trust', 'surprise', 'sadness', 'disgust', 'joy', 'e_score', 'a_score'];{'fear': -0.0, 'anger': -0.0, 'anticipation': 0.0, 'trust': -0.0003, 'surprise': -0.0001, 'sadness': -0.0001, 'disgust': -0.0001, 'joy': -0.0001, 'e_score': 0.2425, 'a_score': 0.2862};SVC(probability=True)
SVC;0.9335;0.9394;0.9335;0.9174;0.937;0.9423;0.937;0.9348;0.6204;0.6242;0.6204;0.6221;1.0;not-balanced;100;10;kbest;['fear', 'anger', 'anticipation', 'trust', 'surprise', 'sadness', 'disgust', 'joy', 'e_score', 'a_score'];{'fear': -0.0005, 'anger': 0.0001, 'anticipation': -0.0001, 'trust': -0.0003, 'surprise': -0.0003, 'sadness': -0.0001, 'disgust': -0.0002, 'joy': -0.0001, 'e_score': 0.243, 'a_score': 0.2907};SVC(probability=True)
SVC;0.9416;0.9457;0.9416;0.9037;0.9494;0.9524;0.9494;0.9466;0.5985;0.6944;0.5985;0.5435;0.7918;not-balanced;100;10;kbest;['fear', 'anger', 'anticipation', 'trust', 'surprise', 'sadness', 'disgust', 'joy', 'e_score', 'a_score'];{'fear': 0.0, 'anger': 0.0, 'anticipation': 0.0, 'trust': 0.0, 'surprise': 0.0, 'sadness': 0.0, 'disgust': 0.0, 'joy': 0.0, 'e_score': 0.1658, 'a_score': 0.0932};SVC(probability=True)
SVC;0.9422;0.9462;0.9422;0.9041;0.944;0.9477;0.944;0.9408;0.5985;0.6944;0.5985;0.5435;0.7936;not-balanced;100;10;kbest;['fear', 'anger', 'anticipation', 'trust', 'surprise', 'sadness', 'disgust', 'joy', 'e_score', 'a_score'];{'fear': 0.0, 'anger': 0.0, 'anticipation': 0.0, 'trust': 0.0, 'surprise': 0.0, 'sadness': 0.0, 'disgust': 0.0, 'joy': 0.0, 'e_score': 0.1641, 'a_score': 0.0939};SVC(probability=True)
SVC;0.9425;0.9464;0.9425;0.9048;0.9415;0.9456;0.9415;0.938;0.5985;0.6944;0.5985;0.5435;0.7946;not-balanced;100;10;kbest;['fear', 'anger', 'anticipation', 'trust', 'surprise', 'sadness', 'disgust', 'joy', 'e_score', 'a_score'];{'fear': 0.0, 'anger': 0.0, 'anticipation': 0.0, 'trust': 0.0, 'surprise': 0.0, 'sadness': 0.0, 'disgust': 0.0, 'joy': 0.0, 'e_score': 0.164, 'a_score': 0.0941};SVC(probability=True)
SVC;0.9429;0.9468;0.9429;0.9056;0.9379;0.9425;0.9379;0.9338;0.5985;0.6944;0.5985;0.5435;0.7964;not-balanced;100;10;kbest;['fear', 'anger', 'anticipation', 'trust', 'surprise', 'sadness', 'disgust', 'joy', 'e_score', 'a_score'];{'fear': 0.0, 'anger': 0.0, 'anticipation': 0.0, 'trust': 0.0, 'surprise': 0.0, 'sadness': 0.0, 'disgust': 0.0, 'joy': 0.0, 'e_score': 0.1654, 'a_score': 0.0927};SVC(probability=True)
SVC;0.9425;0.9464;0.9425;0.9047;0.9416;0.9456;0.9416;0.9381;0.5985;0.6944;0.5985;0.5435;0.7938;not-balanced;100;10;kbest;['fear', 'anger', 'anticipation', 'trust', 'surprise', 'sadness', 'disgust', 'joy', 'e_score', 'a_score'];{'fear': 0.0, 'anger': 0.0, 'anticipation': 0.0, 'trust': 0.0, 'surprise': 0.0, 'sadness': 0.0, 'disgust': 0.0, 'joy': 0.0, 'e_score': 0.1642, 'a_score': 0.0931};SVC(probability=True)
SVC;0.9423;0.9462;0.9423;0.9046;0.9437;0.9474;0.9437;0.9402;0.5985;0.6944;0.5985;0.5435;0.7943;not-balanced;100;10;kbest;['fear', 'anger', 'anticipation', 'trust', 'surprise', 'sadness', 'disgust', 'joy', 'e_score', 'a_score'];{'fear': 0.0, 'anger': 0.0, 'anticipation': 0.0, 'trust': 0.0, 'surprise': 0.0, 'sadness': 0.0, 'disgust': 0.0, 'joy': 0.0, 'e_score': 0.165, 'a_score': 0.0931};SVC(probability=True)
SVC;0.9431;0.9469;0.9431;0.9055;0.9361;0.941;0.9361;0.9321;0.5985;0.6944;0.5985;0.5435;0.7959;not-balanced;100;10;kbest;['fear', 'anger', 'anticipation', 'trust', 'surprise', 'sadness', 'disgust', 'joy', 'e_score', 'a_score'];{'fear': 0.0, 'anger': 0.0, 'anticipation': 0.0, 'trust': 0.0, 'surprise': 0.0, 'sadness': 0.0, 'disgust': 0.0, 'joy': 0.0, 'e_score': 0.1643, 'a_score': 0.094};SVC(probability=True)
SVC;0.9424;0.9463;0.9424;0.9041;0.9428;0.9467;0.9428;0.9395;0.5985;0.6944;0.5985;0.5435;0.793;not-balanced;100;10;kbest;['fear', 'anger', 'anticipation', 'trust', 'surprise', 'sadness', 'disgust', 'joy', 'e_score', 'a_score'];{'fear': 0.0, 'anger': 0.0, 'anticipation': 0.0, 'trust': 0.0, 'surprise': 0.0, 'sadness': 0.0, 'disgust': 0.0, 'joy': 0.0, 'e_score': 0.1643, 'a_score': 0.0922};SVC(probability=True)
SVC;0.9419;0.9459;0.9419;0.9041;0.947;0.9503;0.947;0.9439;0.5985;0.6944;0.5985;0.5435;0.793;not-balanced;100;10;kbest;['fear', 'anger', 'anticipation', 'trust', 'surprise', 'sadness', 'disgust', 'joy', 'e_score', 'a_score'];{'fear': 0.0, 'anger': 0.0, 'anticipation': 0.0, 'trust': 0.0, 'surprise': 0.0, 'sadness': 0.0, 'disgust': 0.0, 'joy': 0.0, 'e_score': 0.165, 'a_score': 0.0943};SVC(probability=True)
SVC;0.9427;0.9466;0.9427;0.9048;0.94;0.9443;0.94;0.9364;0.5985;0.6944;0.5985;0.5435;0.7948;not-balanced;100;10;kbest;['fear', 'anger', 'anticipation', 'trust', 'surprise', 'sadness', 'disgust', 'joy', 'e_score', 'a_score'];{'fear': 0.0, 'anger': 0.0, 'anticipation': 0.0, 'trust': 0.0, 'surprise': 0.0, 'sadness': 0.0, 'disgust': 0.0, 'joy': 0.0, 'e_score': 0.1658, 'a_score': 0.0924};SVC(probability=True)
