Algorithm,Train Accuracy,Train Precision,Train Recall,Train F1 Score,Test Accuracy,Test Precision,Test Recall,Test F1 Score,Val. Accuracy,Val. Precision,Val. Recall,Val. F1 Score,AUC,Bal. Strategy,% of Features,Folds,Fold,Execution,Random State,Feat. Selec. Strategy,Features,Features Importance,Model
MLPClassifier,0.8363,0.8495,0.8363,0.8127,0.8648,0.8845,0.8648,0.8569,0.8708,0.8885,0.8708,0.8636,0.9195,not-balanced,100,10,10,1,967,kbest,"['fear', 'anger', 'anticipation', 'trust', 'surprise', 'sadness', 'disgust', 'joy', 'a_score']","{'fear': 0.0026, 'anger': 0.0008, 'anticipation': 0.0008, 'trust': 0.0011, 'surprise': 0.0013, 'sadness': 0.0032, 'disgust': 0.0024, 'joy': 0.0028, 'a_score': 0.2924}",MLPClassifier()
MLPClassifier,0.8369,0.8509,0.8369,0.8125,0.8641,0.8868,0.8641,0.855,0.8706,0.8914,0.8706,0.8628,0.9187,not-balanced,100,10,9,4,422,kbest,"['fear', 'anger', 'anticipation', 'trust', 'surprise', 'sadness', 'disgust', 'joy', 'a_score']","{'fear': 0.0018, 'anger': -0.0, 'anticipation': 0.0005, 'trust': 0.0, 'surprise': 0.0001, 'sadness': 0.0, 'disgust': 0.0005, 'joy': 0.0009, 'a_score': 0.2962}",MLPClassifier()
MLPClassifier,0.8349,0.8496,0.8349,0.8103,0.8634,0.8815,0.8634,0.8554,0.8703,0.8874,0.8703,0.8633,0.914,not-balanced,100,10,6,5,2,kbest,"['fear', 'anger', 'anticipation', 'trust', 'surprise', 'sadness', 'disgust', 'joy', 'a_score']","{'fear': 0.0017, 'anger': 0.0011, 'anticipation': 0.0012, 'trust': 0.0011, 'surprise': 0.0013, 'sadness': 0.0012, 'disgust': 0.0019, 'joy': 0.0019, 'a_score': 0.3019}",MLPClassifier()
MLPClassifier,0.8322,0.8433,0.8322,0.8115,0.8639,0.8811,0.8639,0.8565,0.8702,0.8861,0.8702,0.8633,0.9164,not-balanced,100,10,4,2,473,kbest,"['fear', 'anger', 'anticipation', 'trust', 'surprise', 'sadness', 'disgust', 'joy', 'a_score']","{'fear': 0.0024, 'anger': 0.0008, 'anticipation': 0.0012, 'trust': 0.0004, 'surprise': 0.0009, 'sadness': 0.0021, 'disgust': 0.0037, 'joy': 0.0012, 'a_score': 0.291}",MLPClassifier()
MLPClassifier,0.8447,0.8583,0.8447,0.8221,0.8642,0.8834,0.8642,0.8561,0.8701,0.8877,0.8701,0.8629,0.9196,not-balanced,100,10,6,3,97,kbest,"['fear', 'anger', 'anticipation', 'trust', 'surprise', 'sadness', 'disgust', 'joy', 'a_score']","{'fear': 0.0015, 'anger': 0.0008, 'anticipation': 0.0021, 'trust': 0.0003, 'surprise': 0.0011, 'sadness': 0.0017, 'disgust': 0.0006, 'joy': 0.0023, 'a_score': 0.2962}",MLPClassifier()
MLPClassifier,0.8553,0.8702,0.8553,0.8336,0.8565,0.8768,0.8565,0.8477,0.8701,0.8869,0.8701,0.8631,0.9255,not-balanced,100,10,1,3,299,kbest,"['fear', 'anger', 'anticipation', 'trust', 'surprise', 'sadness', 'disgust', 'joy', 'a_score']","{'fear': 0.0016, 'anger': 0.001, 'anticipation': 0.0017, 'trust': 0.0005, 'surprise': 0.0008, 'sadness': 0.0028, 'disgust': 0.0013, 'joy': 0.0024, 'a_score': 0.3008}",MLPClassifier()
MLPClassifier,0.8473,0.8645,0.8473,0.8185,0.864,0.8859,0.864,0.8553,0.87,0.8896,0.87,0.8624,0.9153,not-balanced,100,10,5,1,182,kbest,"['fear', 'anger', 'anticipation', 'trust', 'surprise', 'sadness', 'disgust', 'joy', 'a_score']","{'fear': 0.0003, 'anger': 0.0003, 'anticipation': 0.0, 'trust': 0.0005, 'surprise': 0.0003, 'sadness': 0.0002, 'disgust': 0.0006, 'joy': 0.0002, 'a_score': 0.2952}",MLPClassifier()
MLPClassifier,0.8547,0.8701,0.8547,0.8321,0.8619,0.8833,0.8619,0.8529,0.8699,0.8893,0.8699,0.8624,0.9233,not-balanced,100,10,10,2,512,kbest,"['fear', 'anger', 'anticipation', 'trust', 'surprise', 'sadness', 'disgust', 'joy', 'a_score']","{'fear': 0.0003, 'anger': 0.0001, 'anticipation': 0.0007, 'trust': 0.001, 'surprise': 0.0003, 'sadness': 0.0003, 'disgust': -0.0002, 'joy': 0.001, 'a_score': 0.3013}",MLPClassifier()
MLPClassifier,0.8283,0.8446,0.8283,0.7959,0.8607,0.8827,0.8607,0.8523,0.8699,0.8889,0.8699,0.8624,0.9079,not-balanced,100,10,4,4,211,kbest,"['fear', 'anger', 'anticipation', 'trust', 'surprise', 'sadness', 'disgust', 'joy', 'a_score']","{'fear': 0.0013, 'anger': 0.0008, 'anticipation': 0.001, 'trust': 0.0003, 'surprise': 0.0004, 'sadness': 0.0028, 'disgust': 0.0006, 'joy': 0.0017, 'a_score': 0.2982}",MLPClassifier()
MLPClassifier,0.8547,0.8707,0.8547,0.8315,0.8637,0.8853,0.8637,0.8556,0.8698,0.8895,0.8698,0.8622,0.9235,not-balanced,100,10,7,3,709,kbest,"['fear', 'anger', 'anticipation', 'trust', 'surprise', 'sadness', 'disgust', 'joy', 'a_score']","{'fear': 0.0003, 'anger': 0.0012, 'anticipation': 0.0004, 'trust': 0.0009, 'surprise': 0.0001, 'sadness': 0.0007, 'disgust': 0.0012, 'joy': 0.0006, 'a_score': 0.2902}",MLPClassifier()
MLPClassifier,0.8417,0.8574,0.8417,0.8114,0.8665,0.8846,0.8665,0.859,0.8697,0.8868,0.8697,0.8626,0.9137,not-balanced,100,10,7,4,503,kbest,"['fear', 'anger', 'anticipation', 'trust', 'surprise', 'sadness', 'disgust', 'joy', 'a_score']","{'fear': 0.001, 'anger': 0.0006, 'anticipation': 0.0012, 'trust': -0.0007, 'surprise': 0.0004, 'sadness': 0.0016, 'disgust': 0.0003, 'joy': 0.0017, 'a_score': 0.2952}",MLPClassifier()
MLPClassifier,0.8568,0.8724,0.8568,0.8317,0.8652,0.885,0.8652,0.8569,0.8697,0.8884,0.8697,0.8622,0.9238,not-balanced,100,10,8,3,867,kbest,"['fear', 'anger', 'anticipation', 'trust', 'surprise', 'sadness', 'disgust', 'joy', 'a_score']","{'fear': 0.0027, 'anger': 0.001, 'anticipation': 0.0008, 'trust': 0.0012, 'surprise': 0.0016, 'sadness': 0.0018, 'disgust': 0.0013, 'joy': 0.0019, 'a_score': 0.2963}",MLPClassifier()
MLPClassifier,0.8289,0.8434,0.8289,0.8081,0.8623,0.88,0.8623,0.8544,0.8697,0.8867,0.8697,0.8626,0.9142,not-balanced,100,10,5,2,627,kbest,"['fear', 'anger', 'anticipation', 'trust', 'surprise', 'sadness', 'disgust', 'joy', 'a_score']","{'fear': 0.006, 'anger': 0.0008, 'anticipation': 0.0005, 'trust': 0.0003, 'surprise': 0.0004, 'sadness': 0.002, 'disgust': 0.0011, 'joy': 0.0002, 'a_score': 0.2972}",MLPClassifier()
MLPClassifier,0.8459,0.8591,0.8459,0.821,0.8607,0.8788,0.8607,0.8525,0.8697,0.8863,0.8697,0.8627,0.92,not-balanced,100,10,3,5,529,kbest,"['fear', 'anger', 'anticipation', 'trust', 'surprise', 'sadness', 'disgust', 'joy', 'a_score']","{'fear': 0.0021, 'anger': 0.0011, 'anticipation': 0.0012, 'trust': 0.0017, 'surprise': 0.0015, 'sadness': 0.0001, 'disgust': 0.0035, 'joy': 0.0015, 'a_score': 0.2988}",MLPClassifier()
MLPClassifier,0.8444,0.8584,0.8444,0.8201,0.8643,0.8839,0.8643,0.8563,0.8695,0.8872,0.8695,0.8622,0.9173,not-balanced,100,10,7,5,874,kbest,"['fear', 'anger', 'anticipation', 'trust', 'surprise', 'sadness', 'disgust', 'joy', 'a_score']","{'fear': 0.0019, 'anger': 0.0009, 'anticipation': 0.0007, 'trust': 0.0007, 'surprise': 0.0006, 'sadness': 0.0025, 'disgust': 0.0014, 'joy': 0.002, 'a_score': 0.298}",MLPClassifier()
MLPClassifier,0.8527,0.8653,0.8527,0.8277,0.8625,0.8801,0.8625,0.8549,0.8692,0.8852,0.8692,0.8622,0.9215,not-balanced,100,10,2,3,739,kbest,"['fear', 'anger', 'anticipation', 'trust', 'surprise', 'sadness', 'disgust', 'joy', 'a_score']","{'fear': 0.0026, 'anger': 0.0009, 'anticipation': 0.0007, 'trust': 0.0013, 'surprise': 0.0013, 'sadness': 0.0018, 'disgust': 0.001, 'joy': 0.0024, 'a_score': 0.2966}",MLPClassifier()
MLPClassifier,0.8535,0.8707,0.8535,0.8292,0.864,0.8846,0.864,0.8554,0.8692,0.8888,0.8692,0.8615,0.9219,not-balanced,100,10,9,2,983,kbest,"['fear', 'anger', 'anticipation', 'trust', 'surprise', 'sadness', 'disgust', 'joy', 'a_score']","{'fear': 0.0006, 'anger': 0.0009, 'anticipation': 0.001, 'trust': 0.0002, 'surprise': 0.001, 'sadness': 0.0007, 'disgust': 0.001, 'joy': 0.0011, 'a_score': 0.2933}",MLPClassifier()
MLPClassifier,0.8115,0.8203,0.8115,0.7804,0.8642,0.8805,0.8642,0.8569,0.8689,0.8848,0.8689,0.8619,0.9031,not-balanced,100,10,6,2,457,kbest,"['fear', 'anger', 'anticipation', 'trust', 'surprise', 'sadness', 'disgust', 'joy', 'a_score']","{'fear': 0.0011, 'anger': 0.001, 'anticipation': 0.0002, 'trust': 0.0013, 'surprise': 0.0009, 'sadness': 0.0011, 'disgust': 0.0066, 'joy': 0.0018, 'a_score': 0.2927}",MLPClassifier()
MLPClassifier,0.8441,0.8593,0.8441,0.8204,0.866,0.8817,0.866,0.8584,0.8687,0.8846,0.8687,0.8617,0.9229,not-balanced,100,10,1,5,22,kbest,"['fear', 'anger', 'anticipation', 'trust', 'surprise', 'sadness', 'disgust', 'joy', 'a_score']","{'fear': 0.0008, 'anger': 0.0006, 'anticipation': 0.0007, 'trust': 0.0006, 'surprise': 0.0009, 'sadness': 0.0004, 'disgust': 0.0032, 'joy': 0.0015, 'a_score': 0.2988}",MLPClassifier()
MLPClassifier,0.8348,0.8461,0.8348,0.8078,0.8573,0.875,0.8573,0.8493,0.8687,0.8835,0.8687,0.862,0.9128,not-balanced,100,10,5,4,107,kbest,"['fear', 'anger', 'anticipation', 'trust', 'surprise', 'sadness', 'disgust', 'joy', 'a_score']","{'fear': 0.001, 'anger': 0.0014, 'anticipation': 0.0022, 'trust': 0.0013, 'surprise': 0.0016, 'sadness': 0.0008, 'disgust': 0.0011, 'joy': 0.0021, 'a_score': 0.2979}",MLPClassifier()
MLPClassifier,0.8281,0.8397,0.8281,0.8015,0.8623,0.8814,0.8623,0.8543,0.8686,0.8862,0.8686,0.8612,0.9133,not-balanced,100,10,2,2,431,kbest,"['fear', 'anger', 'anticipation', 'trust', 'surprise', 'sadness', 'disgust', 'joy', 'a_score']","{'fear': 0.0021, 'anger': 0.0029, 'anticipation': -0.0001, 'trust': 0.001, 'surprise': 0.0009, 'sadness': 0.0012, 'disgust': 0.0032, 'joy': 0.0016, 'a_score': 0.2913}",MLPClassifier()
MLPClassifier,0.8343,0.8484,0.8343,0.8093,0.8658,0.8815,0.8658,0.8585,0.8685,0.8837,0.8685,0.8616,0.9131,not-balanced,100,10,2,1,388,kbest,"['fear', 'anger', 'anticipation', 'trust', 'surprise', 'sadness', 'disgust', 'joy', 'a_score']","{'fear': 0.0038, 'anger': 0.0021, 'anticipation': 0.0013, 'trust': 0.0005, 'surprise': 0.0022, 'sadness': 0.0028, 'disgust': 0.0018, 'joy': 0.0019, 'a_score': 0.2952}",MLPClassifier()
MLPClassifier,0.8309,0.8423,0.8309,0.8026,0.861,0.8773,0.861,0.8533,0.8685,0.8825,0.8685,0.8619,0.9097,not-balanced,100,10,3,2,714,kbest,"['fear', 'anger', 'anticipation', 'trust', 'surprise', 'sadness', 'disgust', 'joy', 'a_score']","{'fear': 0.0007, 'anger': 0.0006, 'anticipation': 0.0017, 'trust': 0.0001, 'surprise': 0.0012, 'sadness': 0.0005, 'disgust': 0.0015, 'joy': 0.0057, 'a_score': 0.2992}",MLPClassifier()
MLPClassifier,0.8441,0.8589,0.8441,0.8177,0.8614,0.8799,0.8614,0.8534,0.8683,0.8848,0.8683,0.8612,0.9198,not-balanced,100,10,9,5,728,kbest,"['fear', 'anger', 'anticipation', 'trust', 'surprise', 'sadness', 'disgust', 'joy', 'a_score']","{'fear': 0.0027, 'anger': 0.002, 'anticipation': 0.0005, 'trust': 0.0014, 'surprise': 0.0008, 'sadness': 0.0008, 'disgust': 0.0051, 'joy': 0.0013, 'a_score': 0.2961}",MLPClassifier()
MLPClassifier,0.8392,0.8515,0.8392,0.8116,0.8687,0.8839,0.8687,0.8617,0.8681,0.8829,0.8681,0.8613,0.9135,not-balanced,100,10,1,4,626,kbest,"['fear', 'anger', 'anticipation', 'trust', 'surprise', 'sadness', 'disgust', 'joy', 'a_score']","{'fear': 0.0006, 'anger': -0.0003, 'anticipation': 0.0007, 'trust': 0.0004, 'surprise': 0.0004, 'sadness': -0.0002, 'disgust': 0.0024, 'joy': 0.0039, 'a_score': 0.2942}",MLPClassifier()
MLPClassifier,0.8364,0.8485,0.8364,0.8084,0.8633,0.8781,0.8633,0.856,0.8673,0.8816,0.8673,0.8605,0.9159,not-balanced,100,10,7,1,442,kbest,"['fear', 'anger', 'anticipation', 'trust', 'surprise', 'sadness', 'disgust', 'joy', 'a_score']","{'fear': 0.0065, 'anger': 0.0021, 'anticipation': 0.0018, 'trust': 0.0017, 'surprise': 0.0018, 'sadness': 0.0016, 'disgust': 0.0014, 'joy': 0.0055, 'a_score': 0.299}",MLPClassifier()
MLPClassifier,0.8421,0.8527,0.8421,0.8186,0.8616,0.875,0.8616,0.8545,0.8671,0.8791,0.8671,0.8609,0.9211,not-balanced,100,10,6,4,640,kbest,"['fear', 'anger', 'anticipation', 'trust', 'surprise', 'sadness', 'disgust', 'joy', 'a_score']","{'fear': 0.0066, 'anger': 0.0009, 'anticipation': 0.0021, 'trust': 0.0004, 'surprise': 0.0007, 'sadness': 0.003, 'disgust': 0.001, 'joy': 0.0055, 'a_score': 0.3001}",MLPClassifier()
MLPClassifier,0.819,0.8314,0.819,0.7896,0.8654,0.8809,0.8654,0.8582,0.8665,0.8793,0.8665,0.8599,0.9065,not-balanced,100,10,4,3,323,kbest,"['fear', 'anger', 'anticipation', 'trust', 'surprise', 'sadness', 'disgust', 'joy', 'a_score']","{'fear': 0.006, 'anger': 0.0003, 'anticipation': 0.0027, 'trust': 0.0001, 'surprise': 0.0005, 'sadness': 0.0027, 'disgust': 0.0004, 'joy': 0.0048, 'a_score': 0.2976}",MLPClassifier()
MLPClassifier,0.8573,0.8719,0.8573,0.8332,0.8561,0.8749,0.8561,0.8478,0.8647,0.8803,0.8647,0.8574,0.9242,not-balanced,100,10,5,3,849,kbest,"['fear', 'anger', 'anticipation', 'trust', 'surprise', 'sadness', 'disgust', 'joy', 'a_score']","{'fear': 0.0054, 'anger': 0.0007, 'anticipation': 0.0062, 'trust': 0.0016, 'surprise': 0.0004, 'sadness': 0.0013, 'disgust': 0.0005, 'joy': 0.0098, 'a_score': 0.291}",MLPClassifier()
MLPClassifier,0.8428,0.8585,0.8428,0.8148,0.8602,0.8722,0.8602,0.8529,0.8645,0.8755,0.8645,0.8583,0.916,not-balanced,100,10,10,3,993,kbest,"['fear', 'anger', 'anticipation', 'trust', 'surprise', 'sadness', 'disgust', 'joy', 'a_score']","{'fear': 0.0082, 'anger': 0.003, 'anticipation': 0.0005, 'trust': 0.0015, 'surprise': 0.0006, 'sadness': 0.004, 'disgust': 0.0026, 'joy': 0.0054, 'a_score': 0.2964}",MLPClassifier()
MLPClassifier,0.8385,0.8532,0.8385,0.8119,0.8538,0.8748,0.8538,0.8445,0.8639,0.8826,0.8639,0.8559,0.9201,not-balanced,100,10,2,5,202,kbest,"['fear', 'anger', 'anticipation', 'trust', 'surprise', 'sadness', 'disgust', 'joy', 'a_score']","{'fear': 0.0041, 'anger': 0.0006, 'anticipation': 0.004, 'trust': 0.0027, 'surprise': 0.0038, 'sadness': 0.0013, 'disgust': 0.0017, 'joy': 0.0033, 'a_score': 0.2912}",MLPClassifier()
MLPClassifier,0.8596,0.8775,0.8596,0.8329,0.8585,0.8668,0.8585,0.8526,0.8631,0.8702,0.8631,0.8578,0.9266,not-balanced,100,10,5,5,178,kbest,"['fear', 'anger', 'anticipation', 'trust', 'surprise', 'sadness', 'disgust', 'joy', 'a_score']","{'fear': 0.0045, 'anger': 0.002, 'anticipation': -0.0003, 'trust': 0.0001, 'surprise': 0.0016, 'sadness': 0.0004, 'disgust': 0.0006, 'joy': 0.0041, 'a_score': 0.2977}",MLPClassifier()
MLPClassifier,0.8182,0.8284,0.8182,0.7871,0.8611,0.8736,0.8611,0.8542,0.8629,0.8734,0.8629,0.8567,0.9049,not-balanced,100,10,8,5,27,kbest,"['fear', 'anger', 'anticipation', 'trust', 'surprise', 'sadness', 'disgust', 'joy', 'a_score']","{'fear': 0.0051, 'anger': 0.0019, 'anticipation': 0.0027, 'trust': 0.0006, 'surprise': 0.0013, 'sadness': 0.0023, 'disgust': 0.0015, 'joy': 0.0054, 'a_score': 0.2981}",MLPClassifier()
MLPClassifier,0.8556,0.8691,0.8556,0.833,0.8557,0.8645,0.8557,0.8491,0.8622,0.8708,0.8622,0.8564,0.9269,not-balanced,100,10,3,4,829,kbest,"['fear', 'anger', 'anticipation', 'trust', 'surprise', 'sadness', 'disgust', 'joy', 'a_score']","{'fear': 0.0028, 'anger': 0.0019, 'anticipation': 0.0019, 'trust': 0.0029, 'surprise': 0.0018, 'sadness': 0.0082, 'disgust': 0.0031, 'joy': 0.0023, 'a_score': 0.2967}",MLPClassifier()
MLPClassifier,0.853,0.8669,0.853,0.8315,0.8285,0.8436,0.8285,0.8173,0.8302,0.8459,0.8302,0.8193,0.9276,not-balanced,100,10,10,5,335,kbest,"['fear', 'anger', 'anticipation', 'trust', 'surprise', 'sadness', 'disgust', 'joy', 'a_score']","{'fear': 0.0005, 'anger': 0.0008, 'anticipation': 0.0004, 'trust': 0.0008, 'surprise': 0.0012, 'sadness': 0.0002, 'disgust': 0.0037, 'joy': 0.005, 'a_score': 0.2594}",MLPClassifier()
MLPClassifier,0.8426,0.8582,0.8426,0.8128,0.8264,0.8312,0.8264,0.8278,0.8265,0.8321,0.8265,0.8281,0.916,not-balanced,100,10,1,1,548,kbest,"['fear', 'anger', 'anticipation', 'trust', 'surprise', 'sadness', 'disgust', 'joy', 'a_score']","{'fear': 0.0009, 'anger': -0.0006, 'anticipation': 0.0002, 'trust': 0.0014, 'surprise': -0.0005, 'sadness': -0.0025, 'disgust': 0.0017, 'joy': 0.0012, 'a_score': 0.3007}",MLPClassifier()
MLPClassifier,0.8588,0.8771,0.8588,0.8324,0.8243,0.8322,0.8243,0.8263,0.8264,0.8355,0.8264,0.8285,0.9221,not-balanced,100,10,10,4,148,kbest,"['fear', 'anger', 'anticipation', 'trust', 'surprise', 'sadness', 'disgust', 'joy', 'a_score']","{'fear': 0.0008, 'anger': 0.0005, 'anticipation': -0.0016, 'trust': -0.0009, 'surprise': -0.0021, 'sadness': 0.0005, 'disgust': 0.0006, 'joy': 0.0002, 'a_score': 0.3016}",MLPClassifier()
MLPClassifier,0.8441,0.8582,0.8441,0.8241,0.8262,0.8329,0.8262,0.8281,0.8255,0.8332,0.8255,0.8275,0.9226,not-balanced,100,10,8,2,656,kbest,"['fear', 'anger', 'anticipation', 'trust', 'surprise', 'sadness', 'disgust', 'joy', 'a_score']","{'fear': -0.0011, 'anger': -0.0016, 'anticipation': -0.0021, 'trust': 0.0003, 'surprise': -0.002, 'sadness': -0.0039, 'disgust': 0.001, 'joy': -0.0001, 'a_score': 0.307}",MLPClassifier()
MLPClassifier,0.8443,0.8582,0.8443,0.818,0.8256,0.8486,0.8256,0.8122,0.8254,0.8481,0.8254,0.812,0.9186,not-balanced,100,10,7,2,715,kbest,"['fear', 'anger', 'anticipation', 'trust', 'surprise', 'sadness', 'disgust', 'joy', 'a_score']","{'fear': 0.0046, 'anger': 0.0003, 'anticipation': 0.0009, 'trust': 0.001, 'surprise': 0.0018, 'sadness': 0.0045, 'disgust': 0.0002, 'joy': 0.0007, 'a_score': 0.2488}",MLPClassifier()
MLPClassifier,0.8156,0.8284,0.8156,0.7912,0.8253,0.8332,0.8253,0.8273,0.8234,0.8331,0.8234,0.8256,0.9073,not-balanced,100,10,3,1,212,kbest,"['fear', 'anger', 'anticipation', 'trust', 'surprise', 'sadness', 'disgust', 'joy', 'a_score']","{'fear': 0.0004, 'anger': -0.0018, 'anticipation': 0.0012, 'trust': -0.0046, 'surprise': -0.0016, 'sadness': 0.0023, 'disgust': 0.0004, 'joy': 0.0007, 'a_score': 0.3008}",MLPClassifier()
MLPClassifier,0.8574,0.8729,0.8574,0.832,0.8194,0.8299,0.8194,0.8218,0.8196,0.832,0.8196,0.8222,0.9233,not-balanced,100,10,6,1,3,kbest,"['fear', 'anger', 'anticipation', 'trust', 'surprise', 'sadness', 'disgust', 'joy', 'a_score']","{'fear': 0.0015, 'anger': 0.0003, 'anticipation': 0.0002, 'trust': 0.0, 'surprise': -0.001, 'sadness': 0.0006, 'disgust': 0.0004, 'joy': -0.0003, 'a_score': 0.3007}",MLPClassifier()
MLPClassifier,0.8438,0.8583,0.8438,0.8206,0.8207,0.8335,0.8207,0.8233,0.8174,0.8325,0.8174,0.8202,0.9205,not-balanced,100,10,4,1,862,kbest,"['fear', 'anger', 'anticipation', 'trust', 'surprise', 'sadness', 'disgust', 'joy', 'a_score']","{'fear': 0.0007, 'anger': -0.0013, 'anticipation': 0.0025, 'trust': 0.0003, 'surprise': 0.0015, 'sadness': 0.0011, 'disgust': -0.0006, 'joy': 0.0012, 'a_score': 0.2991}",MLPClassifier()
MLPClassifier,0.8563,0.8713,0.8563,0.8326,0.8,0.8087,0.8,0.7876,0.8012,0.81,0.8012,0.7889,0.9247,not-balanced,100,10,8,1,454,kbest,"['fear', 'anger', 'anticipation', 'trust', 'surprise', 'sadness', 'disgust', 'joy', 'a_score']","{'fear': 0.0038, 'anger': -0.0004, 'anticipation': 0.0006, 'trust': 0.0012, 'surprise': -0.0012, 'sadness': -0.0002, 'disgust': 0.0003, 'joy': -0.0015, 'a_score': 0.2289}",MLPClassifier()
MLPClassifier,0.8153,0.8271,0.8153,0.7866,0.8003,0.8102,0.8003,0.7872,0.8005,0.8097,0.8005,0.788,0.9054,not-balanced,100,10,3,3,24,kbest,"['fear', 'anger', 'anticipation', 'trust', 'surprise', 'sadness', 'disgust', 'joy', 'a_score']","{'fear': -0.0007, 'anger': 0.0007, 'anticipation': 0.0021, 'trust': 0.0015, 'surprise': 0.002, 'sadness': 0.0006, 'disgust': 0.0037, 'joy': 0.0007, 'a_score': 0.2358}",MLPClassifier()
MLPClassifier,0.8423,0.8564,0.8423,0.8125,0.8,0.8151,0.8,0.7854,0.7995,0.8122,0.7995,0.7853,0.9135,not-balanced,100,10,2,4,395,kbest,"['fear', 'anger', 'anticipation', 'trust', 'surprise', 'sadness', 'disgust', 'joy', 'a_score']","{'fear': 0.0005, 'anger': 0.0002, 'anticipation': 0.0013, 'trust': 0.0002, 'surprise': 0.0005, 'sadness': 0.001, 'disgust': -0.0014, 'joy': -0.0005, 'a_score': 0.2258}",MLPClassifier()
MLPClassifier,0.8383,0.8527,0.8383,0.8064,0.7927,0.8025,0.7927,0.7795,0.7983,0.8075,0.7983,0.7854,0.9114,not-balanced,100,10,9,1,667,kbest,"['fear', 'anger', 'anticipation', 'trust', 'surprise', 'sadness', 'disgust', 'joy', 'a_score']","{'fear': 0.0019, 'anger': 0.0017, 'anticipation': 0.001, 'trust': 0.0009, 'surprise': 0.0007, 'sadness': 0.0039, 'disgust': 0.0009, 'joy': 0.0021, 'a_score': 0.2291}",MLPClassifier()
MLPClassifier,0.8539,0.8688,0.8539,0.8319,0.7965,0.8064,0.7965,0.7829,0.7977,0.807,0.7977,0.7847,0.9273,not-balanced,100,10,8,4,391,kbest,"['fear', 'anger', 'anticipation', 'trust', 'surprise', 'sadness', 'disgust', 'joy', 'a_score']","{'fear': 0.0057, 'anger': 0.0011, 'anticipation': 0.001, 'trust': 0.0023, 'surprise': 0.0019, 'sadness': 0.0015, 'disgust': 0.0039, 'joy': 0.0005, 'a_score': 0.2305}",MLPClassifier()
MLPClassifier,0.8398,0.855,0.8398,0.8158,0.7959,0.8034,0.7959,0.7835,0.7964,0.802,0.7964,0.7849,0.9147,not-balanced,100,10,4,5,461,kbest,"['fear', 'anger', 'anticipation', 'trust', 'surprise', 'sadness', 'disgust', 'joy', 'a_score']","{'fear': 0.0013, 'anger': 0.002, 'anticipation': 0.0009, 'trust': 0.0019, 'surprise': 0.0015, 'sadness': 0.001, 'disgust': 0.0033, 'joy': 0.0048, 'a_score': 0.2291}",MLPClassifier()
MLPClassifier,0.8101,0.8197,0.8101,0.787,0.7678,0.7694,0.7678,0.7685,0.7604,0.7625,0.7604,0.7613,0.9053,not-balanced,100,10,9,3,609,kbest,"['fear', 'anger', 'anticipation', 'trust', 'surprise', 'sadness', 'disgust', 'joy', 'a_score']","{'fear': 0.0003, 'anger': -0.0016, 'anticipation': 0.001, 'trust': -0.0007, 'surprise': 0.0, 'sadness': 0.0009, 'disgust': 0.0007, 'joy': 0.0018, 'a_score': 0.237}",MLPClassifier()
MLPClassifier,0.8486,0.8625,0.8486,0.8235,0.7505,0.7579,0.7505,0.7529,0.7497,0.758,0.7497,0.7524,0.9218,not-balanced,100,10,1,2,5,kbest,"['fear', 'anger', 'anticipation', 'trust', 'surprise', 'sadness', 'disgust', 'joy', 'a_score']","{'fear': 0.0003, 'anger': 0.0002, 'anticipation': -0.0003, 'trust': -0.0011, 'surprise': 0.0, 'sadness': -0.0001, 'disgust': 0.0002, 'joy': -0.0002, 'a_score': 0.2325}",MLPClassifier()
