Algorithm,Train Accuracy,Train Precision,Train Recall,Train F1 Score,Test Accuracy,Test Precision,Test Recall,Test F1 Score,Val. Accuracy,Val. Precision,Val. Recall,Val. F1 Score,AUC,Bal. Strategy,% of Features,Folds,Fold,Execution,Random State,Feat. Selec. Strategy,Features,Features Importance,Model
MLPClassifier,0.6015,0.6245,0.6015,0.4832,0.7445,0.7418,0.7445,0.7178,0.749,0.7491,0.749,0.7222,0.7591,not-balanced,100,10,9,2,104,kbest,"['fear', 'anger', 'anticipation', 'trust', 'surprise', 'sadness', 'disgust', 'joy', 'a_score']","{'fear': 0.018, 'anger': 0.0122, 'anticipation': 0.0149, 'trust': 0.0221, 'surprise': 0.0093, 'sadness': 0.0095, 'disgust': 0.0051, 'joy': 0.0068, 'a_score': 0.283}",MLPClassifier()
MLPClassifier,0.6035,0.6325,0.6035,0.4941,0.7361,0.7375,0.7361,0.7105,0.7385,0.7439,0.7385,0.7134,0.7568,not-balanced,100,10,2,3,981,kbest,"['fear', 'anger', 'anticipation', 'trust', 'surprise', 'sadness', 'disgust', 'joy', 'a_score']","{'fear': 0.0086, 'anger': 0.0073, 'anticipation': 0.0163, 'trust': 0.0198, 'surprise': 0.0058, 'sadness': 0.0059, 'disgust': 0.0069, 'joy': 0.0094, 'a_score': 0.2777}",MLPClassifier()
MLPClassifier,0.595,0.6323,0.595,0.4866,0.7358,0.7775,0.7358,0.7199,0.7361,0.7798,0.7361,0.7204,0.7543,not-balanced,100,10,7,5,204,kbest,"['fear', 'anger', 'anticipation', 'trust', 'surprise', 'sadness', 'disgust', 'joy', 'a_score']","{'fear': 0.0111, 'anger': 0.0018, 'anticipation': 0.005, 'trust': 0.019, 'surprise': 0.0068, 'sadness': 0.0088, 'disgust': 0.0019, 'joy': 0.0053, 'a_score': 0.3092}",MLPClassifier()
MLPClassifier,0.6062,0.6295,0.6062,0.458,0.728,0.7222,0.728,0.713,0.7279,0.721,0.7279,0.7116,0.7557,not-balanced,100,10,10,2,213,kbest,"['fear', 'anger', 'anticipation', 'trust', 'surprise', 'sadness', 'disgust', 'joy', 'a_score']","{'fear': 0.0208, 'anger': 0.013, 'anticipation': 0.0144, 'trust': 0.0197, 'surprise': 0.0091, 'sadness': 0.0118, 'disgust': 0.0073, 'joy': 0.0108, 'a_score': 0.2707}",MLPClassifier()
MLPClassifier,0.6047,0.6234,0.6047,0.4524,0.7155,0.7176,0.7155,0.6948,0.7154,0.7134,0.7154,0.6944,0.7669,not-balanced,100,10,9,1,316,kbest,"['fear', 'anger', 'anticipation', 'trust', 'surprise', 'sadness', 'disgust', 'joy', 'a_score']","{'fear': 0.0116, 'anger': 0.0108, 'anticipation': 0.0022, 'trust': 0.0165, 'surprise': 0.0058, 'sadness': 0.0088, 'disgust': 0.0106, 'joy': 0.0026, 'a_score': 0.2564}",MLPClassifier()
MLPClassifier,0.5994,0.6304,0.5994,0.4776,0.7197,0.7225,0.7197,0.6883,0.7138,0.7161,0.7138,0.6822,0.7639,not-balanced,100,10,2,2,814,kbest,"['fear', 'anger', 'anticipation', 'trust', 'surprise', 'sadness', 'disgust', 'joy', 'a_score']","{'fear': 0.0122, 'anger': 0.0097, 'anticipation': 0.0054, 'trust': 0.0174, 'surprise': 0.007, 'sadness': 0.0141, 'disgust': 0.0096, 'joy': 0.0141, 'a_score': 0.2459}",MLPClassifier()
MLPClassifier,0.5969,0.6351,0.5969,0.4905,0.6691,0.6631,0.6691,0.6558,0.6694,0.6638,0.6694,0.6558,0.7669,not-balanced,100,10,5,2,54,kbest,"['fear', 'anger', 'anticipation', 'trust', 'surprise', 'sadness', 'disgust', 'joy', 'a_score']","{'fear': 0.0049, 'anger': 0.0065, 'anticipation': 0.0103, 'trust': 0.0199, 'surprise': -0.0001, 'sadness': 0.0038, 'disgust': 0.0048, 'joy': 0.0099, 'a_score': 0.2111}",MLPClassifier()
MLPClassifier,0.6047,0.6254,0.6047,0.4865,0.6671,0.67,0.6671,0.6644,0.6673,0.6701,0.6673,0.665,0.77,not-balanced,100,10,3,1,711,kbest,"['fear', 'anger', 'anticipation', 'trust', 'surprise', 'sadness', 'disgust', 'joy', 'a_score']","{'fear': 0.0174, 'anger': -0.0003, 'anticipation': 0.0022, 'trust': 0.0145, 'surprise': 0.0037, 'sadness': 0.014, 'disgust': 0.0125, 'joy': 0.0042, 'a_score': 0.2475}",MLPClassifier()
MLPClassifier,0.5938,0.6123,0.5938,0.4713,0.6626,0.6588,0.6626,0.6482,0.6663,0.664,0.6663,0.6515,0.7568,not-balanced,100,10,4,5,745,kbest,"['fear', 'anger', 'anticipation', 'trust', 'surprise', 'sadness', 'disgust', 'joy', 'a_score']","{'fear': 0.0079, 'anger': 0.0084, 'anticipation': 0.0058, 'trust': 0.0157, 'surprise': 0.0043, 'sadness': 0.0021, 'disgust': 0.0071, 'joy': 0.0076, 'a_score': 0.2056}",MLPClassifier()
MLPClassifier,0.6109,0.6333,0.6109,0.4676,0.619,0.6424,0.619,0.5699,0.6216,0.6469,0.6216,0.5736,0.7626,not-balanced,100,10,10,1,307,kbest,"['fear', 'anger', 'anticipation', 'trust', 'surprise', 'sadness', 'disgust', 'joy', 'a_score']","{'fear': 0.0092, 'anger': 0.002, 'anticipation': 0.0075, 'trust': 0.0066, 'surprise': 0.0053, 'sadness': 0.0103, 'disgust': 0.0053, 'joy': 0.0013, 'a_score': 0.157}",MLPClassifier()
MLPClassifier,0.6112,0.6333,0.6112,0.496,0.6181,0.6373,0.6181,0.5703,0.619,0.6361,0.619,0.5721,0.7702,not-balanced,100,10,3,4,268,kbest,"['fear', 'anger', 'anticipation', 'trust', 'surprise', 'sadness', 'disgust', 'joy', 'a_score']","{'fear': 0.0099, 'anger': 0.0039, 'anticipation': 0.0038, 'trust': 0.0065, 'surprise': 0.0049, 'sadness': 0.0084, 'disgust': 0.0018, 'joy': 0.0065, 'a_score': 0.1592}",MLPClassifier()
MLPClassifier,0.5965,0.6265,0.5965,0.457,0.6169,0.6368,0.6169,0.564,0.6189,0.6435,0.6189,0.5665,0.7713,not-balanced,100,10,7,3,533,kbest,"['fear', 'anger', 'anticipation', 'trust', 'surprise', 'sadness', 'disgust', 'joy', 'a_score']","{'fear': 0.0109, 'anger': 0.0065, 'anticipation': 0.0021, 'trust': 0.0056, 'surprise': 0.0037, 'sadness': 0.0049, 'disgust': 0.0047, 'joy': 0.0015, 'a_score': 0.1573}",MLPClassifier()
MLPClassifier,0.6063,0.6153,0.6063,0.4629,0.6168,0.6375,0.6168,0.5626,0.6186,0.6337,0.6186,0.5661,0.7579,not-balanced,100,10,4,1,382,kbest,"['fear', 'anger', 'anticipation', 'trust', 'surprise', 'sadness', 'disgust', 'joy', 'a_score']","{'fear': 0.0067, 'anger': 0.0033, 'anticipation': 0.0039, 'trust': 0.0081, 'surprise': 0.0058, 'sadness': 0.0049, 'disgust': 0.0039, 'joy': 0.0075, 'a_score': 0.1484}",MLPClassifier()
MLPClassifier,0.617,0.6433,0.617,0.4911,0.6067,0.6241,0.6067,0.5526,0.6176,0.6388,0.6176,0.5661,0.7635,not-balanced,100,10,6,2,412,kbest,"['fear', 'anger', 'anticipation', 'trust', 'surprise', 'sadness', 'disgust', 'joy', 'a_score']","{'fear': 0.0048, 'anger': 0.0042, 'anticipation': 0.0023, 'trust': 0.0073, 'surprise': 0.0023, 'sadness': 0.0042, 'disgust': 0.0059, 'joy': 0.0065, 'a_score': 0.1528}",MLPClassifier()
MLPClassifier,0.6038,0.6262,0.6038,0.4695,0.6103,0.6551,0.6103,0.5529,0.6173,0.6626,0.6173,0.5643,0.7759,not-balanced,100,10,8,1,403,kbest,"['fear', 'anger', 'anticipation', 'trust', 'surprise', 'sadness', 'disgust', 'joy', 'a_score']","{'fear': 0.0054, 'anger': 0.003, 'anticipation': 0.0075, 'trust': 0.0052, 'surprise': 0.0054, 'sadness': 0.0091, 'disgust': 0.0049, 'joy': 0.0056, 'a_score': 0.1872}",MLPClassifier()
MLPClassifier,0.5997,0.6105,0.5997,0.4618,0.616,0.6317,0.616,0.567,0.6173,0.6351,0.6173,0.5701,0.761,not-balanced,100,10,5,1,576,kbest,"['fear', 'anger', 'anticipation', 'trust', 'surprise', 'sadness', 'disgust', 'joy', 'a_score']","{'fear': 0.0088, 'anger': 0.0041, 'anticipation': 0.008, 'trust': 0.0069, 'surprise': 0.0046, 'sadness': 0.0057, 'disgust': 0.0061, 'joy': 0.0029, 'a_score': 0.1496}",MLPClassifier()
MLPClassifier,0.5992,0.6238,0.5992,0.4551,0.6132,0.634,0.6132,0.5592,0.6172,0.6402,0.6172,0.5634,0.7572,not-balanced,100,10,7,1,745,kbest,"['fear', 'anger', 'anticipation', 'trust', 'surprise', 'sadness', 'disgust', 'joy', 'a_score']","{'fear': 0.0064, 'anger': 0.0049, 'anticipation': 0.005, 'trust': 0.007, 'surprise': 0.0005, 'sadness': 0.0072, 'disgust': 0.005, 'joy': 0.0012, 'a_score': 0.1484}",MLPClassifier()
MLPClassifier,0.6076,0.6197,0.6076,0.4652,0.6161,0.6393,0.6161,0.5705,0.6172,0.6362,0.6172,0.5704,0.7677,not-balanced,100,10,8,4,177,kbest,"['fear', 'anger', 'anticipation', 'trust', 'surprise', 'sadness', 'disgust', 'joy', 'a_score']","{'fear': 0.0132, 'anger': 0.0062, 'anticipation': 0.0066, 'trust': 0.0065, 'surprise': 0.0047, 'sadness': 0.0062, 'disgust': 0.0027, 'joy': 0.006, 'a_score': 0.1558}",MLPClassifier()
MLPClassifier,0.6017,0.6408,0.6017,0.4865,0.6139,0.6329,0.6139,0.5604,0.6168,0.6367,0.6168,0.5646,0.7627,not-balanced,100,10,1,1,271,kbest,"['fear', 'anger', 'anticipation', 'trust', 'surprise', 'sadness', 'disgust', 'joy', 'a_score']","{'fear': 0.011, 'anger': 0.0023, 'anticipation': 0.002, 'trust': 0.0055, 'surprise': 0.007, 'sadness': 0.006, 'disgust': 0.0061, 'joy': 0.0046, 'a_score': 0.1481}",MLPClassifier()
MLPClassifier,0.5962,0.6169,0.5962,0.4748,0.6151,0.6353,0.6151,0.5666,0.6159,0.6396,0.6159,0.5664,0.7548,not-balanced,100,10,6,3,520,kbest,"['fear', 'anger', 'anticipation', 'trust', 'surprise', 'sadness', 'disgust', 'joy', 'a_score']","{'fear': -0.0054, 'anger': 0.0032, 'anticipation': 0.0054, 'trust': 0.003, 'surprise': -0.004, 'sadness': 0.001, 'disgust': 0.0005, 'joy': 0.0034, 'a_score': 0.1532}",MLPClassifier()
MLPClassifier,0.611,0.6336,0.611,0.4872,0.6108,0.6343,0.6108,0.5507,0.6156,0.6443,0.6156,0.5563,0.7685,not-balanced,100,10,5,4,207,kbest,"['fear', 'anger', 'anticipation', 'trust', 'surprise', 'sadness', 'disgust', 'joy', 'a_score']","{'fear': 0.0078, 'anger': 0.0045, 'anticipation': 0.0072, 'trust': 0.0076, 'surprise': 0.0021, 'sadness': 0.0071, 'disgust': 0.0038, 'joy': 0.0033, 'a_score': 0.1486}",MLPClassifier()
MLPClassifier,0.5962,0.6208,0.5962,0.4653,0.6145,0.6282,0.6145,0.5629,0.6152,0.6358,0.6152,0.5645,0.7712,not-balanced,100,10,4,3,365,kbest,"['fear', 'anger', 'anticipation', 'trust', 'surprise', 'sadness', 'disgust', 'joy', 'a_score']","{'fear': 0.0105, 'anger': 0.0018, 'anticipation': 0.0099, 'trust': 0.0076, 'surprise': 0.004, 'sadness': 0.0051, 'disgust': 0.0063, 'joy': 0.0033, 'a_score': 0.1566}",MLPClassifier()
MLPClassifier,0.6024,0.6308,0.6024,0.4624,0.6108,0.6168,0.6108,0.5714,0.615,0.6231,0.615,0.5763,0.7572,not-balanced,100,10,8,5,601,kbest,"['fear', 'anger', 'anticipation', 'trust', 'surprise', 'sadness', 'disgust', 'joy', 'a_score']","{'fear': 0.0145, 'anger': 0.008, 'anticipation': 0.0126, 'trust': 0.0074, 'surprise': 0.0082, 'sadness': 0.0063, 'disgust': 0.0031, 'joy': 0.0067, 'a_score': 0.1479}",MLPClassifier()
MLPClassifier,0.5981,0.6268,0.5981,0.454,0.6131,0.6329,0.6131,0.558,0.6149,0.6262,0.6149,0.56,0.7547,not-balanced,100,10,1,5,462,kbest,"['fear', 'anger', 'anticipation', 'trust', 'surprise', 'sadness', 'disgust', 'joy', 'a_score']","{'fear': 0.0044, 'anger': 0.004, 'anticipation': 0.0034, 'trust': 0.0044, 'surprise': 0.0023, 'sadness': 0.0036, 'disgust': 0.0057, 'joy': 0.0046, 'a_score': 0.1487}",MLPClassifier()
MLPClassifier,0.6167,0.638,0.6167,0.4891,0.6072,0.6196,0.6072,0.5597,0.6127,0.6295,0.6127,0.5656,0.771,not-balanced,100,10,6,4,614,kbest,"['fear', 'anger', 'anticipation', 'trust', 'surprise', 'sadness', 'disgust', 'joy', 'a_score']","{'fear': 0.0101, 'anger': 0.0061, 'anticipation': 0.0159, 'trust': 0.0088, 'surprise': 0.0033, 'sadness': 0.0147, 'disgust': 0.008, 'joy': 0.0063, 'a_score': 0.1483}",MLPClassifier()
MLPClassifier,0.6108,0.6315,0.6108,0.4726,0.6056,0.6156,0.6056,0.5537,0.611,0.6302,0.611,0.5616,0.7769,not-balanced,100,10,3,5,461,kbest,"['fear', 'anger', 'anticipation', 'trust', 'surprise', 'sadness', 'disgust', 'joy', 'a_score']","{'fear': 0.0048, 'anger': 0.0054, 'anticipation': 0.0039, 'trust': 0.0053, 'surprise': 0.005, 'sadness': 0.0102, 'disgust': 0.0038, 'joy': 0.0039, 'a_score': 0.1428}",MLPClassifier()
MLPClassifier,0.5789,0.5981,0.5789,0.4969,0.6187,0.6329,0.6187,0.5732,0.6108,0.6238,0.6108,0.5645,0.759,not-balanced,100,10,3,2,899,kbest,"['fear', 'anger', 'anticipation', 'trust', 'surprise', 'sadness', 'disgust', 'joy', 'a_score']","{'fear': 0.0169, 'anger': 0.0065, 'anticipation': 0.0076, 'trust': 0.0055, 'surprise': 0.0037, 'sadness': 0.0102, 'disgust': 0.0128, 'joy': 0.0025, 'a_score': 0.1474}",MLPClassifier()
MLPClassifier,0.6043,0.6207,0.6043,0.4704,0.597,0.6059,0.597,0.5454,0.6098,0.6287,0.6098,0.5614,0.759,not-balanced,100,10,3,3,241,kbest,"['fear', 'anger', 'anticipation', 'trust', 'surprise', 'sadness', 'disgust', 'joy', 'a_score']","{'fear': 0.011, 'anger': 0.0052, 'anticipation': 0.0078, 'trust': 0.0114, 'surprise': 0.0064, 'sadness': 0.0083, 'disgust': 0.0079, 'joy': 0.0088, 'a_score': 0.1443}",MLPClassifier()
MLPClassifier,0.5938,0.6308,0.5938,0.4663,0.6135,0.627,0.6135,0.5666,0.6094,0.6212,0.6094,0.5622,0.7533,not-balanced,100,10,10,4,539,kbest,"['fear', 'anger', 'anticipation', 'trust', 'surprise', 'sadness', 'disgust', 'joy', 'a_score']","{'fear': 0.0117, 'anger': 0.0061, 'anticipation': 0.0082, 'trust': 0.0056, 'surprise': 0.0095, 'sadness': 0.005, 'disgust': 0.004, 'joy': 0.0112, 'a_score': 0.1473}",MLPClassifier()
MLPClassifier,0.6152,0.6207,0.6152,0.4626,0.6061,0.6214,0.6061,0.5673,0.6091,0.6248,0.6091,0.5737,0.7727,not-balanced,100,10,9,3,942,kbest,"['fear', 'anger', 'anticipation', 'trust', 'surprise', 'sadness', 'disgust', 'joy', 'a_score']","{'fear': 0.0106, 'anger': 0.0085, 'anticipation': 0.012, 'trust': 0.01, 'surprise': 0.0069, 'sadness': 0.0093, 'disgust': 0.0063, 'joy': 0.0146, 'a_score': 0.1762}",MLPClassifier()
MLPClassifier,0.5962,0.6086,0.5962,0.4927,0.6098,0.6384,0.6098,0.5534,0.6088,0.6338,0.6088,0.5525,0.766,not-balanced,100,10,1,2,314,kbest,"['fear', 'anger', 'anticipation', 'trust', 'surprise', 'sadness', 'disgust', 'joy', 'a_score']","{'fear': 0.0158, 'anger': 0.0033, 'anticipation': 0.0063, 'trust': 0.0059, 'surprise': 0.0014, 'sadness': 0.0037, 'disgust': 0.0043, 'joy': 0.0076, 'a_score': 0.1414}",MLPClassifier()
MLPClassifier,0.6006,0.6145,0.6006,0.4712,0.6147,0.6223,0.6147,0.5719,0.6087,0.6218,0.6087,0.5666,0.7603,not-balanced,100,10,4,4,629,kbest,"['fear', 'anger', 'anticipation', 'trust', 'surprise', 'sadness', 'disgust', 'joy', 'a_score']","{'fear': 0.0101, 'anger': 0.0044, 'anticipation': 0.0081, 'trust': 0.0079, 'surprise': 0.0045, 'sadness': 0.008, 'disgust': 0.009, 'joy': 0.0088, 'a_score': 0.1444}",MLPClassifier()
MLPClassifier,0.6116,0.6305,0.6116,0.4757,0.608,0.6147,0.608,0.5665,0.6076,0.6161,0.6076,0.5655,0.7599,not-balanced,100,10,9,4,224,kbest,"['fear', 'anger', 'anticipation', 'trust', 'surprise', 'sadness', 'disgust', 'joy', 'a_score']","{'fear': 0.0078, 'anger': 0.0052, 'anticipation': 0.0118, 'trust': 0.0063, 'surprise': 0.0038, 'sadness': 0.0123, 'disgust': 0.0074, 'joy': 0.0071, 'a_score': 0.1418}",MLPClassifier()
MLPClassifier,0.5941,0.6191,0.5941,0.4732,0.6103,0.632,0.6103,0.557,0.6066,0.6152,0.6066,0.5541,0.7555,not-balanced,100,10,8,3,935,kbest,"['fear', 'anger', 'anticipation', 'trust', 'surprise', 'sadness', 'disgust', 'joy', 'a_score']","{'fear': 0.0117, 'anger': 0.0031, 'anticipation': 0.0036, 'trust': 0.0044, 'surprise': 0.0027, 'sadness': 0.0047, 'disgust': 0.0046, 'joy': 0.0057, 'a_score': 0.1397}",MLPClassifier()
MLPClassifier,0.6141,0.6355,0.6141,0.474,0.6007,0.7207,0.6007,0.5099,0.6008,0.7201,0.6008,0.5109,0.7631,not-balanced,100,10,2,5,538,kbest,"['fear', 'anger', 'anticipation', 'trust', 'surprise', 'sadness', 'disgust', 'joy', 'a_score']","{'fear': 0.002, 'anger': 0.0025, 'anticipation': 0.0011, 'trust': 0.0011, 'surprise': 0.0018, 'sadness': 0.003, 'disgust': 0.0025, 'joy': 0.0004, 'a_score': 0.1757}",MLPClassifier()
MLPClassifier,0.6071,0.615,0.6071,0.4379,0.5879,0.6477,0.5879,0.5136,0.6,0.6608,0.6,0.5281,0.7616,not-balanced,100,10,10,5,438,kbest,"['fear', 'anger', 'anticipation', 'trust', 'surprise', 'sadness', 'disgust', 'joy', 'a_score']","{'fear': 0.0107, 'anger': 0.0028, 'anticipation': 0.0024, 'trust': 0.0035, 'surprise': 0.0023, 'sadness': 0.0055, 'disgust': 0.0032, 'joy': 0.0014, 'a_score': 0.1706}",MLPClassifier()
MLPClassifier,0.605,0.6201,0.605,0.4576,0.5914,0.6605,0.5914,0.5156,0.5996,0.6676,0.5996,0.5248,0.7641,not-balanced,100,10,10,3,649,kbest,"['fear', 'anger', 'anticipation', 'trust', 'surprise', 'sadness', 'disgust', 'joy', 'a_score']","{'fear': 0.0045, 'anger': 0.0034, 'anticipation': 0.0001, 'trust': 0.0029, 'surprise': 0.0031, 'sadness': 0.0094, 'disgust': 0.0026, 'joy': 0.0072, 'a_score': 0.1766}",MLPClassifier()
MLPClassifier,0.5964,0.6129,0.5964,0.4821,0.5964,0.6163,0.5964,0.5354,0.5973,0.6203,0.5973,0.5347,0.7633,not-balanced,100,10,4,2,310,kbest,"['fear', 'anger', 'anticipation', 'trust', 'surprise', 'sadness', 'disgust', 'joy', 'a_score']","{'fear': 0.004, 'anger': 0.0039, 'anticipation': 0.0027, 'trust': 0.0045, 'surprise': 0.0022, 'sadness': 0.0028, 'disgust': 0.0035, 'joy': 0.003, 'a_score': 0.1376}",MLPClassifier()
MLPClassifier,0.6053,0.6257,0.6053,0.472,0.5977,0.6189,0.5977,0.5333,0.5971,0.6213,0.5971,0.5333,0.7557,not-balanced,100,10,6,1,504,kbest,"['fear', 'anger', 'anticipation', 'trust', 'surprise', 'sadness', 'disgust', 'joy', 'a_score']","{'fear': 0.0058, 'anger': 0.0024, 'anticipation': 0.0013, 'trust': 0.0036, 'surprise': 0.0022, 'sadness': 0.0044, 'disgust': 0.0028, 'joy': 0.0013, 'a_score': 0.1387}",MLPClassifier()
MLPClassifier,0.6012,0.6246,0.6012,0.4616,0.593,0.6234,0.593,0.5283,0.597,0.6247,0.597,0.5327,0.7646,not-balanced,100,10,2,4,183,kbest,"['fear', 'anger', 'anticipation', 'trust', 'surprise', 'sadness', 'disgust', 'joy', 'a_score']","{'fear': 0.0028, 'anger': 0.0023, 'anticipation': 0.0012, 'trust': 0.0014, 'surprise': 0.0014, 'sadness': 0.0031, 'disgust': 0.004, 'joy': 0.0018, 'a_score': 0.1298}",MLPClassifier()
MLPClassifier,0.6034,0.6299,0.6034,0.4628,0.5968,0.6076,0.5968,0.5361,0.5966,0.6138,0.5966,0.537,0.7747,not-balanced,100,10,7,4,985,kbest,"['fear', 'anger', 'anticipation', 'trust', 'surprise', 'sadness', 'disgust', 'joy', 'a_score']","{'fear': 0.0059, 'anger': 0.0024, 'anticipation': 0.0006, 'trust': 0.0009, 'surprise': 0.001, 'sadness': 0.0029, 'disgust': 0.0006, 'joy': 0.004, 'a_score': 0.1308}",MLPClassifier()
MLPClassifier,0.6001,0.6341,0.6001,0.4759,0.5954,0.5972,0.5954,0.5577,0.5965,0.6057,0.5965,0.5586,0.771,not-balanced,100,10,1,4,34,kbest,"['fear', 'anger', 'anticipation', 'trust', 'surprise', 'sadness', 'disgust', 'joy', 'a_score']","{'fear': 0.0079, 'anger': 0.0016, 'anticipation': 0.0015, 'trust': 0.0, 'surprise': 0.0034, 'sadness': 0.0029, 'disgust': 0.0038, 'joy': 0.0028, 'a_score': 0.126}",MLPClassifier()
MLPClassifier,0.5967,0.6113,0.5967,0.4654,0.5936,0.6171,0.5936,0.5289,0.5948,0.6127,0.5948,0.5293,0.761,not-balanced,100,10,5,3,74,kbest,"['fear', 'anger', 'anticipation', 'trust', 'surprise', 'sadness', 'disgust', 'joy', 'a_score']","{'fear': 0.0034, 'anger': 0.0028, 'anticipation': 0.0043, 'trust': 0.0028, 'surprise': 0.0022, 'sadness': 0.0024, 'disgust': 0.0016, 'joy': 0.0015, 'a_score': 0.1362}",MLPClassifier()
MLPClassifier,0.6077,0.6346,0.6077,0.4926,0.589,0.6061,0.589,0.5745,0.5923,0.6071,0.5923,0.577,0.7694,not-balanced,100,10,1,3,56,kbest,"['fear', 'anger', 'anticipation', 'trust', 'surprise', 'sadness', 'disgust', 'joy', 'a_score']","{'fear': 0.0174, 'anger': 0.0048, 'anticipation': 0.0103, 'trust': 0.0082, 'surprise': 0.0107, 'sadness': 0.0159, 'disgust': 0.0096, 'joy': 0.0059, 'a_score': 0.1232}",MLPClassifier()
MLPClassifier,0.613,0.6384,0.613,0.4683,0.5918,0.6019,0.5918,0.5433,0.591,0.5986,0.591,0.5418,0.7591,not-balanced,100,10,7,2,659,kbest,"['fear', 'anger', 'anticipation', 'trust', 'surprise', 'sadness', 'disgust', 'joy', 'a_score']","{'fear': 0.0118, 'anger': 0.0043, 'anticipation': 0.0052, 'trust': 0.0072, 'surprise': 0.0027, 'sadness': 0.0114, 'disgust': 0.0022, 'joy': 0.0096, 'a_score': 0.1326}",MLPClassifier()
MLPClassifier,0.6005,0.6207,0.6005,0.4712,0.5794,0.5772,0.5794,0.5408,0.5835,0.5853,0.5835,0.5469,0.7672,not-balanced,100,10,8,2,303,kbest,"['fear', 'anger', 'anticipation', 'trust', 'surprise', 'sadness', 'disgust', 'joy', 'a_score']","{'fear': 0.0171, 'anger': 0.0041, 'anticipation': 0.0071, 'trust': 0.005, 'surprise': 0.0118, 'sadness': 0.0042, 'disgust': 0.0053, 'joy': 0.0047, 'a_score': 0.1189}",MLPClassifier()
MLPClassifier,0.6034,0.6483,0.6034,0.4955,0.5774,0.574,0.5774,0.5494,0.5801,0.5798,0.5801,0.5529,0.7653,not-balanced,100,10,6,5,94,kbest,"['fear', 'anger', 'anticipation', 'trust', 'surprise', 'sadness', 'disgust', 'joy', 'a_score']","{'fear': 0.0121, 'anger': 0.001, 'anticipation': 0.0148, 'trust': 0.0046, 'surprise': 0.0108, 'sadness': 0.0116, 'disgust': 0.0041, 'joy': 0.0054, 'a_score': 0.1123}",MLPClassifier()
MLPClassifier,0.6,0.616,0.6,0.471,0.5616,0.5559,0.5616,0.5365,0.5688,0.5649,0.5688,0.5438,0.7627,not-balanced,100,10,2,1,744,kbest,"['fear', 'anger', 'anticipation', 'trust', 'surprise', 'sadness', 'disgust', 'joy', 'a_score']","{'fear': 0.0057, 'anger': 0.0068, 'anticipation': 0.0072, 'trust': -0.0014, 'surprise': 0.0088, 'sadness': 0.0075, 'disgust': 0.0017, 'joy': 0.0088, 'a_score': 0.1064}",MLPClassifier()
MLPClassifier,0.5889,0.6168,0.5889,0.4653,0.5211,0.5771,0.5211,0.4756,0.5173,0.572,0.5173,0.4716,0.7585,not-balanced,100,10,5,5,498,kbest,"['fear', 'anger', 'anticipation', 'trust', 'surprise', 'sadness', 'disgust', 'joy', 'a_score']","{'fear': 0.0056, 'anger': -0.0, 'anticipation': -0.0047, 'trust': 0.0063, 'surprise': 0.0054, 'sadness': 0.0043, 'disgust': 0.0016, 'joy': 0.0041, 'a_score': 0.0572}",MLPClassifier()
MLPClassifier,0.5981,0.6196,0.5981,0.4542,0.5093,0.5096,0.5093,0.4986,0.5115,0.5102,0.5115,0.4998,0.7767,not-balanced,100,10,9,5,360,kbest,"['fear', 'anger', 'anticipation', 'trust', 'surprise', 'sadness', 'disgust', 'joy', 'a_score']","{'fear': -0.0044, 'anger': -0.0033, 'anticipation': -0.0026, 'trust': 0.0013, 'surprise': -0.0026, 'sadness': -0.0072, 'disgust': -0.0008, 'joy': 0.0035, 'a_score': 0.0462}",MLPClassifier()
