Algorithm,Train Accuracy,Train Precision,Train Recall,Train F1 Score,Test Accuracy,Test Precision,Test Recall,Test F1 Score,Val. Accuracy,Val. Precision,Val. Recall,Val. F1 Score,AUC,Bal. Strategy,% of Features,Folds,Fold,Execution,Random State,Feat. Selec. Strategy,Features,Features Importance,Model
RandomForestClassifier,0.848,0.8661,0.848,0.7834,0.8446,0.8645,0.8446,0.8439,0.8541,0.8717,0.8541,0.8537,0.9627,not-balanced,100,10,4,4,635,kbest,"['fear', 'anger', 'anticipation', 'trust', 'surprise', 'sadness', 'disgust', 'joy', 'a_score']","{'fear': 0.0104, 'anger': 0.0069, 'anticipation': 0.0077, 'trust': 0.0091, 'surprise': 0.0088, 'sadness': 0.0104, 'disgust': 0.0055, 'joy': 0.007, 'a_score': 0.4362}",RandomForestClassifier()
RandomForestClassifier,0.8449,0.8551,0.8449,0.7513,0.8502,0.869,0.8502,0.8498,0.8539,0.8727,0.8539,0.8536,0.9623,not-balanced,100,10,6,3,228,kbest,"['fear', 'anger', 'anticipation', 'trust', 'surprise', 'sadness', 'disgust', 'joy', 'a_score']","{'fear': 0.009, 'anger': 0.0066, 'anticipation': 0.0079, 'trust': 0.0112, 'surprise': 0.0071, 'sadness': 0.0134, 'disgust': 0.0072, 'joy': 0.0076, 'a_score': 0.4378}",RandomForestClassifier()
RandomForestClassifier,0.8454,0.866,0.8454,0.7874,0.8465,0.869,0.8465,0.8464,0.8539,0.8743,0.8539,0.8538,0.9616,not-balanced,100,10,4,1,616,kbest,"['fear', 'anger', 'anticipation', 'trust', 'surprise', 'sadness', 'disgust', 'joy', 'a_score']","{'fear': 0.0086, 'anger': 0.007, 'anticipation': 0.0087, 'trust': 0.0095, 'surprise': 0.0083, 'sadness': 0.009, 'disgust': 0.0073, 'joy': 0.0079, 'a_score': 0.4396}",RandomForestClassifier()
RandomForestClassifier,0.8458,0.8675,0.8458,0.7864,0.8482,0.8686,0.8482,0.8479,0.8533,0.8741,0.8533,0.8532,0.9612,not-balanced,100,10,4,5,877,kbest,"['fear', 'anger', 'anticipation', 'trust', 'surprise', 'sadness', 'disgust', 'joy', 'a_score']","{'fear': 0.0109, 'anger': 0.0063, 'anticipation': 0.008, 'trust': 0.0083, 'surprise': 0.0081, 'sadness': 0.0102, 'disgust': 0.007, 'joy': 0.008, 'a_score': 0.4372}",RandomForestClassifier()
RandomForestClassifier,0.8468,0.8671,0.8468,0.7885,0.8474,0.8735,0.8474,0.8477,0.8533,0.8746,0.8533,0.8532,0.9622,not-balanced,100,10,10,4,913,kbest,"['fear', 'anger', 'anticipation', 'trust', 'surprise', 'sadness', 'disgust', 'joy', 'a_score']","{'fear': 0.0109, 'anger': 0.0061, 'anticipation': 0.0093, 'trust': 0.0093, 'surprise': 0.0063, 'sadness': 0.0088, 'disgust': 0.0074, 'joy': 0.0073, 'a_score': 0.4406}",RandomForestClassifier()
RandomForestClassifier,0.8481,0.8646,0.8481,0.7716,0.8435,0.8688,0.8435,0.8433,0.8532,0.8744,0.8532,0.8535,0.9618,not-balanced,100,10,1,1,142,kbest,"['fear', 'anger', 'anticipation', 'trust', 'surprise', 'sadness', 'disgust', 'joy', 'a_score']","{'fear': 0.0109, 'anger': 0.0065, 'anticipation': 0.0072, 'trust': 0.0089, 'surprise': 0.0074, 'sadness': 0.0111, 'disgust': 0.0071, 'joy': 0.0064, 'a_score': 0.4404}",RandomForestClassifier()
RandomForestClassifier,0.8462,0.8646,0.8462,0.7828,0.8445,0.8645,0.8445,0.8442,0.8531,0.871,0.8531,0.8528,0.9616,not-balanced,100,10,1,4,544,kbest,"['fear', 'anger', 'anticipation', 'trust', 'surprise', 'sadness', 'disgust', 'joy', 'a_score']","{'fear': 0.01, 'anger': 0.0064, 'anticipation': 0.0085, 'trust': 0.011, 'surprise': 0.0073, 'sadness': 0.0098, 'disgust': 0.0058, 'joy': 0.0074, 'a_score': 0.4376}",RandomForestClassifier()
RandomForestClassifier,0.8427,0.856,0.8427,0.7554,0.8469,0.8647,0.8469,0.8463,0.853,0.871,0.853,0.8529,0.9617,not-balanced,100,10,4,2,74,kbest,"['fear', 'anger', 'anticipation', 'trust', 'surprise', 'sadness', 'disgust', 'joy', 'a_score']","{'fear': 0.0125, 'anger': 0.0069, 'anticipation': 0.0097, 'trust': 0.0096, 'surprise': 0.0076, 'sadness': 0.011, 'disgust': 0.0065, 'joy': 0.0078, 'a_score': 0.4358}",RandomForestClassifier()
RandomForestClassifier,0.8433,0.858,0.8433,0.7668,0.8492,0.8712,0.8492,0.8488,0.8528,0.8742,0.8528,0.8528,0.9621,not-balanced,100,10,10,2,239,kbest,"['fear', 'anger', 'anticipation', 'trust', 'surprise', 'sadness', 'disgust', 'joy', 'a_score']","{'fear': 0.0092, 'anger': 0.0058, 'anticipation': 0.0089, 'trust': 0.0109, 'surprise': 0.0071, 'sadness': 0.0089, 'disgust': 0.0057, 'joy': 0.0085, 'a_score': 0.4386}",RandomForestClassifier()
RandomForestClassifier,0.8448,0.8662,0.8448,0.7831,0.8487,0.8651,0.8487,0.8479,0.8528,0.8693,0.8528,0.8525,0.9622,not-balanced,100,10,1,2,710,kbest,"['fear', 'anger', 'anticipation', 'trust', 'surprise', 'sadness', 'disgust', 'joy', 'a_score']","{'fear': 0.012, 'anger': 0.0063, 'anticipation': 0.0091, 'trust': 0.0101, 'surprise': 0.0077, 'sadness': 0.0103, 'disgust': 0.0068, 'joy': 0.0084, 'a_score': 0.4353}",RandomForestClassifier()
RandomForestClassifier,0.8445,0.8653,0.8445,0.7832,0.8466,0.8688,0.8466,0.8464,0.8527,0.8729,0.8527,0.8525,0.9618,not-balanced,100,10,2,2,36,kbest,"['fear', 'anger', 'anticipation', 'trust', 'surprise', 'sadness', 'disgust', 'joy', 'a_score']","{'fear': 0.0103, 'anger': 0.0062, 'anticipation': 0.0093, 'trust': 0.0084, 'surprise': 0.0073, 'sadness': 0.0101, 'disgust': 0.0076, 'joy': 0.0095, 'a_score': 0.4365}",RandomForestClassifier()
RandomForestClassifier,0.8432,0.8551,0.8432,0.7539,0.8483,0.8635,0.8483,0.8475,0.8524,0.8697,0.8524,0.8524,0.9615,not-balanced,100,10,7,5,383,kbest,"['fear', 'anger', 'anticipation', 'trust', 'surprise', 'sadness', 'disgust', 'joy', 'a_score']","{'fear': 0.0105, 'anger': 0.0065, 'anticipation': 0.0087, 'trust': 0.0095, 'surprise': 0.0076, 'sadness': 0.0101, 'disgust': 0.0066, 'joy': 0.0072, 'a_score': 0.4358}",RandomForestClassifier()
RandomForestClassifier,0.8494,0.8699,0.8494,0.7905,0.8435,0.8657,0.8435,0.843,0.8523,0.8727,0.8523,0.8521,0.9627,not-balanced,100,10,9,4,853,kbest,"['fear', 'anger', 'anticipation', 'trust', 'surprise', 'sadness', 'disgust', 'joy', 'a_score']","{'fear': 0.0091, 'anger': 0.0065, 'anticipation': 0.009, 'trust': 0.01, 'surprise': 0.0088, 'sadness': 0.012, 'disgust': 0.0052, 'joy': 0.0078, 'a_score': 0.4376}",RandomForestClassifier()
RandomForestClassifier,0.8426,0.8559,0.8426,0.7547,0.8474,0.8753,0.8474,0.8473,0.8522,0.8766,0.8522,0.8522,0.9627,not-balanced,100,10,3,4,245,kbest,"['fear', 'anger', 'anticipation', 'trust', 'surprise', 'sadness', 'disgust', 'joy', 'a_score']","{'fear': 0.0095, 'anger': 0.0066, 'anticipation': 0.0067, 'trust': 0.0082, 'surprise': 0.0078, 'sadness': 0.0099, 'disgust': 0.0064, 'joy': 0.0074, 'a_score': 0.4408}",RandomForestClassifier()
RandomForestClassifier,0.8473,0.8693,0.8473,0.7888,0.8451,0.8688,0.8451,0.8453,0.8522,0.8739,0.8522,0.8522,0.9619,not-balanced,100,10,6,2,220,kbest,"['fear', 'anger', 'anticipation', 'trust', 'surprise', 'sadness', 'disgust', 'joy', 'a_score']","{'fear': 0.0095, 'anger': 0.0058, 'anticipation': 0.0098, 'trust': 0.0109, 'surprise': 0.0077, 'sadness': 0.008, 'disgust': 0.0059, 'joy': 0.0113, 'a_score': 0.44}",RandomForestClassifier()
RandomForestClassifier,0.8471,0.8682,0.8471,0.789,0.8472,0.8746,0.8472,0.8474,0.8521,0.8772,0.8521,0.8523,0.9623,not-balanced,100,10,9,2,116,kbest,"['fear', 'anger', 'anticipation', 'trust', 'surprise', 'sadness', 'disgust', 'joy', 'a_score']","{'fear': 0.0073, 'anger': 0.0051, 'anticipation': 0.0081, 'trust': 0.0086, 'surprise': 0.0072, 'sadness': 0.0095, 'disgust': 0.0061, 'joy': 0.0082, 'a_score': 0.4391}",RandomForestClassifier()
RandomForestClassifier,0.8471,0.8391,0.8471,0.7142,0.8429,0.8362,0.8429,0.8345,0.8519,0.844,0.8519,0.8436,0.9621,not-balanced,100,10,6,5,505,kbest,"['fear', 'anger', 'anticipation', 'trust', 'surprise', 'sadness', 'disgust', 'joy', 'a_score']","{'fear': 0.0102, 'anger': 0.0073, 'anticipation': 0.0088, 'trust': 0.0107, 'surprise': 0.0078, 'sadness': 0.0129, 'disgust': 0.0074, 'joy': 0.0068, 'a_score': 0.4135}",RandomForestClassifier()
RandomForestClassifier,0.8427,0.8369,0.8427,0.7055,0.8488,0.8427,0.8488,0.841,0.8519,0.8448,0.8519,0.8438,0.9615,not-balanced,100,10,7,2,113,kbest,"['fear', 'anger', 'anticipation', 'trust', 'surprise', 'sadness', 'disgust', 'joy', 'a_score']","{'fear': 0.009, 'anger': 0.0063, 'anticipation': 0.0082, 'trust': 0.0095, 'surprise': 0.0065, 'sadness': 0.0079, 'disgust': 0.0068, 'joy': 0.011, 'a_score': 0.405}",RandomForestClassifier()
RandomForestClassifier,0.8421,0.8543,0.8421,0.7519,0.8464,0.8721,0.8464,0.8465,0.8518,0.8743,0.8518,0.852,0.9626,not-balanced,100,10,10,3,245,kbest,"['fear', 'anger', 'anticipation', 'trust', 'surprise', 'sadness', 'disgust', 'joy', 'a_score']","{'fear': 0.01, 'anger': 0.0055, 'anticipation': 0.0067, 'trust': 0.0087, 'surprise': 0.008, 'sadness': 0.0101, 'disgust': 0.0063, 'joy': 0.0097, 'a_score': 0.4397}",RandomForestClassifier()
RandomForestClassifier,0.8479,0.8688,0.8479,0.7896,0.8421,0.8646,0.8421,0.8421,0.8517,0.8712,0.8517,0.8517,0.9615,not-balanced,100,10,9,5,777,kbest,"['fear', 'anger', 'anticipation', 'trust', 'surprise', 'sadness', 'disgust', 'joy', 'a_score']","{'fear': 0.0099, 'anger': 0.006, 'anticipation': 0.0072, 'trust': 0.0092, 'surprise': 0.0071, 'sadness': 0.0103, 'disgust': 0.0065, 'joy': 0.0085, 'a_score': 0.4399}",RandomForestClassifier()
RandomForestClassifier,0.85,0.8721,0.85,0.7907,0.8411,0.8677,0.8411,0.8407,0.8517,0.8746,0.8517,0.8519,0.9626,not-balanced,100,10,7,4,137,kbest,"['fear', 'anger', 'anticipation', 'trust', 'surprise', 'sadness', 'disgust', 'joy', 'a_score']","{'fear': 0.0088, 'anger': 0.0064, 'anticipation': 0.0066, 'trust': 0.0079, 'surprise': 0.0075, 'sadness': 0.0093, 'disgust': 0.007, 'joy': 0.0088, 'a_score': 0.4422}",RandomForestClassifier()
RandomForestClassifier,0.8481,0.8526,0.8481,0.741,0.8417,0.83,0.8417,0.8295,0.8516,0.8416,0.8516,0.8406,0.9631,not-balanced,100,10,4,3,461,kbest,"['fear', 'anger', 'anticipation', 'trust', 'surprise', 'sadness', 'disgust', 'joy', 'a_score']","{'fear': 0.0122, 'anger': 0.0064, 'anticipation': 0.0088, 'trust': 0.011, 'surprise': 0.0074, 'sadness': 0.0121, 'disgust': 0.0058, 'joy': 0.008, 'a_score': 0.4073}",RandomForestClassifier()
RandomForestClassifier,0.8432,0.8595,0.8432,0.7645,0.8492,0.8694,0.8492,0.849,0.8514,0.8723,0.8514,0.8515,0.9601,not-balanced,100,10,8,5,958,kbest,"['fear', 'anger', 'anticipation', 'trust', 'surprise', 'sadness', 'disgust', 'joy', 'a_score']","{'fear': 0.0084, 'anger': 0.0057, 'anticipation': 0.0069, 'trust': 0.0102, 'surprise': 0.0072, 'sadness': 0.0111, 'disgust': 0.0057, 'joy': 0.0119, 'a_score': 0.4349}",RandomForestClassifier()
RandomForestClassifier,0.8458,0.8657,0.8458,0.783,0.8477,0.8689,0.8477,0.8476,0.8514,0.8711,0.8514,0.8514,0.9607,not-balanced,100,10,5,4,496,kbest,"['fear', 'anger', 'anticipation', 'trust', 'surprise', 'sadness', 'disgust', 'joy', 'a_score']","{'fear': 0.0092, 'anger': 0.0059, 'anticipation': 0.0078, 'trust': 0.0096, 'surprise': 0.0083, 'sadness': 0.0102, 'disgust': 0.0061, 'joy': 0.0077, 'a_score': 0.4363}",RandomForestClassifier()
RandomForestClassifier,0.8448,0.8647,0.8448,0.7826,0.8481,0.8674,0.8481,0.848,0.8514,0.8702,0.8514,0.8513,0.9619,not-balanced,100,10,2,5,624,kbest,"['fear', 'anger', 'anticipation', 'trust', 'surprise', 'sadness', 'disgust', 'joy', 'a_score']","{'fear': 0.0101, 'anger': 0.0069, 'anticipation': 0.0099, 'trust': 0.0091, 'surprise': 0.0077, 'sadness': 0.0112, 'disgust': 0.0055, 'joy': 0.009, 'a_score': 0.4331}",RandomForestClassifier()
RandomForestClassifier,0.847,0.8684,0.847,0.7913,0.8435,0.8643,0.8435,0.844,0.8512,0.8703,0.8512,0.8514,0.9613,not-balanced,100,10,1,3,899,kbest,"['fear', 'anger', 'anticipation', 'trust', 'surprise', 'sadness', 'disgust', 'joy', 'a_score']","{'fear': 0.0116, 'anger': 0.0054, 'anticipation': 0.0093, 'trust': 0.0099, 'surprise': 0.007, 'sadness': 0.0115, 'disgust': 0.0091, 'joy': 0.0069, 'a_score': 0.4381}",RandomForestClassifier()
RandomForestClassifier,0.8436,0.8644,0.8436,0.7837,0.8442,0.8656,0.8442,0.8446,0.8512,0.8701,0.8512,0.8516,0.9613,not-balanced,100,10,5,1,237,kbest,"['fear', 'anger', 'anticipation', 'trust', 'surprise', 'sadness', 'disgust', 'joy', 'a_score']","{'fear': 0.0105, 'anger': 0.0063, 'anticipation': 0.0073, 'trust': 0.011, 'surprise': 0.0079, 'sadness': 0.0105, 'disgust': 0.0049, 'joy': 0.0109, 'a_score': 0.4382}",RandomForestClassifier()
RandomForestClassifier,0.8459,0.834,0.8459,0.6893,0.8392,0.8273,0.8392,0.826,0.851,0.8401,0.851,0.8382,0.9621,not-balanced,100,10,8,4,225,kbest,"['fear', 'anger', 'anticipation', 'trust', 'surprise', 'sadness', 'disgust', 'joy', 'a_score']","{'fear': 0.0089, 'anger': 0.0058, 'anticipation': 0.0097, 'trust': 0.0093, 'surprise': 0.0067, 'sadness': 0.0105, 'disgust': 0.0054, 'joy': 0.0082, 'a_score': 0.4075}",RandomForestClassifier()
RandomForestClassifier,0.846,0.8653,0.846,0.7835,0.8462,0.863,0.8462,0.8464,0.8509,0.8672,0.8509,0.8511,0.9616,not-balanced,100,10,2,3,890,kbest,"['fear', 'anger', 'anticipation', 'trust', 'surprise', 'sadness', 'disgust', 'joy', 'a_score']","{'fear': 0.0089, 'anger': 0.0063, 'anticipation': 0.008, 'trust': 0.0094, 'surprise': 0.0068, 'sadness': 0.0105, 'disgust': 0.0069, 'joy': 0.0113, 'a_score': 0.433}",RandomForestClassifier()
RandomForestClassifier,0.8473,0.8686,0.8473,0.792,0.8462,0.8701,0.8462,0.8471,0.8509,0.8723,0.8509,0.8514,0.9622,not-balanced,100,10,10,1,475,kbest,"['fear', 'anger', 'anticipation', 'trust', 'surprise', 'sadness', 'disgust', 'joy', 'a_score']","{'fear': 0.0102, 'anger': 0.0067, 'anticipation': 0.0095, 'trust': 0.0105, 'surprise': 0.0102, 'sadness': 0.0099, 'disgust': 0.0062, 'joy': 0.013, 'a_score': 0.4395}",RandomForestClassifier()
RandomForestClassifier,0.8418,0.8637,0.8418,0.7768,0.8487,0.8658,0.8487,0.8479,0.8507,0.8679,0.8507,0.8505,0.9608,not-balanced,100,10,2,4,154,kbest,"['fear', 'anger', 'anticipation', 'trust', 'surprise', 'sadness', 'disgust', 'joy', 'a_score']","{'fear': 0.012, 'anger': 0.0052, 'anticipation': 0.009, 'trust': 0.0097, 'surprise': 0.0076, 'sadness': 0.0127, 'disgust': 0.0064, 'joy': 0.008, 'a_score': 0.4378}",RandomForestClassifier()
RandomForestClassifier,0.8489,0.8704,0.8489,0.7942,0.8454,0.8714,0.8454,0.8461,0.8506,0.8721,0.8506,0.8509,0.9621,not-balanced,100,10,5,3,18,kbest,"['fear', 'anger', 'anticipation', 'trust', 'surprise', 'sadness', 'disgust', 'joy', 'a_score']","{'fear': 0.0101, 'anger': 0.007, 'anticipation': 0.0104, 'trust': 0.0108, 'surprise': 0.0084, 'sadness': 0.0105, 'disgust': 0.0079, 'joy': 0.0116, 'a_score': 0.4381}",RandomForestClassifier()
RandomForestClassifier,0.849,0.8681,0.849,0.7864,0.8445,0.8634,0.8445,0.8443,0.8505,0.8676,0.8505,0.8506,0.9628,not-balanced,100,10,6,4,761,kbest,"['fear', 'anger', 'anticipation', 'trust', 'surprise', 'sadness', 'disgust', 'joy', 'a_score']","{'fear': 0.0106, 'anger': 0.0062, 'anticipation': 0.0098, 'trust': 0.0112, 'surprise': 0.0082, 'sadness': 0.0094, 'disgust': 0.0065, 'joy': 0.0121, 'a_score': 0.4366}",RandomForestClassifier()
RandomForestClassifier,0.8432,0.8551,0.8432,0.7505,0.8482,0.8717,0.8482,0.8483,0.8504,0.8735,0.8504,0.8508,0.9617,not-balanced,100,10,10,5,675,kbest,"['fear', 'anger', 'anticipation', 'trust', 'surprise', 'sadness', 'disgust', 'joy', 'a_score']","{'fear': 0.0116, 'anger': 0.0061, 'anticipation': 0.0091, 'trust': 0.0095, 'surprise': 0.0068, 'sadness': 0.0112, 'disgust': 0.0071, 'joy': 0.0069, 'a_score': 0.4411}",RandomForestClassifier()
RandomForestClassifier,0.8474,0.8413,0.8474,0.7289,0.8451,0.8379,0.8451,0.8372,0.8503,0.8431,0.8503,0.8425,0.962,not-balanced,100,10,1,5,821,kbest,"['fear', 'anger', 'anticipation', 'trust', 'surprise', 'sadness', 'disgust', 'joy', 'a_score']","{'fear': 0.0108, 'anger': 0.0071, 'anticipation': 0.0076, 'trust': 0.01, 'surprise': 0.0074, 'sadness': 0.0105, 'disgust': 0.0069, 'joy': 0.0084, 'a_score': 0.4126}",RandomForestClassifier()
RandomForestClassifier,0.8471,0.8705,0.8471,0.7888,0.8445,0.8683,0.8445,0.8447,0.8503,0.8719,0.8503,0.8507,0.9629,not-balanced,100,10,3,1,349,kbest,"['fear', 'anger', 'anticipation', 'trust', 'surprise', 'sadness', 'disgust', 'joy', 'a_score']","{'fear': 0.0101, 'anger': 0.006, 'anticipation': 0.0078, 'trust': 0.0096, 'surprise': 0.0069, 'sadness': 0.012, 'disgust': 0.0067, 'joy': 0.0085, 'a_score': 0.437}",RandomForestClassifier()
RandomForestClassifier,0.8499,0.8598,0.8499,0.7594,0.8437,0.8366,0.8437,0.8357,0.8503,0.8426,0.8503,0.8422,0.9634,not-balanced,100,10,7,1,338,kbest,"['fear', 'anger', 'anticipation', 'trust', 'surprise', 'sadness', 'disgust', 'joy', 'a_score']","{'fear': 0.0097, 'anger': 0.0065, 'anticipation': 0.0087, 'trust': 0.0102, 'surprise': 0.0079, 'sadness': 0.0134, 'disgust': 0.0071, 'joy': 0.0084, 'a_score': 0.4113}",RandomForestClassifier()
RandomForestClassifier,0.8466,0.8637,0.8466,0.786,0.8483,0.8662,0.8483,0.8486,0.8503,0.8669,0.8503,0.8503,0.9613,not-balanced,100,10,6,1,148,kbest,"['fear', 'anger', 'anticipation', 'trust', 'surprise', 'sadness', 'disgust', 'joy', 'a_score']","{'fear': 0.0093, 'anger': 0.0072, 'anticipation': 0.0085, 'trust': 0.0096, 'surprise': 0.0073, 'sadness': 0.0111, 'disgust': 0.0067, 'joy': 0.0102, 'a_score': 0.4353}",RandomForestClassifier()
RandomForestClassifier,0.843,0.8371,0.843,0.7123,0.8488,0.8397,0.8488,0.8393,0.8503,0.8413,0.8503,0.8408,0.9604,not-balanced,100,10,9,3,876,kbest,"['fear', 'anger', 'anticipation', 'trust', 'surprise', 'sadness', 'disgust', 'joy', 'a_score']","{'fear': 0.0104, 'anger': 0.0075, 'anticipation': 0.0089, 'trust': 0.0107, 'surprise': 0.0085, 'sadness': 0.0101, 'disgust': 0.008, 'joy': 0.0094, 'a_score': 0.409}",RandomForestClassifier()
RandomForestClassifier,0.8467,0.8497,0.8467,0.7379,0.8451,0.8649,0.8451,0.8445,0.85,0.8695,0.85,0.8503,0.9621,not-balanced,100,10,3,5,516,kbest,"['fear', 'anger', 'anticipation', 'trust', 'surprise', 'sadness', 'disgust', 'joy', 'a_score']","{'fear': 0.0104, 'anger': 0.006, 'anticipation': 0.0072, 'trust': 0.0109, 'surprise': 0.0065, 'sadness': 0.009, 'disgust': 0.0047, 'joy': 0.0129, 'a_score': 0.4417}",RandomForestClassifier()
RandomForestClassifier,0.8469,0.8355,0.8469,0.6911,0.8412,0.8278,0.8412,0.8263,0.8498,0.8392,0.8498,0.8361,0.9629,not-balanced,100,10,3,3,87,kbest,"['fear', 'anger', 'anticipation', 'trust', 'surprise', 'sadness', 'disgust', 'joy', 'a_score']","{'fear': 0.0112, 'anger': 0.0062, 'anticipation': 0.0097, 'trust': 0.0096, 'surprise': 0.006, 'sadness': 0.0086, 'disgust': 0.0063, 'joy': 0.0079, 'a_score': 0.4031}",RandomForestClassifier()
RandomForestClassifier,0.8467,0.8684,0.8467,0.7908,0.8492,0.8727,0.8492,0.8497,0.8497,0.8703,0.8497,0.8502,0.9616,not-balanced,100,10,5,5,413,kbest,"['fear', 'anger', 'anticipation', 'trust', 'surprise', 'sadness', 'disgust', 'joy', 'a_score']","{'fear': 0.0113, 'anger': 0.0064, 'anticipation': 0.0073, 'trust': 0.0107, 'surprise': 0.0074, 'sadness': 0.0085, 'disgust': 0.0074, 'joy': 0.0116, 'a_score': 0.4374}",RandomForestClassifier()
RandomForestClassifier,0.8463,0.8414,0.8463,0.7159,0.8433,0.8339,0.8433,0.8334,0.8495,0.8408,0.8495,0.8401,0.9631,not-balanced,100,10,2,1,325,kbest,"['fear', 'anger', 'anticipation', 'trust', 'surprise', 'sadness', 'disgust', 'joy', 'a_score']","{'fear': 0.0107, 'anger': 0.0075, 'anticipation': 0.0072, 'trust': 0.011, 'surprise': 0.0063, 'sadness': 0.0097, 'disgust': 0.0061, 'joy': 0.0074, 'a_score': 0.411}",RandomForestClassifier()
RandomForestClassifier,0.8462,0.8682,0.8462,0.7907,0.8496,0.8734,0.8496,0.8501,0.8495,0.8705,0.8495,0.85,0.9618,not-balanced,100,10,8,2,413,kbest,"['fear', 'anger', 'anticipation', 'trust', 'surprise', 'sadness', 'disgust', 'joy', 'a_score']","{'fear': 0.0104, 'anger': 0.0063, 'anticipation': 0.0086, 'trust': 0.01, 'surprise': 0.0084, 'sadness': 0.009, 'disgust': 0.0075, 'joy': 0.0123, 'a_score': 0.4415}",RandomForestClassifier()
RandomForestClassifier,0.8481,0.8371,0.8481,0.6942,0.8407,0.8281,0.8407,0.827,0.849,0.8378,0.849,0.8365,0.9629,not-balanced,100,10,8,3,87,kbest,"['fear', 'anger', 'anticipation', 'trust', 'surprise', 'sadness', 'disgust', 'joy', 'a_score']","{'fear': 0.0113, 'anger': 0.0064, 'anticipation': 0.0097, 'trust': 0.0108, 'surprise': 0.0065, 'sadness': 0.0093, 'disgust': 0.006, 'joy': 0.0076, 'a_score': 0.4068}",RandomForestClassifier()
RandomForestClassifier,0.8447,0.8623,0.8447,0.7727,0.8446,0.8616,0.8446,0.8449,0.849,0.8658,0.849,0.8495,0.9625,not-balanced,100,10,7,3,107,kbest,"['fear', 'anger', 'anticipation', 'trust', 'surprise', 'sadness', 'disgust', 'joy', 'a_score']","{'fear': 0.0113, 'anger': 0.0067, 'anticipation': 0.0109, 'trust': 0.0102, 'surprise': 0.0081, 'sadness': 0.0124, 'disgust': 0.0068, 'joy': 0.0104, 'a_score': 0.4354}",RandomForestClassifier()
RandomForestClassifier,0.8406,0.8428,0.8406,0.7236,0.8492,0.8388,0.8492,0.8376,0.8489,0.8384,0.8489,0.8375,0.9609,not-balanced,100,10,3,2,202,kbest,"['fear', 'anger', 'anticipation', 'trust', 'surprise', 'sadness', 'disgust', 'joy', 'a_score']","{'fear': 0.012, 'anger': 0.0062, 'anticipation': 0.0092, 'trust': 0.0112, 'surprise': 0.0071, 'sadness': 0.0114, 'disgust': 0.006, 'joy': 0.0081, 'a_score': 0.406}",RandomForestClassifier()
RandomForestClassifier,0.8469,0.8668,0.8469,0.7837,0.8477,0.8676,0.8477,0.847,0.8488,0.8684,0.8488,0.8486,0.9623,not-balanced,100,10,5,2,698,kbest,"['fear', 'anger', 'anticipation', 'trust', 'surprise', 'sadness', 'disgust', 'joy', 'a_score']","{'fear': 0.012, 'anger': 0.0062, 'anticipation': 0.0079, 'trust': 0.0112, 'surprise': 0.0079, 'sadness': 0.0098, 'disgust': 0.0078, 'joy': 0.0065, 'a_score': 0.4388}",RandomForestClassifier()
RandomForestClassifier,0.8432,0.8462,0.8432,0.7335,0.8438,0.8333,0.8438,0.8341,0.848,0.8383,0.848,0.8388,0.9622,not-balanced,100,10,8,1,275,kbest,"['fear', 'anger', 'anticipation', 'trust', 'surprise', 'sadness', 'disgust', 'joy', 'a_score']","{'fear': 0.011, 'anger': 0.0059, 'anticipation': 0.0086, 'trust': 0.0111, 'surprise': 0.0077, 'sadness': 0.0107, 'disgust': 0.0056, 'joy': 0.0129, 'a_score': 0.4086}",RandomForestClassifier()
RandomForestClassifier,0.8394,0.8429,0.8394,0.7281,0.8484,0.8424,0.8484,0.8416,0.8447,0.8354,0.8447,0.8362,0.9606,not-balanced,100,10,9,1,353,kbest,"['fear', 'anger', 'anticipation', 'trust', 'surprise', 'sadness', 'disgust', 'joy', 'a_score']","{'fear': 0.0111, 'anger': 0.0059, 'anticipation': 0.0086, 'trust': 0.0113, 'surprise': 0.0084, 'sadness': 0.0097, 'disgust': 0.0061, 'joy': 0.0074, 'a_score': 0.4122}",RandomForestClassifier()
