Algorithm,Train Accuracy,Train Precision,Train Recall,Train F1 Score,Test Accuracy,Test Precision,Test Recall,Test F1 Score,Val. Accuracy,Val. Precision,Val. Recall,Val. F1 Score,AUC,Bal. Strategy,% of Features,Folds,Fold,Execution,Random State,Feat. Selec. Strategy,Features,Features Importance,Model
KNeighborsClassifier,0.8869,0.8916,0.8869,0.8757,0.9018,0.907,0.9018,0.899,0.8998,0.9043,0.8998,0.8972,0.9489,not-balanced,100,10,8,1,102,kbest,"['fear', 'anger', 'anticipation', 'trust', 'surprise', 'sadness', 'disgust', 'joy', 'a_score']","{'fear': 0.0106, 'anger': 0.0073, 'anticipation': 0.0047, 'trust': 0.0031, 'surprise': 0.0082, 'sadness': 0.0095, 'disgust': 0.0072, 'joy': 0.0051, 'a_score': 0.3535}",KNeighborsClassifier()
KNeighborsClassifier,0.8912,0.8945,0.8912,0.8781,0.8951,0.8999,0.8951,0.8923,0.8982,0.9013,0.8982,0.8959,0.9407,not-balanced,100,10,5,5,849,kbest,"['fear', 'anger', 'anticipation', 'trust', 'surprise', 'sadness', 'disgust', 'joy', 'a_score']","{'fear': 0.0088, 'anger': 0.0087, 'anticipation': 0.009, 'trust': 0.0059, 'surprise': 0.0067, 'sadness': 0.0067, 'disgust': 0.0065, 'joy': 0.009, 'a_score': 0.3485}",KNeighborsClassifier()
KNeighborsClassifier,0.878,0.8853,0.878,0.8675,0.8954,0.8997,0.8954,0.8928,0.8972,0.9005,0.8972,0.8949,0.9358,not-balanced,100,10,8,2,637,kbest,"['fear', 'anger', 'anticipation', 'trust', 'surprise', 'sadness', 'disgust', 'joy', 'a_score']","{'fear': 0.0044, 'anger': 0.0091, 'anticipation': 0.0082, 'trust': 0.0023, 'surprise': 0.0042, 'sadness': 0.0066, 'disgust': 0.0102, 'joy': 0.0035, 'a_score': 0.3452}",KNeighborsClassifier()
KNeighborsClassifier,0.8797,0.8875,0.8797,0.8699,0.8918,0.8964,0.8918,0.8889,0.8962,0.9005,0.8962,0.8935,0.9575,not-balanced,100,10,7,4,453,kbest,"['fear', 'anger', 'anticipation', 'trust', 'surprise', 'sadness', 'disgust', 'joy', 'a_score']","{'fear': 0.0063, 'anger': 0.0093, 'anticipation': 0.0076, 'trust': 0.0057, 'surprise': 0.009, 'sadness': 0.008, 'disgust': 0.0099, 'joy': 0.0043, 'a_score': 0.3462}",KNeighborsClassifier()
KNeighborsClassifier,0.8896,0.8958,0.8896,0.8788,0.8939,0.8987,0.8939,0.891,0.8959,0.9003,0.8959,0.8932,0.9496,not-balanced,100,10,7,2,274,kbest,"['fear', 'anger', 'anticipation', 'trust', 'surprise', 'sadness', 'disgust', 'joy', 'a_score']","{'fear': 0.008, 'anger': 0.007, 'anticipation': 0.0043, 'trust': 0.0047, 'surprise': 0.007, 'sadness': 0.0069, 'disgust': 0.008, 'joy': 0.0076, 'a_score': 0.3501}",KNeighborsClassifier()
KNeighborsClassifier,0.8831,0.8877,0.8831,0.8722,0.8919,0.8954,0.8919,0.8893,0.8953,0.8977,0.8953,0.8931,0.9585,not-balanced,100,10,5,3,353,kbest,"['fear', 'anger', 'anticipation', 'trust', 'surprise', 'sadness', 'disgust', 'joy', 'a_score']","{'fear': 0.0049, 'anger': 0.0071, 'anticipation': 0.005, 'trust': 0.0068, 'surprise': 0.0082, 'sadness': 0.0058, 'disgust': 0.0103, 'joy': 0.0049, 'a_score': 0.349}",KNeighborsClassifier()
KNeighborsClassifier,0.8749,0.8814,0.8749,0.8655,0.8942,0.898,0.8942,0.8915,0.8949,0.8989,0.8949,0.8922,0.9564,not-balanced,100,10,4,5,769,kbest,"['fear', 'anger', 'anticipation', 'trust', 'surprise', 'sadness', 'disgust', 'joy', 'a_score']","{'fear': 0.01, 'anger': 0.0092, 'anticipation': 0.0064, 'trust': 0.0043, 'surprise': 0.0087, 'sadness': 0.006, 'disgust': 0.0091, 'joy': 0.0069, 'a_score': 0.3446}",KNeighborsClassifier()
KNeighborsClassifier,0.884,0.889,0.884,0.8722,0.896,0.8991,0.896,0.8936,0.8946,0.8971,0.8946,0.8923,0.9462,not-balanced,100,10,4,3,886,kbest,"['fear', 'anger', 'anticipation', 'trust', 'surprise', 'sadness', 'disgust', 'joy', 'a_score']","{'fear': 0.0071, 'anger': 0.0056, 'anticipation': 0.0054, 'trust': 0.0042, 'surprise': 0.0098, 'sadness': 0.0058, 'disgust': 0.0066, 'joy': 0.0061, 'a_score': 0.3492}",KNeighborsClassifier()
KNeighborsClassifier,0.8844,0.8906,0.8844,0.8748,0.8896,0.8923,0.8896,0.887,0.8945,0.8957,0.8945,0.8926,0.9536,not-balanced,100,10,7,1,836,kbest,"['fear', 'anger', 'anticipation', 'trust', 'surprise', 'sadness', 'disgust', 'joy', 'a_score']","{'fear': 0.0061, 'anger': 0.0106, 'anticipation': 0.0083, 'trust': 0.006, 'surprise': 0.0081, 'sadness': 0.0078, 'disgust': 0.0114, 'joy': 0.0096, 'a_score': 0.3527}",KNeighborsClassifier()
KNeighborsClassifier,0.8889,0.8935,0.8889,0.8778,0.8914,0.895,0.8914,0.8886,0.8944,0.8976,0.8944,0.8919,0.9473,not-balanced,100,10,8,4,655,kbest,"['fear', 'anger', 'anticipation', 'trust', 'surprise', 'sadness', 'disgust', 'joy', 'a_score']","{'fear': 0.0075, 'anger': 0.0075, 'anticipation': 0.0077, 'trust': 0.0046, 'surprise': 0.0078, 'sadness': 0.0098, 'disgust': 0.0095, 'joy': 0.009, 'a_score': 0.3478}",KNeighborsClassifier()
KNeighborsClassifier,0.8768,0.8845,0.8768,0.8671,0.8962,0.8992,0.8962,0.8939,0.894,0.8974,0.894,0.8915,0.9549,not-balanced,100,10,2,1,916,kbest,"['fear', 'anger', 'anticipation', 'trust', 'surprise', 'sadness', 'disgust', 'joy', 'a_score']","{'fear': 0.0062, 'anger': 0.0098, 'anticipation': 0.0091, 'trust': 0.0032, 'surprise': 0.0066, 'sadness': 0.0056, 'disgust': 0.0105, 'joy': 0.0058, 'a_score': 0.3444}",KNeighborsClassifier()
KNeighborsClassifier,0.8781,0.8838,0.8781,0.868,0.8923,0.8936,0.8923,0.8902,0.8929,0.894,0.8929,0.8911,0.9462,not-balanced,100,10,4,1,636,kbest,"['fear', 'anger', 'anticipation', 'trust', 'surprise', 'sadness', 'disgust', 'joy', 'a_score']","{'fear': 0.0137, 'anger': 0.0082, 'anticipation': 0.0042, 'trust': 0.0035, 'surprise': 0.0101, 'sadness': 0.0143, 'disgust': 0.0109, 'joy': 0.0063, 'a_score': 0.3477}",KNeighborsClassifier()
KNeighborsClassifier,0.8849,0.8894,0.8849,0.874,0.8883,0.8907,0.8883,0.8859,0.8924,0.8937,0.8924,0.8905,0.9497,not-balanced,100,10,9,2,864,kbest,"['fear', 'anger', 'anticipation', 'trust', 'surprise', 'sadness', 'disgust', 'joy', 'a_score']","{'fear': 0.0094, 'anger': 0.0097, 'anticipation': 0.0064, 'trust': 0.0048, 'surprise': 0.012, 'sadness': 0.0085, 'disgust': 0.0101, 'joy': 0.0084, 'a_score': 0.3498}",KNeighborsClassifier()
KNeighborsClassifier,0.8864,0.8909,0.8864,0.8751,0.8947,0.8967,0.8947,0.8925,0.8924,0.8939,0.8924,0.8903,0.9568,not-balanced,100,10,5,1,592,kbest,"['fear', 'anger', 'anticipation', 'trust', 'surprise', 'sadness', 'disgust', 'joy', 'a_score']","{'fear': 0.0059, 'anger': 0.0097, 'anticipation': 0.0061, 'trust': 0.0037, 'surprise': 0.0081, 'sadness': 0.0047, 'disgust': 0.0094, 'joy': 0.0105, 'a_score': 0.3497}",KNeighborsClassifier()
KNeighborsClassifier,0.8805,0.8871,0.8805,0.8708,0.8875,0.8897,0.8875,0.8849,0.8919,0.8938,0.8919,0.8896,0.9557,not-balanced,100,10,6,5,781,kbest,"['fear', 'anger', 'anticipation', 'trust', 'surprise', 'sadness', 'disgust', 'joy', 'a_score']","{'fear': 0.0087, 'anger': 0.0084, 'anticipation': 0.0108, 'trust': 0.0048, 'surprise': 0.0122, 'sadness': 0.0083, 'disgust': 0.0103, 'joy': 0.0071, 'a_score': 0.3523}",KNeighborsClassifier()
KNeighborsClassifier,0.8856,0.8905,0.8856,0.8749,0.8915,0.8938,0.8915,0.8892,0.8919,0.8939,0.8919,0.8897,0.9523,not-balanced,100,10,7,5,925,kbest,"['fear', 'anger', 'anticipation', 'trust', 'surprise', 'sadness', 'disgust', 'joy', 'a_score']","{'fear': 0.0087, 'anger': 0.0084, 'anticipation': 0.0091, 'trust': 0.0061, 'surprise': 0.0136, 'sadness': 0.0073, 'disgust': 0.0123, 'joy': 0.0092, 'a_score': 0.3471}",KNeighborsClassifier()
KNeighborsClassifier,0.8852,0.8912,0.8852,0.8735,0.8946,0.8972,0.8946,0.8922,0.8918,0.8942,0.8918,0.8894,0.9548,not-balanced,100,10,1,3,481,kbest,"['fear', 'anger', 'anticipation', 'trust', 'surprise', 'sadness', 'disgust', 'joy', 'a_score']","{'fear': 0.013, 'anger': 0.0055, 'anticipation': 0.0102, 'trust': 0.0043, 'surprise': 0.0107, 'sadness': 0.0062, 'disgust': 0.0093, 'joy': 0.0047, 'a_score': 0.3477}",KNeighborsClassifier()
KNeighborsClassifier,0.8832,0.8885,0.8832,0.8726,0.891,0.8929,0.891,0.8888,0.8917,0.8933,0.8917,0.8896,0.9481,not-balanced,100,10,10,5,614,kbest,"['fear', 'anger', 'anticipation', 'trust', 'surprise', 'sadness', 'disgust', 'joy', 'a_score']","{'fear': 0.0123, 'anger': 0.0078, 'anticipation': 0.0078, 'trust': 0.0049, 'surprise': 0.0085, 'sadness': 0.0063, 'disgust': 0.0104, 'joy': 0.009, 'a_score': 0.3511}",KNeighborsClassifier()
KNeighborsClassifier,0.8817,0.8872,0.8817,0.8705,0.8945,0.8977,0.8945,0.892,0.8917,0.8939,0.8917,0.8894,0.9459,not-balanced,100,10,5,4,59,kbest,"['fear', 'anger', 'anticipation', 'trust', 'surprise', 'sadness', 'disgust', 'joy', 'a_score']","{'fear': 0.0063, 'anger': 0.0066, 'anticipation': 0.0096, 'trust': 0.0036, 'surprise': 0.0065, 'sadness': 0.0051, 'disgust': 0.0092, 'joy': 0.0112, 'a_score': 0.3456}",KNeighborsClassifier()
KNeighborsClassifier,0.8771,0.8848,0.8771,0.8681,0.8901,0.8907,0.8901,0.8882,0.8911,0.8916,0.8911,0.8894,0.9516,not-balanced,100,10,6,2,199,kbest,"['fear', 'anger', 'anticipation', 'trust', 'surprise', 'sadness', 'disgust', 'joy', 'a_score']","{'fear': 0.0094, 'anger': 0.0104, 'anticipation': 0.0098, 'trust': 0.0051, 'surprise': 0.0101, 'sadness': 0.0101, 'disgust': 0.0119, 'joy': 0.0076, 'a_score': 0.3494}",KNeighborsClassifier()
KNeighborsClassifier,0.8835,0.8897,0.8835,0.8727,0.8883,0.8911,0.8883,0.8856,0.8911,0.8927,0.8911,0.889,0.9521,not-balanced,100,10,8,5,787,kbest,"['fear', 'anger', 'anticipation', 'trust', 'surprise', 'sadness', 'disgust', 'joy', 'a_score']","{'fear': 0.01, 'anger': 0.0128, 'anticipation': 0.0103, 'trust': 0.0034, 'surprise': 0.0093, 'sadness': 0.0046, 'disgust': 0.0088, 'joy': 0.0105, 'a_score': 0.3449}",KNeighborsClassifier()
KNeighborsClassifier,0.8778,0.8858,0.8778,0.8681,0.8943,0.896,0.8943,0.8922,0.8908,0.8922,0.8908,0.8887,0.9553,not-balanced,100,10,6,1,802,kbest,"['fear', 'anger', 'anticipation', 'trust', 'surprise', 'sadness', 'disgust', 'joy', 'a_score']","{'fear': 0.0092, 'anger': 0.0121, 'anticipation': 0.0076, 'trust': 0.0053, 'surprise': 0.0072, 'sadness': 0.0065, 'disgust': 0.0123, 'joy': 0.006, 'a_score': 0.3449}",KNeighborsClassifier()
KNeighborsClassifier,0.8882,0.8918,0.8882,0.8755,0.8929,0.8947,0.8929,0.8908,0.8906,0.8916,0.8906,0.8887,0.9505,not-balanced,100,10,10,3,608,kbest,"['fear', 'anger', 'anticipation', 'trust', 'surprise', 'sadness', 'disgust', 'joy', 'a_score']","{'fear': 0.0086, 'anger': 0.0054, 'anticipation': 0.0071, 'trust': 0.005, 'surprise': 0.0104, 'sadness': 0.0139, 'disgust': 0.0074, 'joy': 0.0069, 'a_score': 0.3484}",KNeighborsClassifier()
KNeighborsClassifier,0.882,0.887,0.882,0.8714,0.8892,0.8903,0.8892,0.8873,0.8903,0.8909,0.8903,0.8886,0.9571,not-balanced,100,10,1,2,29,kbest,"['fear', 'anger', 'anticipation', 'trust', 'surprise', 'sadness', 'disgust', 'joy', 'a_score']","{'fear': 0.0072, 'anger': 0.0075, 'anticipation': 0.0094, 'trust': 0.006, 'surprise': 0.0063, 'sadness': 0.01, 'disgust': 0.0098, 'joy': 0.0069, 'a_score': 0.3484}",KNeighborsClassifier()
KNeighborsClassifier,0.8818,0.8873,0.8818,0.872,0.8913,0.8928,0.8913,0.8892,0.8901,0.8916,0.8901,0.888,0.9458,not-balanced,100,10,1,4,672,kbest,"['fear', 'anger', 'anticipation', 'trust', 'surprise', 'sadness', 'disgust', 'joy', 'a_score']","{'fear': 0.009, 'anger': 0.0106, 'anticipation': 0.0129, 'trust': 0.0048, 'surprise': 0.0083, 'sadness': 0.0098, 'disgust': 0.0106, 'joy': 0.0044, 'a_score': 0.3485}",KNeighborsClassifier()
KNeighborsClassifier,0.8775,0.8849,0.8775,0.8668,0.8866,0.8892,0.8866,0.8842,0.89,0.8912,0.89,0.888,0.9455,not-balanced,100,10,10,4,859,kbest,"['fear', 'anger', 'anticipation', 'trust', 'surprise', 'sadness', 'disgust', 'joy', 'a_score']","{'fear': 0.0136, 'anger': 0.009, 'anticipation': 0.0122, 'trust': 0.0036, 'surprise': 0.0114, 'sadness': 0.0103, 'disgust': 0.0074, 'joy': 0.0105, 'a_score': 0.3473}",KNeighborsClassifier()
KNeighborsClassifier,0.8818,0.8871,0.8818,0.8716,0.8917,0.8934,0.8917,0.8895,0.8898,0.8913,0.8898,0.8877,0.9519,not-balanced,100,10,3,3,372,kbest,"['fear', 'anger', 'anticipation', 'trust', 'surprise', 'sadness', 'disgust', 'joy', 'a_score']","{'fear': 0.0057, 'anger': 0.006, 'anticipation': 0.0095, 'trust': 0.0054, 'surprise': 0.0063, 'sadness': 0.011, 'disgust': 0.0095, 'joy': 0.0117, 'a_score': 0.3469}",KNeighborsClassifier()
KNeighborsClassifier,0.8822,0.8869,0.8822,0.87,0.8926,0.893,0.8926,0.8911,0.8898,0.89,0.8898,0.8883,0.9563,not-balanced,100,10,4,2,296,kbest,"['fear', 'anger', 'anticipation', 'trust', 'surprise', 'sadness', 'disgust', 'joy', 'a_score']","{'fear': 0.0087, 'anger': 0.0075, 'anticipation': 0.0106, 'trust': 0.007, 'surprise': 0.007, 'sadness': 0.0057, 'disgust': 0.0084, 'joy': 0.0069, 'a_score': 0.3399}",KNeighborsClassifier()
KNeighborsClassifier,0.8813,0.8879,0.8813,0.8703,0.8914,0.8929,0.8914,0.8892,0.8892,0.8906,0.8892,0.8871,0.9465,not-balanced,100,10,3,2,998,kbest,"['fear', 'anger', 'anticipation', 'trust', 'surprise', 'sadness', 'disgust', 'joy', 'a_score']","{'fear': 0.0119, 'anger': 0.0105, 'anticipation': 0.0093, 'trust': 0.0067, 'surprise': 0.0067, 'sadness': 0.006, 'disgust': 0.0112, 'joy': 0.0107, 'a_score': 0.3488}",KNeighborsClassifier()
KNeighborsClassifier,0.8859,0.8883,0.8859,0.8736,0.8933,0.895,0.8933,0.8912,0.8889,0.8904,0.8889,0.8867,0.9472,not-balanced,100,10,9,3,609,kbest,"['fear', 'anger', 'anticipation', 'trust', 'surprise', 'sadness', 'disgust', 'joy', 'a_score']","{'fear': 0.0108, 'anger': 0.0094, 'anticipation': 0.009, 'trust': 0.0084, 'surprise': 0.0074, 'sadness': 0.0078, 'disgust': 0.0098, 'joy': 0.0084, 'a_score': 0.3443}",KNeighborsClassifier()
KNeighborsClassifier,0.8929,0.8967,0.8929,0.8807,0.8865,0.8865,0.8865,0.885,0.8872,0.887,0.8872,0.8858,0.9502,not-balanced,100,10,3,4,446,kbest,"['fear', 'anger', 'anticipation', 'trust', 'surprise', 'sadness', 'disgust', 'joy', 'a_score']","{'fear': 0.0088, 'anger': 0.0109, 'anticipation': 0.0072, 'trust': 0.0062, 'surprise': 0.0096, 'sadness': 0.0101, 'disgust': 0.0118, 'joy': 0.0049, 'a_score': 0.3467}",KNeighborsClassifier()
KNeighborsClassifier,0.8917,0.8944,0.8917,0.8783,0.8928,0.8937,0.8928,0.8911,0.8854,0.8859,0.8854,0.8836,0.9346,not-balanced,100,10,5,2,120,kbest,"['fear', 'anger', 'anticipation', 'trust', 'surprise', 'sadness', 'disgust', 'joy', 'a_score']","{'fear': 0.0042, 'anger': 0.0063, 'anticipation': 0.0099, 'trust': 0.0098, 'surprise': 0.0091, 'sadness': 0.0041, 'disgust': 0.0091, 'joy': 0.009, 'a_score': 0.3433}",KNeighborsClassifier()
KNeighborsClassifier,0.8833,0.889,0.8833,0.8728,0.8855,0.8855,0.8855,0.8839,0.8841,0.8837,0.8841,0.8827,0.9533,not-balanced,100,10,1,1,379,kbest,"['fear', 'anger', 'anticipation', 'trust', 'surprise', 'sadness', 'disgust', 'joy', 'a_score']","{'fear': 0.0089, 'anger': 0.0097, 'anticipation': 0.0126, 'trust': 0.0064, 'surprise': 0.0099, 'sadness': 0.0084, 'disgust': 0.0112, 'joy': 0.0036, 'a_score': 0.3452}",KNeighborsClassifier()
KNeighborsClassifier,0.8816,0.8887,0.8816,0.8718,0.8643,0.8718,0.8643,0.8659,0.8655,0.8735,0.8655,0.8671,0.9583,not-balanced,100,10,4,4,999,kbest,"['fear', 'anger', 'anticipation', 'trust', 'surprise', 'sadness', 'disgust', 'joy', 'a_score']","{'fear': 0.0015, 'anger': 0.0086, 'anticipation': 0.0055, 'trust': -0.0011, 'surprise': 0.0063, 'sadness': 0.0063, 'disgust': 0.0084, 'joy': 0.0019, 'a_score': 0.3501}",KNeighborsClassifier()
KNeighborsClassifier,0.8794,0.8866,0.8794,0.8698,0.8664,0.8742,0.8664,0.868,0.8654,0.8738,0.8654,0.867,0.9474,not-balanced,100,10,8,3,958,kbest,"['fear', 'anger', 'anticipation', 'trust', 'surprise', 'sadness', 'disgust', 'joy', 'a_score']","{'fear': 0.0017, 'anger': 0.0074, 'anticipation': 0.0054, 'trust': 0.0013, 'surprise': 0.0036, 'sadness': 0.0041, 'disgust': 0.0075, 'joy': 0.0034, 'a_score': 0.3489}",KNeighborsClassifier()
KNeighborsClassifier,0.8786,0.8847,0.8786,0.8693,0.8622,0.8728,0.8622,0.8641,0.8639,0.8742,0.8639,0.8658,0.9575,not-balanced,100,10,6,3,424,kbest,"['fear', 'anger', 'anticipation', 'trust', 'surprise', 'sadness', 'disgust', 'joy', 'a_score']","{'fear': 0.0061, 'anger': 0.004, 'anticipation': 0.0083, 'trust': 0.0013, 'surprise': 0.0049, 'sadness': 0.004, 'disgust': 0.0088, 'joy': 0.0008, 'a_score': 0.3531}",KNeighborsClassifier()
KNeighborsClassifier,0.8923,0.8962,0.8923,0.8804,0.8629,0.8735,0.8629,0.8648,0.8635,0.8751,0.8635,0.8654,0.9531,not-balanced,100,10,9,1,807,kbest,"['fear', 'anger', 'anticipation', 'trust', 'surprise', 'sadness', 'disgust', 'joy', 'a_score']","{'fear': -0.0002, 'anger': 0.0071, 'anticipation': 0.0034, 'trust': 0.0014, 'surprise': 0.008, 'sadness': 0.0002, 'disgust': 0.0064, 'joy': 0.0032, 'a_score': 0.3513}",KNeighborsClassifier()
KNeighborsClassifier,0.8835,0.8894,0.8835,0.8723,0.8654,0.8751,0.8654,0.8672,0.8627,0.8729,0.8627,0.8645,0.9511,not-balanced,100,10,1,5,912,kbest,"['fear', 'anger', 'anticipation', 'trust', 'surprise', 'sadness', 'disgust', 'joy', 'a_score']","{'fear': 0.0034, 'anger': 0.0069, 'anticipation': 0.0046, 'trust': 0.0031, 'surprise': 0.0064, 'sadness': 0.0018, 'disgust': 0.0093, 'joy': 0.0046, 'a_score': 0.3484}",KNeighborsClassifier()
KNeighborsClassifier,0.8785,0.8846,0.8785,0.8686,0.867,0.8794,0.867,0.869,0.8618,0.8741,0.8618,0.8638,0.9556,not-balanced,100,10,2,4,465,kbest,"['fear', 'anger', 'anticipation', 'trust', 'surprise', 'sadness', 'disgust', 'joy', 'a_score']","{'fear': 0.0019, 'anger': 0.0042, 'anticipation': 0.0067, 'trust': 0.0035, 'surprise': 0.0053, 'sadness': 0.0062, 'disgust': 0.0034, 'joy': 0.0034, 'a_score': 0.3461}",KNeighborsClassifier()
KNeighborsClassifier,0.8714,0.881,0.8714,0.8638,0.8654,0.8738,0.8654,0.8671,0.8617,0.8714,0.8617,0.8635,0.957,not-balanced,100,10,6,4,450,kbest,"['fear', 'anger', 'anticipation', 'trust', 'surprise', 'sadness', 'disgust', 'joy', 'a_score']","{'fear': -0.0005, 'anger': 0.0033, 'anticipation': 0.0026, 'trust': -0.0023, 'surprise': 0.0064, 'sadness': 0.0018, 'disgust': 0.0061, 'joy': 0.0006, 'a_score': 0.351}",KNeighborsClassifier()
KNeighborsClassifier,0.8763,0.8848,0.8763,0.8669,0.8645,0.8768,0.8645,0.8664,0.8612,0.8741,0.8612,0.8633,0.9517,not-balanced,100,10,2,5,125,kbest,"['fear', 'anger', 'anticipation', 'trust', 'surprise', 'sadness', 'disgust', 'joy', 'a_score']","{'fear': 0.0024, 'anger': 0.0074, 'anticipation': 0.0042, 'trust': 0.0034, 'surprise': 0.0065, 'sadness': 0.0074, 'disgust': 0.0078, 'joy': 0.002, 'a_score': 0.354}",KNeighborsClassifier()
KNeighborsClassifier,0.8838,0.8896,0.8838,0.8735,0.864,0.8751,0.864,0.8659,0.861,0.8736,0.861,0.863,0.9485,not-balanced,100,10,3,1,31,kbest,"['fear', 'anger', 'anticipation', 'trust', 'surprise', 'sadness', 'disgust', 'joy', 'a_score']","{'fear': 0.0049, 'anger': 0.0053, 'anticipation': 0.0051, 'trust': -0.0006, 'surprise': 0.0057, 'sadness': 0.0038, 'disgust': 0.005, 'joy': 0.0041, 'a_score': 0.3504}",KNeighborsClassifier()
KNeighborsClassifier,0.8782,0.8854,0.8782,0.8702,0.8606,0.8725,0.8606,0.8627,0.8607,0.8722,0.8607,0.8627,0.9567,not-balanced,100,10,2,3,101,kbest,"['fear', 'anger', 'anticipation', 'trust', 'surprise', 'sadness', 'disgust', 'joy', 'a_score']","{'fear': 0.0073, 'anger': 0.0087, 'anticipation': 0.004, 'trust': 0.0014, 'surprise': 0.0051, 'sadness': 0.0053, 'disgust': 0.0101, 'joy': 0.0015, 'a_score': 0.3521}",KNeighborsClassifier()
KNeighborsClassifier,0.8755,0.884,0.8755,0.8665,0.8629,0.8738,0.8629,0.8648,0.8606,0.872,0.8606,0.8626,0.9568,not-balanced,100,10,9,4,18,kbest,"['fear', 'anger', 'anticipation', 'trust', 'surprise', 'sadness', 'disgust', 'joy', 'a_score']","{'fear': 0.0017, 'anger': 0.0053, 'anticipation': 0.0037, 'trust': 0.0011, 'surprise': 0.0067, 'sadness': 0.0011, 'disgust': 0.0059, 'joy': 0.0064, 'a_score': 0.3502}",KNeighborsClassifier()
KNeighborsClassifier,0.8854,0.8911,0.8854,0.874,0.8643,0.8758,0.8643,0.8663,0.8595,0.871,0.8595,0.8614,0.9502,not-balanced,100,10,10,2,640,kbest,"['fear', 'anger', 'anticipation', 'trust', 'surprise', 'sadness', 'disgust', 'joy', 'a_score']","{'fear': 0.0028, 'anger': 0.0064, 'anticipation': 0.0068, 'trust': 0.0015, 'surprise': 0.0073, 'sadness': 0.0022, 'disgust': 0.0055, 'joy': 0.0054, 'a_score': 0.344}",KNeighborsClassifier()
KNeighborsClassifier,0.8868,0.8912,0.8868,0.8746,0.8636,0.876,0.8636,0.8655,0.859,0.8725,0.859,0.8611,0.956,not-balanced,100,10,7,3,779,kbest,"['fear', 'anger', 'anticipation', 'trust', 'surprise', 'sadness', 'disgust', 'joy', 'a_score']","{'fear': 0.0016, 'anger': 0.0079, 'anticipation': 0.001, 'trust': 0.0019, 'surprise': 0.0036, 'sadness': 0.0057, 'disgust': 0.0057, 'joy': 0.0, 'a_score': 0.3496}",KNeighborsClassifier()
KNeighborsClassifier,0.8811,0.8872,0.8811,0.8708,0.861,0.8725,0.861,0.8629,0.8584,0.8708,0.8584,0.8605,0.9517,not-balanced,100,10,2,2,599,kbest,"['fear', 'anger', 'anticipation', 'trust', 'surprise', 'sadness', 'disgust', 'joy', 'a_score']","{'fear': 0.0023, 'anger': 0.0043, 'anticipation': 0.0047, 'trust': 0.0033, 'surprise': 0.0058, 'sadness': 0.0047, 'disgust': 0.0083, 'joy': 0.0062, 'a_score': 0.3478}",KNeighborsClassifier()
KNeighborsClassifier,0.8873,0.8921,0.8873,0.8766,0.8604,0.8744,0.8604,0.8625,0.8559,0.8715,0.8559,0.8582,0.959,not-balanced,100,10,9,5,628,kbest,"['fear', 'anger', 'anticipation', 'trust', 'surprise', 'sadness', 'disgust', 'joy', 'a_score']","{'fear': 0.0017, 'anger': 0.0069, 'anticipation': 0.0074, 'trust': 0.0025, 'surprise': 0.0026, 'sadness': 0.0055, 'disgust': 0.0079, 'joy': 0.0061, 'a_score': 0.348}",KNeighborsClassifier()
KNeighborsClassifier,0.8899,0.8922,0.8899,0.8769,0.8575,0.8748,0.8575,0.8599,0.8533,0.8726,0.8533,0.8558,0.9565,not-balanced,100,10,3,5,762,kbest,"['fear', 'anger', 'anticipation', 'trust', 'surprise', 'sadness', 'disgust', 'joy', 'a_score']","{'fear': 0.0071, 'anger': 0.0061, 'anticipation': 0.009, 'trust': 0.0041, 'surprise': 0.0057, 'sadness': 0.007, 'disgust': 0.0076, 'joy': 0.006, 'a_score': 0.3513}",KNeighborsClassifier()
KNeighborsClassifier,0.8899,0.8922,0.8899,0.8769,0.8575,0.8748,0.8575,0.8599,0.8533,0.8726,0.8533,0.8558,0.9565,not-balanced,100,10,10,1,762,kbest,"['fear', 'anger', 'anticipation', 'trust', 'surprise', 'sadness', 'disgust', 'joy', 'a_score']","{'fear': 0.007, 'anger': 0.0065, 'anticipation': 0.0083, 'trust': 0.0042, 'surprise': 0.0063, 'sadness': 0.0068, 'disgust': 0.0067, 'joy': 0.0059, 'a_score': 0.3529}",KNeighborsClassifier()
