Algorithm,Train Accuracy,Train Precision,Train Recall,Train F1 Score,Test Accuracy,Test Precision,Test Recall,Test F1 Score,Val. Accuracy,Val. Precision,Val. Recall,Val. F1 Score,AUC,Bal. Strategy,% of Features,Folds,Feat. Selec. Strategy,Features,Features Importance,Model
RandomForestClassifier,0.8498,0.8687,0.8498,0.7848,0.8457,0.8615,0.8457,0.8447,0.8526,0.8702,0.8526,0.8525,0.9622,not-balanced,100,10,kbest,"['fear', 'anger', 'anticipation', 'trust', 'surprise', 'sadness', 'disgust', 'joy', 'a_score']","{'fear': 0.0109, 'anger': 0.007, 'anticipation': 0.0099, 'trust': 0.0105, 'surprise': 0.0073, 'sadness': 0.012, 'disgust': 0.006, 'joy': 0.0089, 'a_score': 0.4439}",RandomForestClassifier()
RandomForestClassifier,0.8471,0.8644,0.8471,0.7787,0.845,0.8605,0.845,0.8442,0.8523,0.8689,0.8523,0.8523,0.96,not-balanced,100,10,kbest,"['fear', 'anger', 'anticipation', 'trust', 'surprise', 'sadness', 'disgust', 'joy', 'a_score']","{'fear': 0.0091, 'anger': 0.0078, 'anticipation': 0.0116, 'trust': 0.0105, 'surprise': 0.0077, 'sadness': 0.0109, 'disgust': 0.0074, 'joy': 0.0106, 'a_score': 0.4446}",RandomForestClassifier()
RandomForestClassifier,0.8487,0.8674,0.8487,0.7864,0.8442,0.8599,0.8442,0.8434,0.8522,0.8694,0.8522,0.8523,0.9623,not-balanced,100,10,kbest,"['fear', 'anger', 'anticipation', 'trust', 'surprise', 'sadness', 'disgust', 'joy', 'a_score']","{'fear': 0.0103, 'anger': 0.0072, 'anticipation': 0.0121, 'trust': 0.0107, 'surprise': 0.0066, 'sadness': 0.0118, 'disgust': 0.0111, 'joy': 0.0079, 'a_score': 0.4465}",RandomForestClassifier()
RandomForestClassifier,0.8463,0.8643,0.8463,0.7808,0.8453,0.8619,0.8453,0.8443,0.8521,0.87,0.8521,0.852,0.9612,not-balanced,100,10,kbest,"['fear', 'anger', 'anticipation', 'trust', 'surprise', 'sadness', 'disgust', 'joy', 'a_score']","{'fear': 0.0109, 'anger': 0.009, 'anticipation': 0.0114, 'trust': 0.0104, 'surprise': 0.0071, 'sadness': 0.0116, 'disgust': 0.0074, 'joy': 0.0086, 'a_score': 0.4421}",RandomForestClassifier()
DecisionTreeClassifier,0.8412,0.8539,0.8412,0.764,0.8531,0.868,0.8531,0.8529,0.8519,0.867,0.8519,0.8521,0.9417,not-balanced,100,10,kbest,"['fear', 'anger', 'anticipation', 'trust', 'surprise', 'sadness', 'disgust', 'joy', 'a_score']","{'fear': 0.0166, 'anger': 0.0113, 'anticipation': 0.0123, 'trust': 0.0114, 'surprise': 0.008, 'sadness': 0.0139, 'disgust': 0.0148, 'joy': 0.0101, 'a_score': 0.4387}",DecisionTreeClassifier()
RandomForestClassifier,0.8459,0.8634,0.8459,0.7773,0.8469,0.8638,0.8469,0.8459,0.8519,0.87,0.8519,0.8517,0.9609,not-balanced,100,10,kbest,"['fear', 'anger', 'anticipation', 'trust', 'surprise', 'sadness', 'disgust', 'joy', 'a_score']","{'fear': 0.0119, 'anger': 0.0081, 'anticipation': 0.0091, 'trust': 0.0104, 'surprise': 0.0066, 'sadness': 0.0097, 'disgust': 0.007, 'joy': 0.0087, 'a_score': 0.4447}",RandomForestClassifier()
DecisionTreeClassifier,0.8451,0.862,0.8451,0.7794,0.8492,0.8655,0.8492,0.8491,0.8517,0.8683,0.8517,0.852,0.9444,not-balanced,100,10,kbest,"['fear', 'anger', 'anticipation', 'trust', 'surprise', 'sadness', 'disgust', 'joy', 'a_score']","{'fear': 0.0142, 'anger': 0.0108, 'anticipation': 0.0112, 'trust': 0.0116, 'surprise': 0.0085, 'sadness': 0.014, 'disgust': 0.0134, 'joy': 0.0096, 'a_score': 0.4435}",DecisionTreeClassifier()
RandomForestClassifier,0.8484,0.8655,0.8484,0.7827,0.846,0.8618,0.846,0.8449,0.8516,0.8693,0.8516,0.8515,0.9623,not-balanced,100,10,kbest,"['fear', 'anger', 'anticipation', 'trust', 'surprise', 'sadness', 'disgust', 'joy', 'a_score']","{'fear': 0.0108, 'anger': 0.0076, 'anticipation': 0.0109, 'trust': 0.0108, 'surprise': 0.0075, 'sadness': 0.0123, 'disgust': 0.0068, 'joy': 0.0069, 'a_score': 0.4425}",RandomForestClassifier()
DecisionTreeClassifier,0.8443,0.8606,0.8443,0.7806,0.8507,0.8669,0.8507,0.8506,0.8513,0.8683,0.8513,0.8516,0.9447,not-balanced,100,10,kbest,"['fear', 'anger', 'anticipation', 'trust', 'surprise', 'sadness', 'disgust', 'joy', 'a_score']","{'fear': 0.0137, 'anger': 0.01, 'anticipation': 0.0157, 'trust': 0.0126, 'surprise': 0.0092, 'sadness': 0.0159, 'disgust': 0.01, 'joy': 0.0087, 'a_score': 0.4404}",DecisionTreeClassifier()
RandomForestClassifier,0.8459,0.8627,0.8459,0.7777,0.8454,0.8607,0.8454,0.8447,0.8513,0.8687,0.8513,0.8513,0.9617,not-balanced,100,10,kbest,"['fear', 'anger', 'anticipation', 'trust', 'surprise', 'sadness', 'disgust', 'joy', 'a_score']","{'fear': 0.0107, 'anger': 0.0067, 'anticipation': 0.0112, 'trust': 0.009, 'surprise': 0.0067, 'sadness': 0.0102, 'disgust': 0.0104, 'joy': 0.0093, 'a_score': 0.4428}",RandomForestClassifier()
DecisionTreeClassifier,0.8428,0.8584,0.8428,0.7775,0.8513,0.8667,0.8513,0.851,0.8513,0.8675,0.8513,0.8514,0.9464,not-balanced,100,10,kbest,"['fear', 'anger', 'anticipation', 'trust', 'surprise', 'sadness', 'disgust', 'joy', 'a_score']","{'fear': 0.0146, 'anger': 0.0096, 'anticipation': 0.0142, 'trust': 0.0115, 'surprise': 0.0085, 'sadness': 0.0149, 'disgust': 0.0122, 'joy': 0.0098, 'a_score': 0.4432}",DecisionTreeClassifier()
RandomForestClassifier,0.8475,0.8661,0.8475,0.782,0.8429,0.8584,0.8429,0.8423,0.8513,0.8691,0.8513,0.8515,0.9617,not-balanced,100,10,kbest,"['fear', 'anger', 'anticipation', 'trust', 'surprise', 'sadness', 'disgust', 'joy', 'a_score']","{'fear': 0.0117, 'anger': 0.0075, 'anticipation': 0.0106, 'trust': 0.0104, 'surprise': 0.0084, 'sadness': 0.0122, 'disgust': 0.0081, 'joy': 0.0125, 'a_score': 0.441}",RandomForestClassifier()
DecisionTreeClassifier,0.8437,0.8586,0.8437,0.7751,0.8521,0.866,0.8521,0.8519,0.8508,0.8655,0.8508,0.851,0.9434,not-balanced,100,10,kbest,"['fear', 'anger', 'anticipation', 'trust', 'surprise', 'sadness', 'disgust', 'joy', 'a_score']","{'fear': 0.014, 'anger': 0.0104, 'anticipation': 0.0126, 'trust': 0.0108, 'surprise': 0.0079, 'sadness': 0.0168, 'disgust': 0.0093, 'joy': 0.0084, 'a_score': 0.4354}",DecisionTreeClassifier()
DecisionTreeClassifier,0.8424,0.8571,0.8424,0.7784,0.8503,0.8653,0.8503,0.8507,0.8508,0.8668,0.8508,0.8514,0.9449,not-balanced,100,10,kbest,"['fear', 'anger', 'anticipation', 'trust', 'surprise', 'sadness', 'disgust', 'joy', 'a_score']","{'fear': 0.0145, 'anger': 0.0106, 'anticipation': 0.0124, 'trust': 0.0134, 'surprise': 0.0096, 'sadness': 0.0152, 'disgust': 0.0147, 'joy': 0.0115, 'a_score': 0.4394}",DecisionTreeClassifier()
RandomForestClassifier,0.8497,0.8659,0.8497,0.7828,0.8454,0.8608,0.8454,0.8442,0.8506,0.8673,0.8506,0.8504,0.9628,not-balanced,100,10,kbest,"['fear', 'anger', 'anticipation', 'trust', 'surprise', 'sadness', 'disgust', 'joy', 'a_score']","{'fear': 0.0103, 'anger': 0.0089, 'anticipation': 0.0117, 'trust': 0.0099, 'surprise': 0.0088, 'sadness': 0.0115, 'disgust': 0.0073, 'joy': 0.008, 'a_score': 0.4445}",RandomForestClassifier()
DecisionTreeClassifier,0.8451,0.8609,0.8451,0.7814,0.8522,0.866,0.8522,0.8521,0.8505,0.8651,0.8505,0.8507,0.9452,not-balanced,100,10,kbest,"['fear', 'anger', 'anticipation', 'trust', 'surprise', 'sadness', 'disgust', 'joy', 'a_score']","{'fear': 0.0169, 'anger': 0.0103, 'anticipation': 0.0132, 'trust': 0.0107, 'surprise': 0.0067, 'sadness': 0.0158, 'disgust': 0.0158, 'joy': 0.0087, 'a_score': 0.4401}",DecisionTreeClassifier()
DecisionTreeClassifier,0.8409,0.8546,0.8409,0.7675,0.8498,0.8643,0.8498,0.85,0.8503,0.8651,0.8503,0.8508,0.9433,not-balanced,100,10,kbest,"['fear', 'anger', 'anticipation', 'trust', 'surprise', 'sadness', 'disgust', 'joy', 'a_score']","{'fear': 0.0133, 'anger': 0.0089, 'anticipation': 0.0141, 'trust': 0.0163, 'surprise': 0.008, 'sadness': 0.017, 'disgust': 0.009, 'joy': 0.0128, 'a_score': 0.4374}",DecisionTreeClassifier()
DecisionTreeClassifier,0.8373,0.8502,0.8373,0.7558,0.8509,0.8656,0.8509,0.8509,0.8501,0.8649,0.8501,0.8504,0.9409,not-balanced,100,10,kbest,"['fear', 'anger', 'anticipation', 'trust', 'surprise', 'sadness', 'disgust', 'joy', 'a_score']","{'fear': 0.0144, 'anger': 0.0108, 'anticipation': 0.0142, 'trust': 0.0108, 'surprise': 0.0076, 'sadness': 0.0154, 'disgust': 0.0089, 'joy': 0.0095, 'a_score': 0.4366}",DecisionTreeClassifier()
DecisionTreeClassifier,0.8424,0.8561,0.8424,0.7646,0.8486,0.8645,0.8486,0.8486,0.8499,0.866,0.8499,0.8502,0.9459,not-balanced,100,10,kbest,"['fear', 'anger', 'anticipation', 'trust', 'surprise', 'sadness', 'disgust', 'joy', 'a_score']","{'fear': 0.0172, 'anger': 0.0097, 'anticipation': 0.014, 'trust': 0.0129, 'surprise': 0.0073, 'sadness': 0.0155, 'disgust': 0.0103, 'joy': 0.007, 'a_score': 0.4434}",DecisionTreeClassifier()
RandomForestClassifier,0.8481,0.8655,0.8481,0.7834,0.8442,0.8595,0.8442,0.8436,0.8495,0.8671,0.8495,0.8498,0.9618,not-balanced,100,10,kbest,"['fear', 'anger', 'anticipation', 'trust', 'surprise', 'sadness', 'disgust', 'joy', 'a_score']","{'fear': 0.0084, 'anger': 0.0083, 'anticipation': 0.01, 'trust': 0.0101, 'surprise': 0.0061, 'sadness': 0.0112, 'disgust': 0.0106, 'joy': 0.0074, 'a_score': 0.4422}",RandomForestClassifier()
