Algorithm,Train Accuracy,Train Precision,Train Recall,Train F1 Score,Test Accuracy,Test Precision,Test Recall,Test F1 Score,Val. Accuracy,Val. Precision,Val. Recall,Val. F1 Score,AUC,Bal. Strategy,% of Features,Folds,Feat. Selec. Strategy,Features,Features Importance,Model
RandomForestClassifier,0.9993,0.9993,0.9993,0.9991,1.0,1.0,1.0,1.0,0.9313,0.8715,0.9313,0.8993,1.0,not-balanced,50,10,kbest,"['sadness', 'e_score', 'a_score']","{'sadness': 0.0, 'e_score': 0.3466, 'a_score': 0.3205}",RandomForestClassifier()
RandomForestClassifier,1.0,1.0,1.0,1.0,1.0,1.0,1.0,1.0,0.9313,0.8715,0.9313,0.8993,1.0,not-balanced,60,10,kbest,"['fear', 'joy', 'e_score', 'a_score']","{'fear': 0.0, 'joy': 0.0, 'e_score': 0.3369, 'a_score': 0.3293}",RandomForestClassifier()
RandomForestClassifier,1.0,1.0,1.0,1.0,1.0,1.0,1.0,1.0,0.9313,0.8715,0.9313,0.8993,1.0,not-balanced,60,10,kbest,"['fear', 'sadness', 'e_score', 'a_score']","{'fear': 0.0, 'sadness': 0.0, 'e_score': 0.3409, 'a_score': 0.3352}",RandomForestClassifier()
RandomForestClassifier,1.0,1.0,1.0,1.0,1.0,1.0,1.0,1.0,0.9313,0.8715,0.9313,0.8993,1.0,not-balanced,60,10,kbest,"['fear', 'anticipation', 'e_score', 'a_score']","{'fear': 0.0, 'anticipation': 0.0, 'e_score': 0.3709, 'a_score': 0.311}",RandomForestClassifier()
RandomForestClassifier,1.0,1.0,1.0,1.0,1.0,1.0,1.0,1.0,0.9313,0.8715,0.9313,0.8993,1.0,not-balanced,70,10,kbest,"['fear', 'anticipation', 'sadness', 'joy', 'e_score', 'a_score']","{'fear': 0.0, 'anticipation': 0.0, 'sadness': 0.0, 'joy': 0.0, 'e_score': 0.3339, 'a_score': 0.3297}",RandomForestClassifier()
RandomForestClassifier,1.0,1.0,1.0,1.0,1.0,1.0,1.0,1.0,0.9313,0.8715,0.9313,0.8993,1.0,not-balanced,80,10,kbest,"['fear', 'anticipation', 'sadness', 'disgust', 'joy', 'e_score', 'a_score']","{'fear': 0.0, 'anticipation': 0.0, 'sadness': 0.0, 'disgust': 0.0, 'joy': 0.0, 'e_score': 0.3246, 'a_score': 0.3376}",RandomForestClassifier()
RandomForestClassifier,1.0,1.0,1.0,1.0,1.0,1.0,1.0,1.0,0.9313,0.8715,0.9313,0.8993,1.0,not-balanced,100,10,kbest,"['fear', 'anger', 'anticipation', 'trust', 'surprise', 'sadness', 'disgust', 'joy', 'e_score', 'a_score']","{'fear': 0.0, 'anger': 0.0, 'anticipation': 0.0, 'trust': 0.0, 'surprise': 0.0, 'sadness': 0.0, 'disgust': 0.0, 'joy': 0.0, 'e_score': 0.3467, 'a_score': 0.3322}",RandomForestClassifier()
RandomForestClassifier,1.0,1.0,1.0,1.0,1.0,1.0,1.0,1.0,0.9313,0.8715,0.9313,0.8993,1.0,not-balanced,60,10,kbest,"['fear', 'joy', 'e_score', 'a_score']","{'fear': 0.0, 'joy': 0.0, 'e_score': 0.3723, 'a_score': 0.3312}",RandomForestClassifier()
RandomForestClassifier,1.0,1.0,1.0,1.0,1.0,1.0,1.0,1.0,0.9313,0.8715,0.9313,0.8993,1.0,not-balanced,70,10,kbest,"['fear', 'anticipation', 'sadness', 'joy', 'e_score', 'a_score']","{'fear': 0.0, 'anticipation': 0.0, 'sadness': 0.0, 'joy': 0.0, 'e_score': 0.3316, 'a_score': 0.3481}",RandomForestClassifier()
RandomForestClassifier,1.0,1.0,1.0,1.0,1.0,1.0,1.0,1.0,0.9313,0.8715,0.9313,0.8993,1.0,not-balanced,80,10,kbest,"['fear', 'anticipation', 'trust', 'sadness', 'joy', 'e_score', 'a_score']","{'fear': 0.0, 'anticipation': 0.0, 'trust': 0.0, 'sadness': 0.0, 'joy': 0.0, 'e_score': 0.3195, 'a_score': 0.3525}",RandomForestClassifier()
RandomForestClassifier,1.0,1.0,1.0,1.0,1.0,1.0,1.0,1.0,0.9313,0.8715,0.9313,0.8993,1.0,not-balanced,70,10,kbest,"['fear', 'anticipation', 'disgust', 'joy', 'e_score', 'a_score']","{'fear': 0.0, 'anticipation': 0.0, 'disgust': 0.0, 'joy': 0.0, 'e_score': 0.3476, 'a_score': 0.3266}",RandomForestClassifier()
RandomForestClassifier,1.0,1.0,1.0,1.0,1.0,1.0,1.0,1.0,0.9313,0.8715,0.9313,0.8993,1.0,not-balanced,70,10,kbest,"['fear', 'sadness', 'disgust', 'joy', 'e_score', 'a_score']","{'fear': 0.0, 'sadness': 0.0, 'disgust': 0.0, 'joy': 0.0, 'e_score': 0.3381, 'a_score': 0.3416}",RandomForestClassifier()
RandomForestClassifier,1.0,1.0,1.0,1.0,1.0,1.0,1.0,1.0,0.9313,0.8715,0.9313,0.8993,1.0,not-balanced,100,10,kbest,"['fear', 'anger', 'anticipation', 'trust', 'surprise', 'sadness', 'disgust', 'joy', 'e_score', 'a_score']","{'fear': 0.0, 'anger': 0.0, 'anticipation': 0.0, 'trust': 0.0, 'surprise': 0.0, 'sadness': 0.0, 'disgust': 0.0, 'joy': 0.0, 'e_score': 0.335, 'a_score': 0.3458}",RandomForestClassifier()
RandomForestClassifier,1.0,1.0,1.0,1.0,1.0,1.0,1.0,1.0,0.9313,0.8715,0.9313,0.8993,1.0,not-balanced,60,10,kbest,"['anticipation', 'joy', 'e_score', 'a_score']","{'anticipation': 0.0, 'joy': 0.0, 'e_score': 0.3528, 'a_score': 0.3326}",RandomForestClassifier()
RandomForestClassifier,1.0,1.0,1.0,1.0,1.0,1.0,1.0,1.0,0.9313,0.8715,0.9313,0.8993,1.0,not-balanced,70,10,kbest,"['fear', 'anticipation', 'sadness', 'joy', 'e_score', 'a_score']","{'fear': 0.0, 'anticipation': 0.0, 'sadness': 0.0, 'joy': 0.0, 'e_score': 0.3411, 'a_score': 0.3302}",RandomForestClassifier()
RandomForestClassifier,1.0,1.0,1.0,1.0,1.0,1.0,1.0,1.0,0.9313,0.8715,0.9313,0.8993,1.0,not-balanced,80,10,kbest,"['fear', 'anger', 'anticipation', 'sadness', 'joy', 'e_score', 'a_score']","{'fear': 0.0, 'anger': 0.0, 'anticipation': 0.0, 'sadness': 0.0, 'joy': 0.0, 'e_score': 0.3472, 'a_score': 0.3277}",RandomForestClassifier()
RandomForestClassifier,1.0,1.0,1.0,1.0,1.0,1.0,1.0,1.0,0.9313,0.8715,0.9313,0.8993,1.0,not-balanced,100,10,kbest,"['fear', 'anger', 'anticipation', 'trust', 'surprise', 'sadness', 'disgust', 'joy', 'e_score', 'a_score']","{'fear': 0.0, 'anger': 0.0, 'anticipation': 0.0, 'trust': 0.0, 'surprise': 0.0, 'sadness': 0.0, 'disgust': 0.0, 'joy': 0.0, 'e_score': 0.3361, 'a_score': 0.3303}",RandomForestClassifier()
RandomForestClassifier,1.0,1.0,1.0,1.0,1.0,1.0,1.0,1.0,0.9313,0.8715,0.9313,0.8993,1.0,not-balanced,60,10,kbest,"['fear', 'sadness', 'e_score', 'a_score']","{'fear': 0.0, 'sadness': 0.0, 'e_score': 0.3375, 'a_score': 0.3416}",RandomForestClassifier()
RandomForestClassifier,1.0,1.0,1.0,1.0,1.0,1.0,1.0,1.0,0.9313,0.8715,0.9313,0.8993,1.0,not-balanced,70,10,kbest,"['fear', 'anger', 'sadness', 'joy', 'e_score', 'a_score']","{'fear': 0.0, 'anger': 0.0, 'sadness': 0.0, 'joy': 0.0, 'e_score': 0.3372, 'a_score': 0.3386}",RandomForestClassifier()
RandomForestClassifier,1.0,1.0,1.0,1.0,1.0,1.0,1.0,1.0,0.9313,0.8715,0.9313,0.8993,1.0,not-balanced,80,10,kbest,"['fear', 'anger', 'surprise', 'sadness', 'joy', 'e_score', 'a_score']","{'fear': 0.0001, 'anger': 0.0, 'surprise': 0.0, 'sadness': 0.0, 'joy': 0.0, 'e_score': 0.3338, 'a_score': 0.3232}",RandomForestClassifier()
RandomForestClassifier,1.0,1.0,1.0,1.0,1.0,1.0,1.0,1.0,0.9313,0.8715,0.9313,0.8993,1.0,not-balanced,100,10,kbest,"['fear', 'anger', 'anticipation', 'trust', 'surprise', 'sadness', 'disgust', 'joy', 'e_score', 'a_score']","{'fear': 0.0, 'anger': 0.0, 'anticipation': 0.0, 'trust': 0.0, 'surprise': 0.0, 'sadness': 0.0, 'disgust': 0.0, 'joy': 0.0, 'e_score': 0.3251, 'a_score': 0.3344}",RandomForestClassifier()
RandomForestClassifier,1.0,1.0,1.0,1.0,1.0,1.0,1.0,1.0,0.9313,0.8715,0.9313,0.8993,1.0,not-balanced,100,10,kbest,"['fear', 'anger', 'anticipation', 'trust', 'surprise', 'sadness', 'disgust', 'joy', 'e_score', 'a_score']","{'fear': 0.0, 'anger': 0.0, 'anticipation': 0.0, 'trust': 0.0, 'surprise': 0.0, 'sadness': 0.0, 'disgust': 0.0, 'joy': 0.0, 'e_score': 0.3175, 'a_score': 0.3452}",RandomForestClassifier()
RandomForestClassifier,1.0,1.0,1.0,1.0,1.0,1.0,1.0,1.0,0.9313,0.8715,0.9313,0.8993,1.0,not-balanced,60,10,kbest,"['fear', 'sadness', 'e_score', 'a_score']","{'fear': 0.0, 'sadness': 0.0, 'e_score': 0.3506, 'a_score': 0.3344}",RandomForestClassifier()
RandomForestClassifier,1.0,1.0,1.0,1.0,1.0,1.0,1.0,1.0,0.9313,0.8715,0.9313,0.8993,1.0,not-balanced,70,10,kbest,"['fear', 'anticipation', 'sadness', 'joy', 'e_score', 'a_score']","{'fear': 0.0, 'anticipation': 0.0, 'sadness': 0.0, 'joy': 0.0, 'e_score': 0.337, 'a_score': 0.3311}",RandomForestClassifier()
RandomForestClassifier,1.0,1.0,1.0,1.0,1.0,1.0,1.0,1.0,0.9313,0.8715,0.9313,0.8993,1.0,not-balanced,70,10,kbest,"['fear', 'anger', 'sadness', 'joy', 'e_score', 'a_score']","{'fear': 0.0, 'anger': 0.0, 'sadness': 0.0, 'joy': 0.0, 'e_score': 0.3464, 'a_score': 0.3371}",RandomForestClassifier()
RandomForestClassifier,1.0,1.0,1.0,1.0,1.0,1.0,1.0,1.0,0.9313,0.8715,0.9313,0.8993,1.0,not-balanced,80,10,kbest,"['fear', 'anger', 'anticipation', 'sadness', 'joy', 'e_score', 'a_score']","{'fear': 0.0, 'anger': 0.0, 'anticipation': 0.0, 'sadness': 0.0, 'joy': 0.0, 'e_score': 0.3479, 'a_score': 0.327}",RandomForestClassifier()
RandomForestClassifier,1.0,1.0,1.0,1.0,1.0,1.0,1.0,1.0,0.9313,0.8715,0.9313,0.8993,1.0,not-balanced,100,10,kbest,"['fear', 'anger', 'anticipation', 'trust', 'surprise', 'sadness', 'disgust', 'joy', 'e_score', 'a_score']","{'fear': 0.0, 'anger': 0.0, 'anticipation': 0.0, 'trust': 0.0, 'surprise': 0.0, 'sadness': 0.0, 'disgust': 0.0, 'joy': 0.0, 'e_score': 0.3094, 'a_score': 0.3535}",RandomForestClassifier()
RandomForestClassifier,1.0,1.0,1.0,1.0,1.0,1.0,1.0,1.0,0.9313,0.8715,0.9313,0.8993,1.0,not-balanced,60,10,kbest,"['fear', 'sadness', 'e_score', 'a_score']","{'fear': 0.0, 'sadness': 0.0, 'e_score': 0.3317, 'a_score': 0.3509}",RandomForestClassifier()
RandomForestClassifier,1.0,1.0,1.0,1.0,1.0,1.0,1.0,1.0,0.9313,0.8715,0.9313,0.8993,1.0,not-balanced,70,10,kbest,"['fear', 'anticipation', 'sadness', 'joy', 'e_score', 'a_score']","{'fear': 0.0, 'anticipation': 0.0, 'sadness': 0.0, 'joy': 0.0, 'e_score': 0.3276, 'a_score': 0.3525}",RandomForestClassifier()
RandomForestClassifier,1.0,1.0,1.0,1.0,1.0,1.0,1.0,1.0,0.9313,0.8715,0.9313,0.8993,1.0,not-balanced,80,10,kbest,"['fear', 'anger', 'anticipation', 'sadness', 'joy', 'e_score', 'a_score']","{'fear': 0.0, 'anger': 0.0, 'anticipation': 0.0, 'sadness': 0.0, 'joy': 0.0, 'e_score': 0.3387, 'a_score': 0.3235}",RandomForestClassifier()
RandomForestClassifier,1.0,1.0,1.0,1.0,1.0,1.0,1.0,1.0,0.9313,0.8715,0.9313,0.8993,1.0,not-balanced,100,10,kbest,"['fear', 'anger', 'anticipation', 'trust', 'surprise', 'sadness', 'disgust', 'joy', 'e_score', 'a_score']","{'fear': 0.0, 'anger': 0.0, 'anticipation': 0.0, 'trust': 0.0, 'surprise': 0.0, 'sadness': 0.0, 'disgust': 0.0, 'joy': 0.0, 'e_score': 0.3308, 'a_score': 0.3445}",RandomForestClassifier()
RandomForestClassifier,0.9997,0.9997,0.9997,0.9995,0.997,0.997,0.997,0.997,0.9313,0.8715,0.9313,0.8993,1.0,not-balanced,50,10,kbest,"['sadness', 'e_score', 'a_score']","{'sadness': 0.0007, 'e_score': 0.3492, 'a_score': 0.3359}",RandomForestClassifier()
RandomForestClassifier,1.0,1.0,1.0,1.0,1.0,1.0,1.0,1.0,0.9313,0.8715,0.9313,0.8993,1.0,not-balanced,60,10,kbest,"['fear', 'sadness', 'e_score', 'a_score']","{'fear': 0.0, 'sadness': 0.0, 'e_score': 0.3322, 'a_score': 0.3517}",RandomForestClassifier()
RandomForestClassifier,1.0,1.0,1.0,1.0,1.0,1.0,1.0,1.0,0.9313,0.8715,0.9313,0.8993,1.0,not-balanced,80,10,kbest,"['fear', 'anticipation', 'surprise', 'sadness', 'joy', 'e_score', 'a_score']","{'fear': 0.0, 'anticipation': 0.0, 'surprise': 0.0, 'sadness': 0.0, 'joy': 0.0, 'e_score': 0.3394, 'a_score': 0.3361}",RandomForestClassifier()
RandomForestClassifier,1.0,1.0,1.0,1.0,1.0,1.0,1.0,1.0,0.9313,0.8715,0.9313,0.8993,1.0,not-balanced,100,10,kbest,"['fear', 'anger', 'anticipation', 'trust', 'surprise', 'sadness', 'disgust', 'joy', 'e_score', 'a_score']","{'fear': 0.0, 'anger': 0.0, 'anticipation': 0.0, 'trust': 0.0, 'surprise': 0.0, 'sadness': 0.0, 'disgust': 0.0, 'joy': 0.0, 'e_score': 0.3444, 'a_score': 0.3298}",RandomForestClassifier()
RandomForestClassifier,1.0,1.0,1.0,1.0,1.0,1.0,1.0,1.0,0.9313,0.8715,0.9313,0.8993,1.0,not-balanced,60,10,kbest,"['fear', 'sadness', 'e_score', 'a_score']","{'fear': 0.0, 'sadness': 0.0, 'e_score': 0.3466, 'a_score': 0.3381}",RandomForestClassifier()
RandomForestClassifier,1.0,1.0,1.0,1.0,1.0,1.0,1.0,1.0,0.9313,0.8715,0.9313,0.8993,1.0,not-balanced,100,10,kbest,"['fear', 'anger', 'anticipation', 'trust', 'surprise', 'sadness', 'disgust', 'joy', 'e_score', 'a_score']","{'fear': 0.0, 'anger': 0.0, 'anticipation': 0.0, 'trust': 0.0, 'surprise': 0.0, 'sadness': 0.0, 'disgust': 0.0, 'joy': 0.0, 'e_score': 0.334, 'a_score': 0.3532}",RandomForestClassifier()
RandomForestClassifier,0.9997,0.9997,0.9997,0.9995,1.0,1.0,1.0,1.0,0.9308,0.8711,0.9308,0.8989,1.0,not-balanced,50,10,kbest,"['joy', 'e_score', 'a_score']","{'joy': 0.0006, 'e_score': 0.3348, 'a_score': 0.3373}",RandomForestClassifier()
RandomForestClassifier,0.9997,0.9997,0.9997,0.9996,1.0,1.0,1.0,1.0,0.9308,0.8711,0.9308,0.8989,1.0,not-balanced,80,10,kbest,"['fear', 'anticipation', 'trust', 'disgust', 'joy', 'e_score', 'a_score']","{'fear': 0.0, 'anticipation': 0.0, 'trust': 0.0, 'disgust': 0.0, 'joy': 0.0, 'e_score': 0.3481, 'a_score': 0.333}",RandomForestClassifier()
RandomForestClassifier,0.9997,0.9997,0.9997,0.9995,1.0,1.0,1.0,1.0,0.9308,0.8711,0.9308,0.8989,1.0,not-balanced,50,10,kbest,"['joy', 'e_score', 'a_score']","{'joy': 0.0002, 'e_score': 0.3383, 'a_score': 0.3528}",RandomForestClassifier()
RandomForestClassifier,0.9997,0.9997,0.9997,0.9996,1.0,1.0,1.0,1.0,0.9308,0.8711,0.9308,0.8989,1.0,not-balanced,100,10,kbest,"['fear', 'anger', 'anticipation', 'trust', 'surprise', 'sadness', 'disgust', 'joy', 'e_score', 'a_score']","{'fear': 0.0, 'anger': 0.0, 'anticipation': 0.0, 'trust': 0.0, 'surprise': 0.0, 'sadness': 0.0, 'disgust': 0.0, 'joy': 0.0, 'e_score': 0.3317, 'a_score': 0.3482}",RandomForestClassifier()
RandomForestClassifier,1.0,1.0,1.0,1.0,1.0,1.0,1.0,1.0,0.9304,0.8708,0.9304,0.8985,1.0,not-balanced,80,10,kbest,"['fear', 'anger', 'anticipation', 'sadness', 'joy', 'e_score', 'a_score']","{'fear': 0.0, 'anger': 0.0, 'anticipation': 0.0, 'sadness': 0.0, 'joy': 0.0, 'e_score': 0.359, 'a_score': 0.3241}",RandomForestClassifier()
RandomForestClassifier,1.0,1.0,1.0,1.0,1.0,1.0,1.0,1.0,0.9304,0.8708,0.9304,0.8985,1.0,not-balanced,70,10,kbest,"['fear', 'surprise', 'sadness', 'joy', 'e_score', 'a_score']","{'fear': 0.0, 'surprise': 0.0, 'sadness': 0.0, 'joy': 0.0, 'e_score': 0.331, 'a_score': 0.3255}",RandomForestClassifier()
RandomForestClassifier,1.0,1.0,1.0,1.0,1.0,1.0,1.0,1.0,0.93,0.8705,0.93,0.8981,1.0,not-balanced,80,10,kbest,"['fear', 'anger', 'sadness', 'disgust', 'joy', 'e_score', 'a_score']","{'fear': 0.0, 'anger': 0.0, 'sadness': 0.0, 'disgust': 0.0, 'joy': 0.0, 'e_score': 0.3364, 'a_score': 0.333}",RandomForestClassifier()
RandomForestClassifier,1.0,1.0,1.0,1.0,1.0,1.0,1.0,1.0,0.9296,0.8702,0.9296,0.8977,1.0,not-balanced,50,10,kbest,"['fear', 'e_score', 'a_score']","{'fear': 0.0004, 'e_score': 0.332, 'a_score': 0.3293}",RandomForestClassifier()
RandomForestClassifier,1.0,1.0,1.0,1.0,1.0,1.0,1.0,1.0,0.9296,0.8702,0.9296,0.8977,1.0,not-balanced,50,10,kbest,"['fear', 'e_score', 'a_score']","{'fear': 0.0008, 'e_score': 0.3339, 'a_score': 0.3324}",RandomForestClassifier()
RandomForestClassifier,1.0,1.0,1.0,1.0,1.0,1.0,1.0,1.0,0.9296,0.8702,0.9296,0.8977,1.0,not-balanced,50,10,kbest,"['fear', 'e_score', 'a_score']","{'fear': 0.0003, 'e_score': 0.3185, 'a_score': 0.3443}",RandomForestClassifier()
RandomForestClassifier,1.0,1.0,1.0,1.0,1.0,1.0,1.0,1.0,0.9296,0.8702,0.9296,0.8977,1.0,not-balanced,50,10,kbest,"['fear', 'e_score', 'a_score']","{'fear': 0.0007, 'e_score': 0.3415, 'a_score': 0.3436}",RandomForestClassifier()
RandomForestClassifier,0.9997,0.9997,0.9997,0.9995,1.0,1.0,1.0,1.0,0.9296,0.8702,0.9296,0.8977,1.0,not-balanced,50,10,kbest,"['fear', 'e_score', 'a_score']","{'fear': 0.0005, 'e_score': 0.3321, 'a_score': 0.3523}",RandomForestClassifier()
RandomForestClassifier,1.0,1.0,1.0,1.0,1.0,1.0,1.0,1.0,0.9296,0.8702,0.9296,0.8977,1.0,not-balanced,50,10,kbest,"['fear', 'e_score', 'a_score']","{'fear': 0.0005, 'e_score': 0.3528, 'a_score': 0.3267}",RandomForestClassifier()
