Algorithm,Train Accuracy,Train Precision,Train Recall,Train F1 Score,Test Accuracy,Test Precision,Test Recall,Test F1 Score,Val. Accuracy,Val. Precision,Val. Recall,Val. F1 Score,AUC,Bal. Strategy,% of Features,Folds,Feat. Selec. Strategy,Features,Features Importance,Model
DecisionTreeClassifier,0.9158,0.9216,0.9158,0.9049,0.9112,0.9175,0.9112,0.9087,0.9169,0.9234,0.9169,0.9146,0.97,not-balanced,100,10,kbest,"['fear', 'anger', 'anticipation', 'trust', 'surprise', 'sadness', 'disgust', 'joy', 'a_score']","{'fear': 0.0059, 'anger': 0.0039, 'anticipation': 0.0052, 'trust': 0.0065, 'surprise': 0.0041, 'sadness': 0.0064, 'disgust': 0.0044, 'joy': 0.0059, 'a_score': 0.3673}",DecisionTreeClassifier()
DecisionTreeClassifier,0.9143,0.9204,0.9143,0.9031,0.9131,0.9199,0.9131,0.9105,0.9168,0.9236,0.9168,0.9144,0.969,not-balanced,100,10,kbest,"['fear', 'anger', 'anticipation', 'trust', 'surprise', 'sadness', 'disgust', 'joy', 'a_score']","{'fear': 0.0058, 'anger': 0.0032, 'anticipation': 0.0054, 'trust': 0.0057, 'surprise': 0.0044, 'sadness': 0.0056, 'disgust': 0.0039, 'joy': 0.0046, 'a_score': 0.3621}",DecisionTreeClassifier()
DecisionTreeClassifier,0.9157,0.9215,0.9157,0.9048,0.9118,0.9178,0.9118,0.9093,0.9167,0.923,0.9167,0.9144,0.9702,not-balanced,100,10,kbest,"['fear', 'anger', 'anticipation', 'trust', 'surprise', 'sadness', 'disgust', 'joy', 'a_score']","{'fear': 0.0063, 'anger': 0.0042, 'anticipation': 0.0047, 'trust': 0.0068, 'surprise': 0.0048, 'sadness': 0.0057, 'disgust': 0.0065, 'joy': 0.0049, 'a_score': 0.3704}",DecisionTreeClassifier()
DecisionTreeClassifier,0.9163,0.922,0.9163,0.9056,0.9117,0.9181,0.9117,0.9092,0.9166,0.9231,0.9166,0.9142,0.9698,not-balanced,100,10,kbest,"['fear', 'anger', 'anticipation', 'trust', 'surprise', 'sadness', 'disgust', 'joy', 'a_score']","{'fear': 0.0061, 'anger': 0.0039, 'anticipation': 0.0053, 'trust': 0.0071, 'surprise': 0.0047, 'sadness': 0.0063, 'disgust': 0.0041, 'joy': 0.0048, 'a_score': 0.3702}",DecisionTreeClassifier()
DecisionTreeClassifier,0.9147,0.9204,0.9147,0.9037,0.9122,0.9181,0.9122,0.9098,0.9164,0.9226,0.9164,0.9141,0.969,not-balanced,100,10,kbest,"['fear', 'anger', 'anticipation', 'trust', 'surprise', 'sadness', 'disgust', 'joy', 'a_score']","{'fear': 0.0052, 'anger': 0.0039, 'anticipation': 0.0052, 'trust': 0.0058, 'surprise': 0.0053, 'sadness': 0.0061, 'disgust': 0.0076, 'joy': 0.0052, 'a_score': 0.3653}",DecisionTreeClassifier()
DecisionTreeClassifier,0.9155,0.9214,0.9155,0.9046,0.9121,0.9186,0.9121,0.9096,0.9164,0.923,0.9164,0.9141,0.9692,not-balanced,100,10,kbest,"['fear', 'anger', 'anticipation', 'trust', 'surprise', 'sadness', 'disgust', 'joy', 'a_score']","{'fear': 0.0046, 'anger': 0.0046, 'anticipation': 0.0051, 'trust': 0.006, 'surprise': 0.0048, 'sadness': 0.0067, 'disgust': 0.0048, 'joy': 0.0045, 'a_score': 0.3673}",DecisionTreeClassifier()
DecisionTreeClassifier,0.9166,0.9224,0.9166,0.9059,0.9124,0.9187,0.9124,0.9099,0.9162,0.9227,0.9162,0.9139,0.9701,not-balanced,100,10,kbest,"['fear', 'anger', 'anticipation', 'trust', 'surprise', 'sadness', 'disgust', 'joy', 'a_score']","{'fear': 0.0057, 'anger': 0.0032, 'anticipation': 0.005, 'trust': 0.0058, 'surprise': 0.0046, 'sadness': 0.0057, 'disgust': 0.0041, 'joy': 0.0048, 'a_score': 0.3672}",DecisionTreeClassifier()
DecisionTreeClassifier,0.916,0.9216,0.916,0.9052,0.9114,0.9179,0.9114,0.9089,0.9161,0.9227,0.9161,0.9138,0.9706,not-balanced,100,10,kbest,"['fear', 'anger', 'anticipation', 'trust', 'surprise', 'sadness', 'disgust', 'joy', 'a_score']","{'fear': 0.0057, 'anger': 0.0042, 'anticipation': 0.0041, 'trust': 0.0057, 'surprise': 0.0048, 'sadness': 0.0067, 'disgust': 0.0035, 'joy': 0.0046, 'a_score': 0.3699}",DecisionTreeClassifier()
RandomForestClassifier,0.916,0.9221,0.916,0.9047,0.9119,0.9182,0.9119,0.9095,0.916,0.9222,0.916,0.9137,0.9766,not-balanced,100,10,kbest,"['fear', 'anger', 'anticipation', 'trust', 'surprise', 'sadness', 'disgust', 'joy', 'a_score']","{'fear': 0.0045, 'anger': 0.0038, 'anticipation': 0.005, 'trust': 0.0052, 'surprise': 0.0047, 'sadness': 0.0061, 'disgust': 0.0039, 'joy': 0.0043, 'a_score': 0.3668}",RandomForestClassifier()
DecisionTreeClassifier,0.9151,0.9207,0.9151,0.9042,0.9114,0.9172,0.9114,0.909,0.916,0.9221,0.916,0.9137,0.9702,not-balanced,100,10,kbest,"['fear', 'anger', 'anticipation', 'trust', 'surprise', 'sadness', 'disgust', 'joy', 'a_score']","{'fear': 0.0059, 'anger': 0.0048, 'anticipation': 0.0055, 'trust': 0.0063, 'surprise': 0.0039, 'sadness': 0.0054, 'disgust': 0.0071, 'joy': 0.0043, 'a_score': 0.3691}",DecisionTreeClassifier()
DecisionTreeClassifier,0.9153,0.921,0.9153,0.9045,0.912,0.9178,0.912,0.9096,0.9159,0.9219,0.9159,0.9136,0.9698,not-balanced,100,10,kbest,"['fear', 'anger', 'anticipation', 'trust', 'surprise', 'sadness', 'disgust', 'joy', 'a_score']","{'fear': 0.0054, 'anger': 0.0043, 'anticipation': 0.0054, 'trust': 0.006, 'surprise': 0.0045, 'sadness': 0.0058, 'disgust': 0.0071, 'joy': 0.0043, 'a_score': 0.3672}",DecisionTreeClassifier()
RandomForestClassifier,0.9137,0.9196,0.9137,0.9021,0.912,0.9182,0.912,0.9097,0.9159,0.9223,0.9159,0.9136,0.976,not-balanced,100,10,kbest,"['fear', 'anger', 'anticipation', 'trust', 'surprise', 'sadness', 'disgust', 'joy', 'a_score']","{'fear': 0.0049, 'anger': 0.0031, 'anticipation': 0.0043, 'trust': 0.0054, 'surprise': 0.0041, 'sadness': 0.0059, 'disgust': 0.0035, 'joy': 0.0037, 'a_score': 0.3646}",RandomForestClassifier()
RandomForestClassifier,0.9147,0.9206,0.9147,0.9032,0.9113,0.9174,0.9113,0.909,0.9156,0.9218,0.9156,0.9133,0.9758,not-balanced,100,10,kbest,"['fear', 'anger', 'anticipation', 'trust', 'surprise', 'sadness', 'disgust', 'joy', 'a_score']","{'fear': 0.0041, 'anger': 0.0031, 'anticipation': 0.005, 'trust': 0.0055, 'surprise': 0.0046, 'sadness': 0.0055, 'disgust': 0.0042, 'joy': 0.0036, 'a_score': 0.3647}",RandomForestClassifier()
RandomForestClassifier,0.9141,0.9199,0.9141,0.9026,0.9105,0.9165,0.9105,0.9081,0.9155,0.9219,0.9155,0.9131,0.9753,not-balanced,100,10,kbest,"['fear', 'anger', 'anticipation', 'trust', 'surprise', 'sadness', 'disgust', 'joy', 'a_score']","{'fear': 0.0045, 'anger': 0.0034, 'anticipation': 0.0056, 'trust': 0.0053, 'surprise': 0.0045, 'sadness': 0.0055, 'disgust': 0.0038, 'joy': 0.0043, 'a_score': 0.3637}",RandomForestClassifier()
RandomForestClassifier,0.9148,0.9208,0.9148,0.9033,0.9111,0.917,0.9111,0.9087,0.9154,0.9217,0.9154,0.9131,0.976,not-balanced,100,10,kbest,"['fear', 'anger', 'anticipation', 'trust', 'surprise', 'sadness', 'disgust', 'joy', 'a_score']","{'fear': 0.0052, 'anger': 0.0037, 'anticipation': 0.005, 'trust': 0.0053, 'surprise': 0.0051, 'sadness': 0.0055, 'disgust': 0.0045, 'joy': 0.0036, 'a_score': 0.3634}",RandomForestClassifier()
RandomForestClassifier,0.9144,0.92,0.9144,0.9029,0.9099,0.9157,0.9099,0.9075,0.9153,0.9215,0.9153,0.913,0.9763,not-balanced,100,10,kbest,"['fear', 'anger', 'anticipation', 'trust', 'surprise', 'sadness', 'disgust', 'joy', 'a_score']","{'fear': 0.0042, 'anger': 0.004, 'anticipation': 0.0055, 'trust': 0.0056, 'surprise': 0.0047, 'sadness': 0.007, 'disgust': 0.0033, 'joy': 0.0049, 'a_score': 0.364}",RandomForestClassifier()
RandomForestClassifier,0.9146,0.9204,0.9146,0.9031,0.9111,0.917,0.9111,0.9088,0.915,0.9213,0.915,0.9127,0.976,not-balanced,100,10,kbest,"['fear', 'anger', 'anticipation', 'trust', 'surprise', 'sadness', 'disgust', 'joy', 'a_score']","{'fear': 0.0048, 'anger': 0.0036, 'anticipation': 0.006, 'trust': 0.0054, 'surprise': 0.0046, 'sadness': 0.0055, 'disgust': 0.0037, 'joy': 0.0038, 'a_score': 0.3662}",RandomForestClassifier()
RandomForestClassifier,0.9135,0.9195,0.9135,0.9017,0.9113,0.9173,0.9113,0.909,0.9149,0.9211,0.9149,0.9126,0.9751,not-balanced,100,10,kbest,"['fear', 'anger', 'anticipation', 'trust', 'surprise', 'sadness', 'disgust', 'joy', 'a_score']","{'fear': 0.0047, 'anger': 0.0034, 'anticipation': 0.0055, 'trust': 0.005, 'surprise': 0.0045, 'sadness': 0.0055, 'disgust': 0.0044, 'joy': 0.0037, 'a_score': 0.3646}",RandomForestClassifier()
RandomForestClassifier,0.9143,0.9204,0.9143,0.9027,0.9105,0.9164,0.9105,0.9081,0.9148,0.9212,0.9148,0.9125,0.9757,not-balanced,100,10,kbest,"['fear', 'anger', 'anticipation', 'trust', 'surprise', 'sadness', 'disgust', 'joy', 'a_score']","{'fear': 0.0044, 'anger': 0.0036, 'anticipation': 0.0053, 'trust': 0.0058, 'surprise': 0.005, 'sadness': 0.0056, 'disgust': 0.0036, 'joy': 0.0039, 'a_score': 0.3664}",RandomForestClassifier()
RandomForestClassifier,0.916,0.9218,0.916,0.9047,0.9104,0.9163,0.9104,0.908,0.9144,0.9205,0.9144,0.9121,0.9757,not-balanced,100,10,kbest,"['fear', 'anger', 'anticipation', 'trust', 'surprise', 'sadness', 'disgust', 'joy', 'a_score']","{'fear': 0.0046, 'anger': 0.0036, 'anticipation': 0.0054, 'trust': 0.0057, 'surprise': 0.0041, 'sadness': 0.0057, 'disgust': 0.0037, 'joy': 0.0036, 'a_score': 0.3661}",RandomForestClassifier()
