Algorithm;Train Accuracy;Train Precision;Train Recall;Train F1 Score;Test Accuracy;Test Precision;Test Recall;Test F1 Score;Val. Accuracy;Val. Precision;Val. Recall;Val. F1 Score;AUC;Bal. Strategy;Folds;Feat. Selec. Strategy;Features;Model
KNeighborsClassifier;1.0;1.0;1.0;1.0;1.0;1.0;1.0;1.0;1.0;1.0;1.0;1.0;1.0;not-balanced;10;kbest;['fear', 'sadness', 'disgust', 'joy', 'o_score', 'c_score', 'e_score', 'a_score', 'n_score'];KNeighborsClassifier()
RandomForestClassifier;1.0;1.0;1.0;1.0;1.0;1.0;1.0;1.0;1.0;1.0;1.0;1.0;1.0;not-balanced;10;kbest;['fear', 'sadness', 'disgust', 'joy', 'o_score', 'c_score', 'e_score', 'a_score', 'n_score'];RandomForestClassifier()
RandomForestClassifier;1.0;1.0;1.0;1.0;1.0;1.0;1.0;1.0;1.0;1.0;1.0;1.0;1.0;not-balanced;10;kbest;['fear', 'sadness', 'disgust', 'joy', 'o_score', 'c_score', 'e_score', 'a_score', 'n_score'];RandomForestClassifier()
RandomForestClassifier;1.0;1.0;1.0;1.0;1.0;1.0;1.0;1.0;1.0;1.0;1.0;1.0;1.0;not-balanced;10;kbest;['fear', 'sadness', 'disgust', 'joy', 'o_score', 'c_score', 'e_score', 'a_score', 'n_score'];RandomForestClassifier()
KNeighborsClassifier;1.0;1.0;1.0;1.0;1.0;1.0;1.0;1.0;1.0;1.0;1.0;1.0;1.0;not-balanced;10;kbest;['fear', 'sadness', 'disgust', 'joy', 'o_score', 'c_score', 'e_score', 'a_score', 'n_score'];KNeighborsClassifier()
RandomForestClassifier;1.0;1.0;1.0;1.0;1.0;1.0;1.0;1.0;1.0;1.0;1.0;1.0;1.0;not-balanced;10;kbest;['fear', 'sadness', 'disgust', 'joy', 'o_score', 'c_score', 'e_score', 'a_score', 'n_score'];RandomForestClassifier()
RandomForestClassifier;1.0;1.0;1.0;1.0;1.0;1.0;1.0;1.0;1.0;1.0;1.0;1.0;1.0;not-balanced;10;kbest;['fear', 'sadness', 'disgust', 'joy', 'o_score', 'c_score', 'e_score', 'a_score', 'n_score'];RandomForestClassifier()
RandomForestClassifier;1.0;1.0;1.0;1.0;1.0;1.0;1.0;1.0;1.0;1.0;1.0;1.0;1.0;not-balanced;10;kbest;['fear', 'sadness', 'disgust', 'joy', 'o_score', 'c_score', 'e_score', 'a_score', 'n_score'];RandomForestClassifier()
RandomForestClassifier;1.0;1.0;1.0;1.0;1.0;1.0;1.0;1.0;1.0;1.0;1.0;1.0;1.0;not-balanced;10;kbest;['fear', 'sadness', 'disgust', 'joy', 'o_score', 'c_score', 'e_score', 'a_score', 'n_score'];RandomForestClassifier()
DecisionTreeClassifier;1.0;1.0;1.0;1.0;1.0;1.0;1.0;1.0;1.0;1.0;1.0;1.0;1.0;not-balanced;10;kbest;['fear', 'sadness', 'disgust', 'joy', 'o_score', 'c_score', 'e_score', 'a_score', 'n_score'];DecisionTreeClassifier()
DecisionTreeClassifier;1.0;1.0;1.0;1.0;1.0;1.0;1.0;1.0;1.0;1.0;1.0;1.0;1.0;not-balanced;10;kbest;['fear', 'sadness', 'disgust', 'joy', 'o_score', 'c_score', 'e_score', 'a_score', 'n_score'];DecisionTreeClassifier()
DecisionTreeClassifier;1.0;1.0;1.0;1.0;1.0;1.0;1.0;1.0;1.0;1.0;1.0;1.0;1.0;not-balanced;10;kbest;['fear', 'sadness', 'disgust', 'joy', 'o_score', 'c_score', 'e_score', 'a_score', 'n_score'];DecisionTreeClassifier()
DecisionTreeClassifier;1.0;1.0;1.0;1.0;1.0;1.0;1.0;1.0;1.0;1.0;1.0;1.0;1.0;not-balanced;10;kbest;['fear', 'sadness', 'disgust', 'joy', 'o_score', 'c_score', 'e_score', 'a_score', 'n_score'];DecisionTreeClassifier()
DecisionTreeClassifier;1.0;1.0;1.0;1.0;1.0;1.0;1.0;1.0;1.0;1.0;1.0;1.0;1.0;not-balanced;10;kbest;['fear', 'sadness', 'disgust', 'joy', 'o_score', 'c_score', 'e_score', 'a_score', 'n_score'];DecisionTreeClassifier()
DecisionTreeClassifier;1.0;1.0;1.0;1.0;1.0;1.0;1.0;1.0;1.0;1.0;1.0;1.0;1.0;not-balanced;10;kbest;['fear', 'sadness', 'disgust', 'joy', 'o_score', 'c_score', 'e_score', 'a_score', 'n_score'];DecisionTreeClassifier()
DecisionTreeClassifier;1.0;1.0;1.0;1.0;1.0;1.0;1.0;1.0;1.0;1.0;1.0;1.0;1.0;not-balanced;10;kbest;['fear', 'sadness', 'disgust', 'joy', 'o_score', 'c_score', 'e_score', 'a_score', 'n_score'];DecisionTreeClassifier()
DecisionTreeClassifier;1.0;1.0;1.0;1.0;1.0;1.0;1.0;1.0;1.0;1.0;1.0;1.0;1.0;not-balanced;10;kbest;['fear', 'sadness', 'disgust', 'joy', 'o_score', 'c_score', 'e_score', 'a_score', 'n_score'];DecisionTreeClassifier()
DecisionTreeClassifier;1.0;1.0;1.0;1.0;1.0;1.0;1.0;1.0;1.0;1.0;1.0;1.0;1.0;not-balanced;10;kbest;['fear', 'sadness', 'disgust', 'joy', 'o_score', 'c_score', 'e_score', 'a_score', 'n_score'];DecisionTreeClassifier()
DecisionTreeClassifier;1.0;1.0;1.0;1.0;1.0;1.0;1.0;1.0;1.0;1.0;1.0;1.0;1.0;not-balanced;10;kbest;['fear', 'sadness', 'disgust', 'joy', 'o_score', 'c_score', 'e_score', 'a_score', 'n_score'];DecisionTreeClassifier()
MLPClassifier;1.0;1.0;1.0;1.0;1.0;1.0;1.0;1.0;1.0;1.0;1.0;1.0;1.0;not-balanced;10;kbest;['fear', 'sadness', 'disgust', 'joy', 'o_score', 'c_score', 'e_score', 'a_score', 'n_score'];MLPClassifier()
MLPClassifier;1.0;1.0;1.0;1.0;1.0;1.0;1.0;1.0;1.0;1.0;1.0;1.0;1.0;not-balanced;10;kbest;['fear', 'sadness', 'disgust', 'joy', 'o_score', 'c_score', 'e_score', 'a_score', 'n_score'];MLPClassifier()
MLPClassifier;1.0;1.0;1.0;1.0;1.0;1.0;1.0;1.0;1.0;1.0;1.0;1.0;1.0;not-balanced;10;kbest;['fear', 'sadness', 'disgust', 'joy', 'o_score', 'c_score', 'e_score', 'a_score', 'n_score'];MLPClassifier()
MLPClassifier;1.0;1.0;1.0;1.0;1.0;1.0;1.0;1.0;1.0;1.0;1.0;1.0;1.0;not-balanced;10;kbest;['fear', 'sadness', 'disgust', 'joy', 'o_score', 'c_score', 'e_score', 'a_score', 'n_score'];MLPClassifier()
MLPClassifier;1.0;1.0;1.0;1.0;1.0;1.0;1.0;1.0;1.0;1.0;1.0;1.0;1.0;not-balanced;10;kbest;['fear', 'sadness', 'disgust', 'joy', 'o_score', 'c_score', 'e_score', 'a_score', 'n_score'];MLPClassifier()
MLPClassifier;1.0;1.0;1.0;1.0;1.0;1.0;1.0;1.0;1.0;1.0;1.0;1.0;1.0;not-balanced;10;kbest;['fear', 'sadness', 'disgust', 'joy', 'o_score', 'c_score', 'e_score', 'a_score', 'n_score'];MLPClassifier()
MLPClassifier;1.0;1.0;1.0;1.0;1.0;1.0;1.0;1.0;1.0;1.0;1.0;1.0;1.0;not-balanced;10;kbest;['fear', 'sadness', 'disgust', 'joy', 'o_score', 'c_score', 'e_score', 'a_score', 'n_score'];MLPClassifier()
MLPClassifier;1.0;1.0;1.0;1.0;1.0;1.0;1.0;1.0;1.0;1.0;1.0;1.0;1.0;not-balanced;10;kbest;['fear', 'sadness', 'disgust', 'joy', 'o_score', 'c_score', 'e_score', 'a_score', 'n_score'];MLPClassifier()
MLPClassifier;1.0;1.0;1.0;1.0;1.0;1.0;1.0;1.0;1.0;1.0;1.0;1.0;1.0;not-balanced;10;kbest;['fear', 'sadness', 'disgust', 'joy', 'o_score', 'c_score', 'e_score', 'a_score', 'n_score'];MLPClassifier()
MLPClassifier;1.0;1.0;1.0;1.0;1.0;1.0;1.0;1.0;1.0;1.0;1.0;1.0;1.0;not-balanced;10;kbest;['fear', 'sadness', 'disgust', 'joy', 'o_score', 'c_score', 'e_score', 'a_score', 'n_score'];MLPClassifier()
RandomForestClassifier;1.0;1.0;1.0;1.0;1.0;1.0;1.0;1.0;1.0;1.0;1.0;1.0;1.0;not-balanced;10;kbest;['fear', 'sadness', 'disgust', 'joy', 'o_score', 'c_score', 'e_score', 'a_score', 'n_score'];RandomForestClassifier()
RandomForestClassifier;1.0;1.0;1.0;1.0;1.0;1.0;1.0;1.0;1.0;1.0;1.0;1.0;1.0;not-balanced;10;kbest;['fear', 'sadness', 'disgust', 'joy', 'o_score', 'c_score', 'e_score', 'a_score', 'n_score'];RandomForestClassifier()
RandomForestClassifier;1.0;1.0;1.0;1.0;1.0;1.0;1.0;1.0;1.0;1.0;1.0;1.0;1.0;not-balanced;10;kbest;['fear', 'sadness', 'disgust', 'joy', 'o_score', 'c_score', 'e_score', 'a_score', 'n_score'];RandomForestClassifier()
SVC;1.0;1.0;1.0;1.0;1.0;1.0;1.0;1.0;1.0;1.0;1.0;1.0;1.0;not-balanced;10;kbest;['fear', 'sadness', 'disgust', 'joy', 'o_score', 'c_score', 'e_score', 'a_score', 'n_score'];SVC(probability=True)
KNeighborsClassifier;1.0;1.0;1.0;1.0;1.0;1.0;1.0;1.0;1.0;1.0;1.0;1.0;1.0;not-balanced;10;kbest;['fear', 'sadness', 'disgust', 'joy', 'o_score', 'c_score', 'e_score', 'a_score', 'n_score'];KNeighborsClassifier()
KNeighborsClassifier;1.0;1.0;1.0;1.0;1.0;1.0;1.0;1.0;1.0;1.0;1.0;1.0;1.0;not-balanced;10;kbest;['fear', 'sadness', 'disgust', 'joy', 'o_score', 'c_score', 'e_score', 'a_score', 'n_score'];KNeighborsClassifier()
KNeighborsClassifier;1.0;1.0;1.0;1.0;1.0;1.0;1.0;1.0;1.0;1.0;1.0;1.0;1.0;not-balanced;10;kbest;['fear', 'sadness', 'disgust', 'joy', 'o_score', 'c_score', 'e_score', 'a_score', 'n_score'];KNeighborsClassifier()
KNeighborsClassifier;1.0;1.0;1.0;1.0;1.0;1.0;1.0;1.0;1.0;1.0;1.0;1.0;1.0;not-balanced;10;kbest;['fear', 'sadness', 'disgust', 'joy', 'o_score', 'c_score', 'e_score', 'a_score', 'n_score'];KNeighborsClassifier()
KNeighborsClassifier;1.0;1.0;1.0;1.0;1.0;1.0;1.0;1.0;1.0;1.0;1.0;1.0;1.0;not-balanced;10;kbest;['fear', 'sadness', 'disgust', 'joy', 'o_score', 'c_score', 'e_score', 'a_score', 'n_score'];KNeighborsClassifier()
KNeighborsClassifier;1.0;1.0;1.0;1.0;1.0;1.0;1.0;1.0;1.0;1.0;1.0;1.0;1.0;not-balanced;10;kbest;['fear', 'sadness', 'disgust', 'joy', 'o_score', 'c_score', 'e_score', 'a_score', 'n_score'];KNeighborsClassifier()
KNeighborsClassifier;1.0;1.0;1.0;1.0;1.0;1.0;1.0;1.0;1.0;1.0;1.0;1.0;1.0;not-balanced;10;kbest;['fear', 'sadness', 'disgust', 'joy', 'o_score', 'c_score', 'e_score', 'a_score', 'n_score'];KNeighborsClassifier()
KNeighborsClassifier;1.0;1.0;1.0;1.0;1.0;1.0;1.0;1.0;1.0;1.0;1.0;1.0;1.0;not-balanced;10;kbest;['fear', 'sadness', 'disgust', 'joy', 'o_score', 'c_score', 'e_score', 'a_score', 'n_score'];KNeighborsClassifier()
SVC;1.0;1.0;1.0;1.0;1.0;1.0;1.0;1.0;1.0;1.0;1.0;1.0;1.0;not-balanced;10;kbest;['fear', 'sadness', 'disgust', 'joy', 'o_score', 'c_score', 'e_score', 'a_score', 'n_score'];SVC(probability=True)
LogisticRegression;1.0;1.0;1.0;1.0;1.0;1.0;1.0;1.0;1.0;1.0;1.0;1.0;1.0;not-balanced;10;kbest;['fear', 'sadness', 'disgust', 'joy', 'o_score', 'c_score', 'e_score', 'a_score', 'n_score'];LogisticRegression(max_iter=100000, multi_class='multinomial')
SVC;1.0;1.0;1.0;1.0;1.0;1.0;1.0;1.0;1.0;1.0;1.0;1.0;1.0;not-balanced;10;kbest;['fear', 'sadness', 'disgust', 'joy', 'o_score', 'c_score', 'e_score', 'a_score', 'n_score'];SVC(probability=True)
SVC;1.0;1.0;1.0;1.0;1.0;1.0;1.0;1.0;1.0;1.0;1.0;1.0;1.0;not-balanced;10;kbest;['fear', 'sadness', 'disgust', 'joy', 'o_score', 'c_score', 'e_score', 'a_score', 'n_score'];SVC(probability=True)
SVC;1.0;1.0;1.0;1.0;1.0;1.0;1.0;1.0;1.0;1.0;1.0;1.0;1.0;not-balanced;10;kbest;['fear', 'sadness', 'disgust', 'joy', 'o_score', 'c_score', 'e_score', 'a_score', 'n_score'];SVC(probability=True)
SVC;1.0;1.0;1.0;1.0;1.0;1.0;1.0;1.0;1.0;1.0;1.0;1.0;1.0;not-balanced;10;kbest;['fear', 'sadness', 'disgust', 'joy', 'o_score', 'c_score', 'e_score', 'a_score', 'n_score'];SVC(probability=True)
SVC;1.0;1.0;1.0;1.0;1.0;1.0;1.0;1.0;1.0;1.0;1.0;1.0;1.0;not-balanced;10;kbest;['fear', 'sadness', 'disgust', 'joy', 'o_score', 'c_score', 'e_score', 'a_score', 'n_score'];SVC(probability=True)
LogisticRegression;1.0;1.0;1.0;1.0;1.0;1.0;1.0;1.0;1.0;1.0;1.0;1.0;1.0;not-balanced;10;kbest;['fear', 'sadness', 'disgust', 'joy', 'o_score', 'c_score', 'e_score', 'a_score', 'n_score'];LogisticRegression(max_iter=100000, multi_class='multinomial')
LogisticRegression;1.0;1.0;1.0;1.0;1.0;1.0;1.0;1.0;1.0;1.0;1.0;1.0;1.0;not-balanced;10;kbest;['fear', 'sadness', 'disgust', 'joy', 'o_score', 'c_score', 'e_score', 'a_score', 'n_score'];LogisticRegression(max_iter=100000, multi_class='multinomial')
SVC;1.0;1.0;1.0;1.0;1.0;1.0;1.0;1.0;1.0;1.0;1.0;1.0;1.0;not-balanced;10;kbest;['fear', 'sadness', 'disgust', 'joy', 'o_score', 'c_score', 'e_score', 'a_score', 'n_score'];SVC(probability=True)
LogisticRegression;1.0;1.0;1.0;1.0;1.0;1.0;1.0;1.0;1.0;1.0;1.0;1.0;1.0;not-balanced;10;kbest;['fear', 'sadness', 'disgust', 'joy', 'o_score', 'c_score', 'e_score', 'a_score', 'n_score'];LogisticRegression(max_iter=100000, multi_class='multinomial')
LogisticRegression;1.0;1.0;1.0;1.0;1.0;1.0;1.0;1.0;1.0;1.0;1.0;1.0;1.0;not-balanced;10;kbest;['fear', 'sadness', 'disgust', 'joy', 'o_score', 'c_score', 'e_score', 'a_score', 'n_score'];LogisticRegression(max_iter=100000, multi_class='multinomial')
LogisticRegression;1.0;1.0;1.0;1.0;1.0;1.0;1.0;1.0;1.0;1.0;1.0;1.0;1.0;not-balanced;10;kbest;['fear', 'sadness', 'disgust', 'joy', 'o_score', 'c_score', 'e_score', 'a_score', 'n_score'];LogisticRegression(max_iter=100000, multi_class='multinomial')
LogisticRegression;1.0;1.0;1.0;1.0;1.0;1.0;1.0;1.0;1.0;1.0;1.0;1.0;1.0;not-balanced;10;kbest;['fear', 'sadness', 'disgust', 'joy', 'o_score', 'c_score', 'e_score', 'a_score', 'n_score'];LogisticRegression(max_iter=100000, multi_class='multinomial')
LogisticRegression;1.0;1.0;1.0;1.0;1.0;1.0;1.0;1.0;1.0;1.0;1.0;1.0;1.0;not-balanced;10;kbest;['fear', 'sadness', 'disgust', 'joy', 'o_score', 'c_score', 'e_score', 'a_score', 'n_score'];LogisticRegression(max_iter=100000, multi_class='multinomial')
LogisticRegression;1.0;1.0;1.0;1.0;1.0;1.0;1.0;1.0;1.0;1.0;1.0;1.0;1.0;not-balanced;10;kbest;['fear', 'sadness', 'disgust', 'joy', 'o_score', 'c_score', 'e_score', 'a_score', 'n_score'];LogisticRegression(max_iter=100000, multi_class='multinomial')
LogisticRegression;1.0;1.0;1.0;1.0;1.0;1.0;1.0;1.0;1.0;1.0;1.0;1.0;1.0;not-balanced;10;kbest;['fear', 'sadness', 'disgust', 'joy', 'o_score', 'c_score', 'e_score', 'a_score', 'n_score'];LogisticRegression(max_iter=100000, multi_class='multinomial')
SVC;1.0;1.0;1.0;1.0;1.0;1.0;1.0;1.0;1.0;1.0;1.0;1.0;1.0;not-balanced;10;kbest;['fear', 'sadness', 'disgust', 'joy', 'o_score', 'c_score', 'e_score', 'a_score', 'n_score'];SVC(probability=True)
SVC;1.0;1.0;1.0;1.0;1.0;1.0;1.0;1.0;1.0;1.0;1.0;1.0;1.0;not-balanced;10;kbest;['fear', 'sadness', 'disgust', 'joy', 'o_score', 'c_score', 'e_score', 'a_score', 'n_score'];SVC(probability=True)
GaussianNB;0.9982;0.9982;0.9982;0.998;0.9982;0.9982;0.9982;0.9982;0.9954;0.9954;0.9954;0.9954;0.9995;not-balanced;10;kbest;['fear', 'sadness', 'disgust', 'joy', 'o_score', 'c_score', 'e_score', 'a_score', 'n_score'];GaussianNB()
GaussianNB;0.9979;0.9979;0.9979;0.9978;0.9986;0.9986;0.9986;0.9986;0.9952;0.9953;0.9952;0.9952;0.9995;not-balanced;10;kbest;['fear', 'sadness', 'disgust', 'joy', 'o_score', 'c_score', 'e_score', 'a_score', 'n_score'];GaussianNB()
GaussianNB;0.998;0.998;0.998;0.9979;0.9984;0.9984;0.9984;0.9984;0.9952;0.9952;0.9952;0.9952;0.9995;not-balanced;10;kbest;['fear', 'sadness', 'disgust', 'joy', 'o_score', 'c_score', 'e_score', 'a_score', 'n_score'];GaussianNB()
GaussianNB;0.998;0.998;0.998;0.9979;0.998;0.998;0.998;0.998;0.9951;0.9952;0.9951;0.9951;0.9995;not-balanced;10;kbest;['fear', 'sadness', 'disgust', 'joy', 'o_score', 'c_score', 'e_score', 'a_score', 'n_score'];GaussianNB()
GaussianNB;0.998;0.998;0.998;0.9979;0.9984;0.9984;0.9984;0.9984;0.9951;0.9951;0.9951;0.9951;0.9995;not-balanced;10;kbest;['fear', 'sadness', 'disgust', 'joy', 'o_score', 'c_score', 'e_score', 'a_score', 'n_score'];GaussianNB()
GaussianNB;0.9979;0.9979;0.9979;0.9978;0.9973;0.9973;0.9973;0.9973;0.9948;0.9948;0.9948;0.9948;0.9994;not-balanced;10;kbest;['fear', 'sadness', 'disgust', 'joy', 'o_score', 'c_score', 'e_score', 'a_score', 'n_score'];GaussianNB()
GaussianNB;0.9978;0.9978;0.9978;0.9977;0.9977;0.9977;0.9977;0.9977;0.9941;0.9941;0.9941;0.9941;0.9994;not-balanced;10;kbest;['fear', 'sadness', 'disgust', 'joy', 'o_score', 'c_score', 'e_score', 'a_score', 'n_score'];GaussianNB()
GaussianNB;0.9978;0.9978;0.9978;0.9977;0.9968;0.9968;0.9968;0.9968;0.9941;0.9941;0.9941;0.9941;0.9994;not-balanced;10;kbest;['fear', 'sadness', 'disgust', 'joy', 'o_score', 'c_score', 'e_score', 'a_score', 'n_score'];GaussianNB()
GaussianNB;0.9978;0.9978;0.9978;0.9977;0.9982;0.9982;0.9982;0.9982;0.9939;0.994;0.9939;0.9939;0.9994;not-balanced;10;kbest;['fear', 'sadness', 'disgust', 'joy', 'o_score', 'c_score', 'e_score', 'a_score', 'n_score'];GaussianNB()
GaussianNB;0.9978;0.9978;0.9978;0.9976;0.9971;0.9971;0.9971;0.9971;0.9939;0.994;0.9939;0.9939;0.9994;not-balanced;10;kbest;['fear', 'sadness', 'disgust', 'joy', 'o_score', 'c_score', 'e_score', 'a_score', 'n_score'];GaussianNB()
