Algorithm,Train Accuracy,Train Precision,Train Recall,Train F1 Score,Test Accuracy,Test Precision,Test Recall,Test F1 Score,Val. Accuracy,Val. Precision,Val. Recall,Val. F1 Score,AUC,Bal. Strategy,% of Features,Folds,Fold,Execution,Random State,Feat. Selec. Strategy,Features,Features Importance,Model
KNeighborsClassifier,0.8387,0.8401,0.8387,0.7226,0.8433,0.8652,0.8433,0.8431,0.849,0.8698,0.849,0.849,0.9487,not-balanced,100,10,3,1,850,kbest,"['fear', 'anger', 'anticipation', 'trust', 'surprise', 'sadness', 'disgust', 'joy', 'a_score']","{'fear': 0.0053, 'anger': 0.0062, 'anticipation': 0.0042, 'trust': 0.0033, 'surprise': 0.0034, 'sadness': 0.0043, 'disgust': 0.0063, 'joy': 0.0032, 'a_score': 0.4306}",KNeighborsClassifier()
KNeighborsClassifier,0.8365,0.837,0.8365,0.7185,0.8461,0.8365,0.8461,0.8357,0.8489,0.8399,0.8489,0.8389,0.9525,not-balanced,100,10,5,1,55,kbest,"['fear', 'anger', 'anticipation', 'trust', 'surprise', 'sadness', 'disgust', 'joy', 'a_score']","{'fear': 0.007, 'anger': 0.0039, 'anticipation': 0.0067, 'trust': 0.005, 'surprise': 0.0035, 'sadness': 0.0069, 'disgust': 0.0043, 'joy': 0.0066, 'a_score': 0.3943}",KNeighborsClassifier()
KNeighborsClassifier,0.8213,0.8234,0.8213,0.705,0.8431,0.8343,0.8431,0.8336,0.8476,0.8395,0.8476,0.8386,0.9046,not-balanced,100,10,9,4,737,kbest,"['fear', 'anger', 'anticipation', 'trust', 'surprise', 'sadness', 'disgust', 'joy', 'a_score']","{'fear': 0.0049, 'anger': 0.0022, 'anticipation': 0.0053, 'trust': 0.0058, 'surprise': 0.0018, 'sadness': 0.0074, 'disgust': 0.0058, 'joy': 0.0042, 'a_score': 0.3987}",KNeighborsClassifier()
KNeighborsClassifier,0.836,0.8497,0.836,0.7605,0.8426,0.8612,0.8426,0.8425,0.8474,0.8651,0.8474,0.8475,0.9563,not-balanced,100,10,4,3,264,kbest,"['fear', 'anger', 'anticipation', 'trust', 'surprise', 'sadness', 'disgust', 'joy', 'a_score']","{'fear': 0.0044, 'anger': 0.0055, 'anticipation': 0.0037, 'trust': 0.0045, 'surprise': 0.0023, 'sadness': 0.0063, 'disgust': 0.0039, 'joy': 0.0044, 'a_score': 0.4296}",KNeighborsClassifier()
KNeighborsClassifier,0.8359,0.84,0.8359,0.7283,0.8381,0.8275,0.8381,0.8282,0.8469,0.8375,0.8469,0.8377,0.9394,not-balanced,100,10,1,5,99,kbest,"['fear', 'anger', 'anticipation', 'trust', 'surprise', 'sadness', 'disgust', 'joy', 'a_score']","{'fear': 0.008, 'anger': 0.0031, 'anticipation': 0.0031, 'trust': 0.0035, 'surprise': 0.0023, 'sadness': 0.0135, 'disgust': 0.0075, 'joy': 0.001, 'a_score': 0.3955}",KNeighborsClassifier()
KNeighborsClassifier,0.8339,0.8469,0.8339,0.7623,0.8379,0.8587,0.8379,0.8385,0.8468,0.8649,0.8468,0.8473,0.9536,not-balanced,100,10,7,3,870,kbest,"['fear', 'anger', 'anticipation', 'trust', 'surprise', 'sadness', 'disgust', 'joy', 'a_score']","{'fear': 0.0046, 'anger': 0.0029, 'anticipation': 0.0069, 'trust': 0.0071, 'surprise': 0.0035, 'sadness': 0.0044, 'disgust': 0.006, 'joy': 0.0089, 'a_score': 0.4276}",KNeighborsClassifier()
KNeighborsClassifier,0.831,0.8354,0.831,0.7157,0.8408,0.8315,0.8408,0.8327,0.8466,0.8378,0.8466,0.8385,0.9451,not-balanced,100,10,10,1,416,kbest,"['fear', 'anger', 'anticipation', 'trust', 'surprise', 'sadness', 'disgust', 'joy', 'a_score']","{'fear': 0.0048, 'anger': 0.0032, 'anticipation': 0.0029, 'trust': 0.0037, 'surprise': 0.0037, 'sadness': 0.0075, 'disgust': 0.0056, 'joy': 0.004, 'a_score': 0.3921}",KNeighborsClassifier()
KNeighborsClassifier,0.8412,0.8447,0.8412,0.7444,0.8379,0.8278,0.8379,0.8291,0.8463,0.8377,0.8463,0.8382,0.9513,not-balanced,100,10,1,3,908,kbest,"['fear', 'anger', 'anticipation', 'trust', 'surprise', 'sadness', 'disgust', 'joy', 'a_score']","{'fear': 0.0059, 'anger': 0.0039, 'anticipation': 0.0057, 'trust': 0.0046, 'surprise': 0.0043, 'sadness': 0.0084, 'disgust': 0.0027, 'joy': 0.0035, 'a_score': 0.3981}",KNeighborsClassifier()
KNeighborsClassifier,0.8192,0.8287,0.8192,0.7279,0.8418,0.8553,0.8418,0.8409,0.846,0.861,0.846,0.8457,0.9444,not-balanced,100,10,10,4,600,kbest,"['fear', 'anger', 'anticipation', 'trust', 'surprise', 'sadness', 'disgust', 'joy', 'a_score']","{'fear': 0.005, 'anger': 0.0032, 'anticipation': 0.003, 'trust': 0.0028, 'surprise': 0.0034, 'sadness': 0.009, 'disgust': 0.0024, 'joy': 0.0019, 'a_score': 0.4225}",KNeighborsClassifier()
KNeighborsClassifier,0.8227,0.83,0.8227,0.7191,0.839,0.826,0.839,0.8249,0.8454,0.8349,0.8454,0.8319,0.951,not-balanced,100,10,6,5,936,kbest,"['fear', 'anger', 'anticipation', 'trust', 'surprise', 'sadness', 'disgust', 'joy', 'a_score']","{'fear': 0.0063, 'anger': 0.0055, 'anticipation': 0.0045, 'trust': 0.0056, 'surprise': 0.0047, 'sadness': 0.0042, 'disgust': 0.0042, 'joy': 0.0065, 'a_score': 0.3911}",KNeighborsClassifier()
KNeighborsClassifier,0.8388,0.8433,0.8388,0.7374,0.8401,0.8566,0.8401,0.8407,0.8453,0.8624,0.8453,0.8462,0.9518,not-balanced,100,10,9,5,829,kbest,"['fear', 'anger', 'anticipation', 'trust', 'surprise', 'sadness', 'disgust', 'joy', 'a_score']","{'fear': 0.0024, 'anger': 0.0022, 'anticipation': 0.0072, 'trust': 0.0073, 'surprise': 0.005, 'sadness': 0.0042, 'disgust': 0.0033, 'joy': 0.0086, 'a_score': 0.4226}",KNeighborsClassifier()
KNeighborsClassifier,0.846,0.8491,0.846,0.743,0.8328,0.824,0.8328,0.825,0.8452,0.8372,0.8452,0.8375,0.9293,not-balanced,100,10,9,1,158,kbest,"['fear', 'anger', 'anticipation', 'trust', 'surprise', 'sadness', 'disgust', 'joy', 'a_score']","{'fear': 0.0034, 'anger': 0.0028, 'anticipation': 0.0031, 'trust': 0.0092, 'surprise': 0.0055, 'sadness': 0.0048, 'disgust': 0.0031, 'joy': 0.0073, 'a_score': 0.4013}",KNeighborsClassifier()
KNeighborsClassifier,0.8185,0.8228,0.8185,0.7045,0.8399,0.8509,0.8399,0.8402,0.8452,0.8559,0.8452,0.8455,0.9445,not-balanced,100,10,8,4,156,kbest,"['fear', 'anger', 'anticipation', 'trust', 'surprise', 'sadness', 'disgust', 'joy', 'a_score']","{'fear': 0.0045, 'anger': 0.0023, 'anticipation': 0.0051, 'trust': 0.0022, 'surprise': 0.0051, 'sadness': 0.0058, 'disgust': 0.0038, 'joy': 0.0082, 'a_score': 0.4169}",KNeighborsClassifier()
KNeighborsClassifier,0.8338,0.8465,0.8338,0.7531,0.841,0.829,0.841,0.8287,0.8452,0.8346,0.8452,0.8331,0.9552,not-balanced,100,10,6,2,964,kbest,"['fear', 'anger', 'anticipation', 'trust', 'surprise', 'sadness', 'disgust', 'joy', 'a_score']","{'fear': 0.0058, 'anger': 0.0047, 'anticipation': 0.0065, 'trust': 0.0043, 'surprise': 0.004, 'sadness': 0.005, 'disgust': 0.0056, 'joy': 0.006, 'a_score': 0.3925}",KNeighborsClassifier()
KNeighborsClassifier,0.8365,0.8393,0.8365,0.7285,0.8411,0.86,0.8411,0.8419,0.8451,0.8635,0.8451,0.8458,0.9518,not-balanced,100,10,1,2,474,kbest,"['fear', 'anger', 'anticipation', 'trust', 'surprise', 'sadness', 'disgust', 'joy', 'a_score']","{'fear': 0.0048, 'anger': 0.0059, 'anticipation': 0.0044, 'trust': 0.004, 'surprise': 0.0051, 'sadness': 0.0051, 'disgust': 0.002, 'joy': 0.0081, 'a_score': 0.4292}",KNeighborsClassifier()
KNeighborsClassifier,0.8328,0.8462,0.8328,0.7614,0.8412,0.8609,0.8412,0.842,0.8451,0.8649,0.8451,0.8461,0.942,not-balanced,100,10,2,3,370,kbest,"['fear', 'anger', 'anticipation', 'trust', 'surprise', 'sadness', 'disgust', 'joy', 'a_score']","{'fear': 0.0056, 'anger': 0.0011, 'anticipation': 0.0081, 'trust': 0.0049, 'surprise': 0.0029, 'sadness': 0.0094, 'disgust': 0.0011, 'joy': 0.0042, 'a_score': 0.4253}",KNeighborsClassifier()
KNeighborsClassifier,0.8342,0.8452,0.8342,0.7546,0.8388,0.8319,0.8388,0.8326,0.8446,0.8383,0.8446,0.839,0.9535,not-balanced,100,10,4,1,439,kbest,"['fear', 'anger', 'anticipation', 'trust', 'surprise', 'sadness', 'disgust', 'joy', 'a_score']","{'fear': 0.0058, 'anger': 0.0039, 'anticipation': 0.0034, 'trust': 0.0078, 'surprise': 0.004, 'sadness': 0.0069, 'disgust': 0.0026, 'joy': 0.0059, 'a_score': 0.4008}",KNeighborsClassifier()
KNeighborsClassifier,0.8348,0.8369,0.8348,0.7313,0.8378,0.8268,0.8378,0.8261,0.8431,0.8326,0.8431,0.8319,0.9499,not-balanced,100,10,3,3,334,kbest,"['fear', 'anger', 'anticipation', 'trust', 'surprise', 'sadness', 'disgust', 'joy', 'a_score']","{'fear': 0.0033, 'anger': 0.0021, 'anticipation': 0.005, 'trust': 0.0046, 'surprise': 0.0046, 'sadness': 0.0074, 'disgust': 0.0052, 'joy': 0.0039, 'a_score': 0.3881}",KNeighborsClassifier()
KNeighborsClassifier,0.8398,0.8498,0.8398,0.7568,0.8382,0.8542,0.8382,0.8393,0.843,0.8586,0.843,0.8441,0.9538,not-balanced,100,10,5,4,484,kbest,"['fear', 'anger', 'anticipation', 'trust', 'surprise', 'sadness', 'disgust', 'joy', 'a_score']","{'fear': 0.0058, 'anger': 0.0024, 'anticipation': 0.0059, 'trust': 0.0042, 'surprise': 0.006, 'sadness': 0.0061, 'disgust': 0.0034, 'joy': 0.0061, 'a_score': 0.4226}",KNeighborsClassifier()
KNeighborsClassifier,0.8334,0.8371,0.8334,0.7374,0.8412,0.8501,0.8412,0.8415,0.8428,0.8524,0.8428,0.8432,0.9375,not-balanced,100,10,2,4,302,kbest,"['fear', 'anger', 'anticipation', 'trust', 'surprise', 'sadness', 'disgust', 'joy', 'a_score']","{'fear': 0.0099, 'anger': 0.0052, 'anticipation': 0.0047, 'trust': 0.0083, 'surprise': 0.0038, 'sadness': 0.0089, 'disgust': 0.007, 'joy': 0.0056, 'a_score': 0.4172}",KNeighborsClassifier()
KNeighborsClassifier,0.8288,0.835,0.8288,0.7233,0.8382,0.8287,0.8382,0.8291,0.8426,0.8327,0.8426,0.8331,0.9535,not-balanced,100,10,9,2,205,kbest,"['fear', 'anger', 'anticipation', 'trust', 'surprise', 'sadness', 'disgust', 'joy', 'a_score']","{'fear': 0.003, 'anger': 0.0052, 'anticipation': 0.0062, 'trust': 0.0097, 'surprise': 0.0044, 'sadness': 0.004, 'disgust': 0.0065, 'joy': 0.0065, 'a_score': 0.3955}",KNeighborsClassifier()
KNeighborsClassifier,0.8278,0.838,0.8278,0.7484,0.834,0.8214,0.834,0.8231,0.8424,0.8321,0.8424,0.8324,0.9548,not-balanced,100,10,7,2,192,kbest,"['fear', 'anger', 'anticipation', 'trust', 'surprise', 'sadness', 'disgust', 'joy', 'a_score']","{'fear': 0.0098, 'anger': 0.0039, 'anticipation': 0.0043, 'trust': 0.0036, 'surprise': 0.0057, 'sadness': 0.0131, 'disgust': 0.0026, 'joy': 0.0006, 'a_score': 0.3932}",KNeighborsClassifier()
KNeighborsClassifier,0.8318,0.8336,0.8318,0.7135,0.836,0.8504,0.836,0.8373,0.8423,0.8568,0.8423,0.8436,0.9533,not-balanced,100,10,5,3,904,kbest,"['fear', 'anger', 'anticipation', 'trust', 'surprise', 'sadness', 'disgust', 'joy', 'a_score']","{'fear': 0.0047, 'anger': 0.0056, 'anticipation': 0.0067, 'trust': 0.0049, 'surprise': 0.007, 'sadness': 0.0077, 'disgust': 0.0061, 'joy': 0.0068, 'a_score': 0.424}",KNeighborsClassifier()
KNeighborsClassifier,0.8339,0.8428,0.8339,0.7508,0.8389,0.8525,0.8389,0.84,0.8422,0.8559,0.8422,0.8432,0.9392,not-balanced,100,10,6,1,269,kbest,"['fear', 'anger', 'anticipation', 'trust', 'surprise', 'sadness', 'disgust', 'joy', 'a_score']","{'fear': 0.0048, 'anger': 0.0044, 'anticipation': 0.0082, 'trust': 0.0065, 'surprise': 0.0044, 'sadness': 0.0064, 'disgust': 0.0069, 'joy': 0.0056, 'a_score': 0.4218}",KNeighborsClassifier()
KNeighborsClassifier,0.8366,0.8423,0.8366,0.7416,0.8416,0.8322,0.8416,0.8333,0.8417,0.8332,0.8417,0.8341,0.9441,not-balanced,100,10,1,4,901,kbest,"['fear', 'anger', 'anticipation', 'trust', 'surprise', 'sadness', 'disgust', 'joy', 'a_score']","{'fear': 0.0067, 'anger': 0.0033, 'anticipation': 0.0043, 'trust': 0.0062, 'surprise': 0.0059, 'sadness': 0.0084, 'disgust': 0.0031, 'joy': 0.003, 'a_score': 0.3927}",KNeighborsClassifier()
KNeighborsClassifier,0.8297,0.8381,0.8297,0.7244,0.8365,0.8273,0.8365,0.829,0.8402,0.8313,0.8402,0.8326,0.944,not-balanced,100,10,7,4,320,kbest,"['fear', 'anger', 'anticipation', 'trust', 'surprise', 'sadness', 'disgust', 'joy', 'a_score']","{'fear': 0.0045, 'anger': 0.0048, 'anticipation': 0.0057, 'trust': 0.0034, 'surprise': 0.0061, 'sadness': 0.0078, 'disgust': 0.0041, 'joy': 0.0036, 'a_score': 0.3937}",KNeighborsClassifier()
KNeighborsClassifier,0.8308,0.8384,0.8308,0.733,0.8356,0.8467,0.8356,0.8363,0.8401,0.8515,0.8401,0.8412,0.9524,not-balanced,100,10,10,3,98,kbest,"['fear', 'anger', 'anticipation', 'trust', 'surprise', 'sadness', 'disgust', 'joy', 'a_score']","{'fear': 0.0066, 'anger': 0.0036, 'anticipation': 0.0051, 'trust': 0.0062, 'surprise': 0.0062, 'sadness': 0.0069, 'disgust': 0.0038, 'joy': 0.0062, 'a_score': 0.4184}",KNeighborsClassifier()
KNeighborsClassifier,0.8383,0.84,0.8383,0.7322,0.8094,0.833,0.8094,0.8153,0.8194,0.8392,0.8194,0.8243,0.9582,not-balanced,100,10,3,5,306,kbest,"['fear', 'anger', 'anticipation', 'trust', 'surprise', 'sadness', 'disgust', 'joy', 'a_score']","{'fear': 0.0064, 'anger': 0.0006, 'anticipation': 0.0029, 'trust': 0.0026, 'surprise': 0.0016, 'sadness': 0.0039, 'disgust': -0.0004, 'joy': 0.0031, 'a_score': 0.4039}",KNeighborsClassifier()
KNeighborsClassifier,0.8339,0.837,0.8339,0.731,0.8162,0.8207,0.8162,0.8102,0.8193,0.8254,0.8193,0.8134,0.9487,not-balanced,100,10,6,3,624,kbest,"['fear', 'anger', 'anticipation', 'trust', 'surprise', 'sadness', 'disgust', 'joy', 'a_score']","{'fear': 0.0004, 'anger': 0.0001, 'anticipation': -0.0001, 'trust': 0.0019, 'surprise': 0.0, 'sadness': 0.0005, 'disgust': -0.0007, 'joy': -0.0008, 'a_score': 0.3668}",KNeighborsClassifier()
KNeighborsClassifier,0.8354,0.8357,0.8354,0.7203,0.8207,0.8278,0.8207,0.817,0.819,0.8245,0.819,0.8147,0.9439,not-balanced,100,10,3,4,658,kbest,"['fear', 'anger', 'anticipation', 'trust', 'surprise', 'sadness', 'disgust', 'joy', 'a_score']","{'fear': 0.0016, 'anger': 0.0011, 'anticipation': 0.0009, 'trust': 0.0013, 'surprise': 0.0003, 'sadness': 0.0029, 'disgust': 0.0017, 'joy': 0.0029, 'a_score': 0.3648}",KNeighborsClassifier()
KNeighborsClassifier,0.8303,0.8367,0.8303,0.7381,0.8135,0.8306,0.8135,0.8176,0.819,0.8371,0.819,0.8237,0.9513,not-balanced,100,10,6,4,859,kbest,"['fear', 'anger', 'anticipation', 'trust', 'surprise', 'sadness', 'disgust', 'joy', 'a_score']","{'fear': 0.0058, 'anger': 0.001, 'anticipation': 0.0018, 'trust': 0.0014, 'surprise': 0.0001, 'sadness': 0.0052, 'disgust': -0.0004, 'joy': -0.0, 'a_score': 0.3959}",KNeighborsClassifier()
KNeighborsClassifier,0.8333,0.8445,0.8333,0.7503,0.8128,0.8344,0.8128,0.8179,0.819,0.8391,0.819,0.8238,0.9558,not-balanced,100,10,4,2,874,kbest,"['fear', 'anger', 'anticipation', 'trust', 'surprise', 'sadness', 'disgust', 'joy', 'a_score']","{'fear': 0.0014, 'anger': -0.0002, 'anticipation': 0.0022, 'trust': 0.0024, 'surprise': 0.0007, 'sadness': 0.0057, 'disgust': 0.0013, 'joy': 0.003, 'a_score': 0.4005}",KNeighborsClassifier()
KNeighborsClassifier,0.8272,0.8309,0.8272,0.7201,0.806,0.8169,0.806,0.8,0.819,0.8278,0.819,0.8123,0.9566,not-balanced,100,10,7,1,445,kbest,"['fear', 'anger', 'anticipation', 'trust', 'surprise', 'sadness', 'disgust', 'joy', 'a_score']","{'fear': 0.0074, 'anger': 0.003, 'anticipation': 0.0023, 'trust': 0.0053, 'surprise': 0.0007, 'sadness': 0.0067, 'disgust': 0.0008, 'joy': 0.0019, 'a_score': 0.3699}",KNeighborsClassifier()
KNeighborsClassifier,0.8282,0.8265,0.8282,0.7073,0.8139,0.8322,0.8139,0.819,0.8186,0.8366,0.8186,0.8235,0.9467,not-balanced,100,10,9,3,399,kbest,"['fear', 'anger', 'anticipation', 'trust', 'surprise', 'sadness', 'disgust', 'joy', 'a_score']","{'fear': -0.0008, 'anger': 0.0007, 'anticipation': 0.0008, 'trust': -0.0002, 'surprise': 0.0018, 'sadness': 0.0021, 'disgust': -0.0009, 'joy': -0.0013, 'a_score': 0.4027}",KNeighborsClassifier()
KNeighborsClassifier,0.8385,0.8393,0.8385,0.7298,0.8163,0.8341,0.8163,0.8206,0.8186,0.8359,0.8186,0.8229,0.951,not-balanced,100,10,8,3,883,kbest,"['fear', 'anger', 'anticipation', 'trust', 'surprise', 'sadness', 'disgust', 'joy', 'a_score']","{'fear': 0.0047, 'anger': 0.0007, 'anticipation': 0.0006, 'trust': -0.0003, 'surprise': -0.0012, 'sadness': -0.0004, 'disgust': 0.0023, 'joy': 0.0042, 'a_score': 0.3926}",KNeighborsClassifier()
KNeighborsClassifier,0.8263,0.8313,0.8263,0.7185,0.8156,0.8236,0.8156,0.808,0.8183,0.8264,0.8183,0.8107,0.9462,not-balanced,100,10,4,5,443,kbest,"['fear', 'anger', 'anticipation', 'trust', 'surprise', 'sadness', 'disgust', 'joy', 'a_score']","{'fear': 0.0039, 'anger': 0.0009, 'anticipation': 0.001, 'trust': 0.0011, 'surprise': 0.0014, 'sadness': 0.0052, 'disgust': 0.0027, 'joy': 0.0033, 'a_score': 0.3658}",KNeighborsClassifier()
KNeighborsClassifier,0.8351,0.8462,0.8351,0.7539,0.8194,0.8266,0.8194,0.8128,0.8179,0.8265,0.8179,0.8111,0.9527,not-balanced,100,10,8,2,380,kbest,"['fear', 'anger', 'anticipation', 'trust', 'surprise', 'sadness', 'disgust', 'joy', 'a_score']","{'fear': 0.0012, 'anger': -0.0, 'anticipation': 0.002, 'trust': 0.0022, 'surprise': 0.0002, 'sadness': 0.0044, 'disgust': 0.0001, 'joy': 0.0034, 'a_score': 0.3661}",KNeighborsClassifier()
KNeighborsClassifier,0.8345,0.8392,0.8345,0.7394,0.8125,0.8201,0.8125,0.8075,0.8173,0.8241,0.8173,0.8122,0.9342,not-balanced,100,10,7,5,82,kbest,"['fear', 'anger', 'anticipation', 'trust', 'surprise', 'sadness', 'disgust', 'joy', 'a_score']","{'fear': 0.0029, 'anger': 0.0001, 'anticipation': 0.0015, 'trust': 0.0011, 'surprise': 0.0017, 'sadness': 0.0065, 'disgust': -0.001, 'joy': -0.0027, 'a_score': 0.3658}",KNeighborsClassifier()
KNeighborsClassifier,0.8296,0.8329,0.8296,0.7148,0.8117,0.8206,0.8117,0.8073,0.8169,0.8263,0.8169,0.8125,0.9531,not-balanced,100,10,4,4,329,kbest,"['fear', 'anger', 'anticipation', 'trust', 'surprise', 'sadness', 'disgust', 'joy', 'a_score']","{'fear': 0.0009, 'anger': 0.0025, 'anticipation': -0.0004, 'trust': 0.0013, 'surprise': 0.0012, 'sadness': 0.0044, 'disgust': 0.0012, 'joy': 0.002, 'a_score': 0.3665}",KNeighborsClassifier()
KNeighborsClassifier,0.8385,0.8457,0.8385,0.7469,0.8058,0.8121,0.8058,0.7974,0.8155,0.822,0.8155,0.8072,0.9517,not-balanced,100,10,8,5,654,kbest,"['fear', 'anger', 'anticipation', 'trust', 'surprise', 'sadness', 'disgust', 'joy', 'a_score']","{'fear': 0.0, 'anger': 0.0029, 'anticipation': 0.0001, 'trust': 0.0022, 'surprise': 0.0006, 'sadness': 0.004, 'disgust': 0.0024, 'joy': 0.0002, 'a_score': 0.3663}",KNeighborsClassifier()
KNeighborsClassifier,0.8385,0.8457,0.8385,0.7469,0.8058,0.8121,0.8058,0.7974,0.8155,0.822,0.8155,0.8072,0.9517,not-balanced,100,10,1,1,654,kbest,"['fear', 'anger', 'anticipation', 'trust', 'surprise', 'sadness', 'disgust', 'joy', 'a_score']","{'fear': 0.0004, 'anger': 0.0036, 'anticipation': 0.001, 'trust': 0.0033, 'surprise': 0.002, 'sadness': 0.0035, 'disgust': 0.0021, 'joy': 0.0009, 'a_score': 0.3643}",KNeighborsClassifier()
KNeighborsClassifier,0.8357,0.8413,0.8357,0.7409,0.8099,0.8189,0.8099,0.8081,0.815,0.8237,0.815,0.8128,0.9447,not-balanced,100,10,5,5,66,kbest,"['fear', 'anger', 'anticipation', 'trust', 'surprise', 'sadness', 'disgust', 'joy', 'a_score']","{'fear': 0.0053, 'anger': 0.0026, 'anticipation': 0.0021, 'trust': 0.0046, 'surprise': 0.0023, 'sadness': 0.006, 'disgust': 0.0029, 'joy': 0.0003, 'a_score': 0.3741}",KNeighborsClassifier()
KNeighborsClassifier,0.8324,0.8327,0.8324,0.7122,0.8082,0.8282,0.8082,0.8128,0.8148,0.8345,0.8148,0.8191,0.9545,not-balanced,100,10,2,1,330,kbest,"['fear', 'anger', 'anticipation', 'trust', 'surprise', 'sadness', 'disgust', 'joy', 'a_score']","{'fear': 0.0006, 'anger': -0.0012, 'anticipation': 0.0016, 'trust': 0.0039, 'surprise': 0.0014, 'sadness': 0.0029, 'disgust': 0.0013, 'joy': 0.0037, 'a_score': 0.3957}",KNeighborsClassifier()
KNeighborsClassifier,0.8272,0.8364,0.8272,0.7483,0.807,0.8151,0.807,0.8008,0.8147,0.8227,0.8147,0.8088,0.9545,not-balanced,100,10,2,5,928,kbest,"['fear', 'anger', 'anticipation', 'trust', 'surprise', 'sadness', 'disgust', 'joy', 'a_score']","{'fear': 0.0029, 'anger': -0.0, 'anticipation': 0.0013, 'trust': 0.0021, 'surprise': 0.0023, 'sadness': 0.0029, 'disgust': -0.0008, 'joy': -0.0012, 'a_score': 0.3631}",KNeighborsClassifier()
KNeighborsClassifier,0.8382,0.8432,0.8382,0.7403,0.8129,0.8213,0.8129,0.8051,0.8147,0.8235,0.8147,0.8068,0.95,not-balanced,100,10,10,2,167,kbest,"['fear', 'anger', 'anticipation', 'trust', 'surprise', 'sadness', 'disgust', 'joy', 'a_score']","{'fear': 0.0011, 'anger': 0.0001, 'anticipation': 0.0016, 'trust': 0.0027, 'surprise': 0.0031, 'sadness': 0.0057, 'disgust': 0.0016, 'joy': 0.0035, 'a_score': 0.3626}",KNeighborsClassifier()
KNeighborsClassifier,0.8433,0.8579,0.8433,0.7777,0.8108,0.8346,0.8108,0.8165,0.8146,0.8369,0.8146,0.8198,0.9493,not-balanced,100,10,3,2,457,kbest,"['fear', 'anger', 'anticipation', 'trust', 'surprise', 'sadness', 'disgust', 'joy', 'a_score']","{'fear': 0.0005, 'anger': 0.0017, 'anticipation': 0.0002, 'trust': 0.0019, 'surprise': 0.003, 'sadness': 0.0011, 'disgust': 0.0023, 'joy': 0.0041, 'a_score': 0.396}",KNeighborsClassifier()
KNeighborsClassifier,0.831,0.843,0.831,0.7481,0.8139,0.8368,0.8139,0.8191,0.8142,0.8377,0.8142,0.8194,0.9521,not-balanced,100,10,10,5,745,kbest,"['fear', 'anger', 'anticipation', 'trust', 'surprise', 'sadness', 'disgust', 'joy', 'a_score']","{'fear': -0.0006, 'anger': 0.0008, 'anticipation': 0.0009, 'trust': 0.0058, 'surprise': 0.0007, 'sadness': 0.0012, 'disgust': 0.0017, 'joy': 0.0054, 'a_score': 0.3947}",KNeighborsClassifier()
KNeighborsClassifier,0.8286,0.8384,0.8286,0.7547,0.8062,0.835,0.8062,0.8121,0.8134,0.8397,0.8134,0.8189,0.9531,not-balanced,100,10,8,1,840,kbest,"['fear', 'anger', 'anticipation', 'trust', 'surprise', 'sadness', 'disgust', 'joy', 'a_score']","{'fear': 0.0016, 'anger': 0.0018, 'anticipation': 0.0013, 'trust': 0.0034, 'surprise': 0.0034, 'sadness': 0.0052, 'disgust': 0.0013, 'joy': 0.0005, 'a_score': 0.3996}",KNeighborsClassifier()
KNeighborsClassifier,0.8307,0.84,0.8307,0.7532,0.8133,0.8382,0.8133,0.8187,0.8129,0.8364,0.8129,0.8179,0.9567,not-balanced,100,10,5,2,938,kbest,"['fear', 'anger', 'anticipation', 'trust', 'surprise', 'sadness', 'disgust', 'joy', 'a_score']","{'fear': 0.0021, 'anger': 0.0029, 'anticipation': 0.0004, 'trust': 0.0006, 'surprise': 0.0032, 'sadness': 0.0079, 'disgust': -0.0001, 'joy': 0.0025, 'a_score': 0.3947}",KNeighborsClassifier()
KNeighborsClassifier,0.8216,0.8404,0.8216,0.7621,0.8079,0.8314,0.8079,0.8136,0.8128,0.8347,0.8128,0.8179,0.9528,not-balanced,100,10,2,2,644,kbest,"['fear', 'anger', 'anticipation', 'trust', 'surprise', 'sadness', 'disgust', 'joy', 'a_score']","{'fear': 0.0015, 'anger': 0.0023, 'anticipation': 0.0017, 'trust': 0.001, 'surprise': 0.004, 'sadness': 0.0035, 'disgust': 0.0033, 'joy': -0.0002, 'a_score': 0.3984}",KNeighborsClassifier()
