Algorithm,Train Accuracy,Train Precision,Train Recall,Train F1 Score,Test Accuracy,Test Precision,Test Recall,Test F1 Score,Val. Accuracy,Val. Precision,Val. Recall,Val. F1 Score,AUC,Bal. Strategy,% of Features,Folds,Fold,Execution,Random State,Feat. Selec. Strategy,Features,Features Importance,Model
MLPClassifier,0.6026,0.6244,0.6026,0.4599,0.7112,0.7194,0.7112,0.6814,0.7178,0.7232,0.7178,0.6891,0.7735,not-balanced,100,10,9,5,351,kbest,"['fear', 'anger', 'anticipation', 'trust', 'surprise', 'sadness', 'disgust', 'joy', 'a_score']","{'fear': 0.0134, 'anger': 0.0107, 'anticipation': 0.0148, 'trust': 0.0174, 'surprise': 0.0079, 'sadness': 0.0196, 'disgust': 0.0105, 'joy': 0.0139, 'a_score': 0.2551}",MLPClassifier()
MLPClassifier,0.636,0.6581,0.636,0.5025,0.6506,0.6457,0.6506,0.6393,0.6609,0.6575,0.6609,0.6505,0.7796,not-balanced,100,10,3,1,664,kbest,"['fear', 'anger', 'anticipation', 'trust', 'surprise', 'sadness', 'disgust', 'joy', 'a_score']","{'fear': 0.0076, 'anger': 0.001, 'anticipation': 0.0098, 'trust': 0.0188, 'surprise': 0.0022, 'sadness': 0.0058, 'disgust': 0.0054, 'joy': 0.003, 'a_score': 0.2049}",MLPClassifier()
MLPClassifier,0.5937,0.6067,0.5937,0.4556,0.6592,0.6598,0.6592,0.6445,0.6596,0.6666,0.6596,0.645,0.7666,not-balanced,100,10,10,2,929,kbest,"['fear', 'anger', 'anticipation', 'trust', 'surprise', 'sadness', 'disgust', 'joy', 'a_score']","{'fear': 0.0165, 'anger': 0.0044, 'anticipation': 0.0037, 'trust': 0.0166, 'surprise': 0.0056, 'sadness': 0.0135, 'disgust': 0.0086, 'joy': 0.0193, 'a_score': 0.197}",MLPClassifier()
MLPClassifier,0.5872,0.6044,0.5872,0.4471,0.6405,0.6527,0.6405,0.6301,0.6492,0.6622,0.6492,0.6398,0.7616,not-balanced,100,10,9,3,311,kbest,"['fear', 'anger', 'anticipation', 'trust', 'surprise', 'sadness', 'disgust', 'joy', 'a_score']","{'fear': 0.0033, 'anger': 0.0001, 'anticipation': -0.0013, 'trust': 0.0164, 'surprise': 0.0038, 'sadness': 0.007, 'disgust': 0.0046, 'joy': 0.0039, 'a_score': 0.1849}",MLPClassifier()
MLPClassifier,0.5977,0.6197,0.5977,0.482,0.6361,0.6327,0.6361,0.6285,0.6463,0.6439,0.6463,0.6392,0.7528,not-balanced,100,10,5,4,142,kbest,"['fear', 'anger', 'anticipation', 'trust', 'surprise', 'sadness', 'disgust', 'joy', 'a_score']","{'fear': 0.0185, 'anger': 0.0048, 'anticipation': 0.0055, 'trust': 0.0168, 'surprise': 0.0046, 'sadness': 0.0124, 'disgust': 0.0022, 'joy': 0.0147, 'a_score': 0.1803}",MLPClassifier()
MLPClassifier,0.607,0.6214,0.607,0.4744,0.6162,0.6943,0.6162,0.5493,0.6244,0.7083,0.6244,0.56,0.7698,not-balanced,100,10,2,2,16,kbest,"['fear', 'anger', 'anticipation', 'trust', 'surprise', 'sadness', 'disgust', 'joy', 'a_score']","{'fear': 0.0069, 'anger': 0.0049, 'anticipation': 0.0039, 'trust': 0.0091, 'surprise': 0.005, 'sadness': 0.0027, 'disgust': 0.0034, 'joy': 0.0054, 'a_score': 0.1956}",MLPClassifier()
MLPClassifier,0.5956,0.6142,0.5956,0.4606,0.6199,0.633,0.6199,0.5783,0.6233,0.6349,0.6233,0.5812,0.7618,not-balanced,100,10,1,5,698,kbest,"['fear', 'anger', 'anticipation', 'trust', 'surprise', 'sadness', 'disgust', 'joy', 'a_score']","{'fear': 0.0196, 'anger': 0.0047, 'anticipation': 0.0056, 'trust': 0.0085, 'surprise': 0.0045, 'sadness': 0.0068, 'disgust': 0.007, 'joy': 0.0044, 'a_score': 0.1486}",MLPClassifier()
MLPClassifier,0.6198,0.6323,0.6198,0.4814,0.6206,0.6433,0.6206,0.5708,0.6231,0.6536,0.6231,0.5742,0.7823,not-balanced,100,10,9,4,118,kbest,"['fear', 'anger', 'anticipation', 'trust', 'surprise', 'sadness', 'disgust', 'joy', 'a_score']","{'fear': 0.0054, 'anger': 0.0041, 'anticipation': 0.0064, 'trust': 0.006, 'surprise': 0.0049, 'sadness': 0.002, 'disgust': 0.0053, 'joy': 0.0038, 'a_score': 0.1577}",MLPClassifier()
MLPClassifier,0.6046,0.6361,0.6046,0.4814,0.6096,0.6273,0.6096,0.5605,0.6227,0.6454,0.6227,0.5758,0.7758,not-balanced,100,10,4,1,1,kbest,"['fear', 'anger', 'anticipation', 'trust', 'surprise', 'sadness', 'disgust', 'joy', 'a_score']","{'fear': 0.0112, 'anger': 0.0091, 'anticipation': 0.0067, 'trust': 0.0106, 'surprise': 0.0064, 'sadness': 0.0048, 'disgust': 0.0044, 'joy': 0.0088, 'a_score': 0.162}",MLPClassifier()
MLPClassifier,0.5808,0.5992,0.5808,0.4594,0.6194,0.6399,0.6194,0.5682,0.6219,0.6447,0.6219,0.5724,0.7462,not-balanced,100,10,2,3,673,kbest,"['fear', 'anger', 'anticipation', 'trust', 'surprise', 'sadness', 'disgust', 'joy', 'a_score']","{'fear': 0.0091, 'anger': 0.0038, 'anticipation': 0.0039, 'trust': 0.0057, 'surprise': 0.0019, 'sadness': 0.0102, 'disgust': 0.0039, 'joy': 0.0068, 'a_score': 0.155}",MLPClassifier()
MLPClassifier,0.6085,0.6469,0.6085,0.4971,0.6174,0.6928,0.6174,0.5494,0.6214,0.7054,0.6214,0.5552,0.761,not-balanced,100,10,4,4,187,kbest,"['fear', 'anger', 'anticipation', 'trust', 'surprise', 'sadness', 'disgust', 'joy', 'a_score']","{'fear': 0.0095, 'anger': 0.0026, 'anticipation': 0.0036, 'trust': 0.0079, 'surprise': 0.0021, 'sadness': 0.0036, 'disgust': 0.003, 'joy': 0.0056, 'a_score': 0.1886}",MLPClassifier()
MLPClassifier,0.596,0.6085,0.596,0.4365,0.6197,0.6348,0.6197,0.5652,0.6211,0.6416,0.6211,0.5673,0.756,not-balanced,100,10,3,2,325,kbest,"['fear', 'anger', 'anticipation', 'trust', 'surprise', 'sadness', 'disgust', 'joy', 'a_score']","{'fear': 0.0097, 'anger': 0.0037, 'anticipation': 0.003, 'trust': 0.0045, 'surprise': 0.003, 'sadness': 0.0035, 'disgust': 0.004, 'joy': 0.0008, 'a_score': 0.1497}",MLPClassifier()
MLPClassifier,0.5939,0.6283,0.5939,0.4811,0.6152,0.6827,0.6152,0.5504,0.6211,0.694,0.6211,0.559,0.7597,not-balanced,100,10,7,1,747,kbest,"['fear', 'anger', 'anticipation', 'trust', 'surprise', 'sadness', 'disgust', 'joy', 'a_score']","{'fear': 0.0107, 'anger': 0.0032, 'anticipation': 0.0069, 'trust': 0.0075, 'surprise': 0.0091, 'sadness': 0.0068, 'disgust': 0.0072, 'joy': 0.0051, 'a_score': 0.1878}",MLPClassifier()
MLPClassifier,0.5994,0.6142,0.5994,0.4933,0.6148,0.6335,0.6148,0.5564,0.621,0.6473,0.621,0.566,0.7608,not-balanced,100,10,10,5,184,kbest,"['fear', 'anger', 'anticipation', 'trust', 'surprise', 'sadness', 'disgust', 'joy', 'a_score']","{'fear': 0.0061, 'anger': 0.0046, 'anticipation': 0.0025, 'trust': 0.0062, 'surprise': 0.003, 'sadness': 0.0038, 'disgust': 0.0031, 'joy': 0.0024, 'a_score': 0.1564}",MLPClassifier()
MLPClassifier,0.6181,0.6445,0.6181,0.4875,0.6169,0.638,0.6169,0.5633,0.6193,0.642,0.6193,0.5671,0.775,not-balanced,100,10,7,2,187,kbest,"['fear', 'anger', 'anticipation', 'trust', 'surprise', 'sadness', 'disgust', 'joy', 'a_score']","{'fear': 0.0085, 'anger': 0.0057, 'anticipation': 0.0038, 'trust': 0.0059, 'surprise': 0.004, 'sadness': 0.0086, 'disgust': 0.0057, 'joy': 0.0037, 'a_score': 0.1523}",MLPClassifier()
MLPClassifier,0.5912,0.6087,0.5912,0.4633,0.6137,0.6314,0.6137,0.5654,0.6192,0.6424,0.6192,0.5733,0.7603,not-balanced,100,10,5,1,489,kbest,"['fear', 'anger', 'anticipation', 'trust', 'surprise', 'sadness', 'disgust', 'joy', 'a_score']","{'fear': 0.0057, 'anger': 0.0045, 'anticipation': 0.0087, 'trust': 0.0091, 'surprise': 0.0082, 'sadness': 0.0074, 'disgust': 0.0044, 'joy': 0.0029, 'a_score': 0.1617}",MLPClassifier()
MLPClassifier,0.6135,0.6291,0.6135,0.4699,0.6142,0.7003,0.6142,0.5428,0.619,0.7127,0.619,0.5489,0.7825,not-balanced,100,10,10,4,666,kbest,"['fear', 'anger', 'anticipation', 'trust', 'surprise', 'sadness', 'disgust', 'joy', 'a_score']","{'fear': 0.016, 'anger': 0.0063, 'anticipation': 0.0055, 'trust': 0.0048, 'surprise': 0.0036, 'sadness': 0.0033, 'disgust': 0.0065, 'joy': 0.0067, 'a_score': 0.192}",MLPClassifier()
MLPClassifier,0.6038,0.6105,0.6038,0.447,0.6104,0.6159,0.6104,0.5692,0.6189,0.6277,0.6189,0.5793,0.7675,not-balanced,100,10,8,5,181,kbest,"['fear', 'anger', 'anticipation', 'trust', 'surprise', 'sadness', 'disgust', 'joy', 'a_score']","{'fear': 0.0069, 'anger': 0.003, 'anticipation': 0.002, 'trust': 0.0086, 'surprise': 0.0058, 'sadness': 0.0049, 'disgust': 0.0087, 'joy': 0.0059, 'a_score': 0.1565}",MLPClassifier()
MLPClassifier,0.5992,0.6241,0.5992,0.4555,0.6076,0.6778,0.6076,0.5428,0.6187,0.6922,0.6187,0.5556,0.7547,not-balanced,100,10,10,3,579,kbest,"['fear', 'anger', 'anticipation', 'trust', 'surprise', 'sadness', 'disgust', 'joy', 'a_score']","{'fear': 0.0215, 'anger': 0.0068, 'anticipation': 0.0028, 'trust': 0.0045, 'surprise': 0.0047, 'sadness': 0.0061, 'disgust': 0.0091, 'joy': 0.0048, 'a_score': 0.1934}",MLPClassifier()
MLPClassifier,0.5991,0.614,0.5991,0.4741,0.614,0.6211,0.614,0.5748,0.6179,0.63,0.6179,0.5804,0.7622,not-balanced,100,10,7,5,254,kbest,"['fear', 'anger', 'anticipation', 'trust', 'surprise', 'sadness', 'disgust', 'joy', 'a_score']","{'fear': 0.012, 'anger': 0.0089, 'anticipation': 0.0158, 'trust': 0.0083, 'surprise': 0.0053, 'sadness': 0.0082, 'disgust': 0.0107, 'joy': 0.0064, 'a_score': 0.1528}",MLPClassifier()
MLPClassifier,0.6223,0.6292,0.6223,0.4681,0.6142,0.6298,0.6142,0.5665,0.6177,0.6367,0.6177,0.5727,0.7709,not-balanced,100,10,7,3,254,kbest,"['fear', 'anger', 'anticipation', 'trust', 'surprise', 'sadness', 'disgust', 'joy', 'a_score']","{'fear': 0.0143, 'anger': 0.0046, 'anticipation': 0.0073, 'trust': 0.0066, 'surprise': 0.0053, 'sadness': 0.0093, 'disgust': 0.0031, 'joy': 0.0044, 'a_score': 0.1514}",MLPClassifier()
MLPClassifier,0.5821,0.6005,0.5821,0.4415,0.6125,0.6256,0.6125,0.5681,0.6147,0.6294,0.6147,0.5702,0.7583,not-balanced,100,10,1,1,661,kbest,"['fear', 'anger', 'anticipation', 'trust', 'surprise', 'sadness', 'disgust', 'joy', 'a_score']","{'fear': 0.0147, 'anger': 0.007, 'anticipation': 0.0112, 'trust': 0.0076, 'surprise': 0.0117, 'sadness': 0.0129, 'disgust': 0.002, 'joy': 0.008, 'a_score': 0.1477}",MLPClassifier()
MLPClassifier,0.6039,0.6335,0.6039,0.5261,0.617,0.6263,0.617,0.5741,0.6146,0.6267,0.6146,0.5719,0.7659,not-balanced,100,10,6,3,393,kbest,"['fear', 'anger', 'anticipation', 'trust', 'surprise', 'sadness', 'disgust', 'joy', 'a_score']","{'fear': 0.0149, 'anger': 0.0021, 'anticipation': 0.0104, 'trust': 0.0046, 'surprise': 0.007, 'sadness': 0.0065, 'disgust': 0.0017, 'joy': 0.0051, 'a_score': 0.148}",MLPClassifier()
MLPClassifier,0.6156,0.6309,0.6156,0.479,0.6072,0.6238,0.6072,0.5561,0.6143,0.6322,0.6143,0.5657,0.7696,not-balanced,100,10,1,3,262,kbest,"['fear', 'anger', 'anticipation', 'trust', 'surprise', 'sadness', 'disgust', 'joy', 'a_score']","{'fear': 0.0085, 'anger': 0.0026, 'anticipation': 0.0035, 'trust': 0.0058, 'surprise': 0.006, 'sadness': 0.0086, 'disgust': 0.0111, 'joy': 0.0065, 'a_score': 0.1467}",MLPClassifier()
MLPClassifier,0.6131,0.6346,0.6131,0.4901,0.6088,0.6211,0.6088,0.5928,0.6138,0.6231,0.6138,0.5979,0.7645,not-balanced,100,10,5,5,892,kbest,"['fear', 'anger', 'anticipation', 'trust', 'surprise', 'sadness', 'disgust', 'joy', 'a_score']","{'fear': 0.011, 'anger': 0.006, 'anticipation': 0.0097, 'trust': 0.0077, 'surprise': 0.0059, 'sadness': 0.0075, 'disgust': 0.0072, 'joy': 0.0103, 'a_score': 0.146}",MLPClassifier()
MLPClassifier,0.6009,0.6179,0.6009,0.4724,0.6027,0.6587,0.6027,0.5379,0.6125,0.6745,0.6125,0.5497,0.7692,not-balanced,100,10,6,1,547,kbest,"['fear', 'anger', 'anticipation', 'trust', 'surprise', 'sadness', 'disgust', 'joy', 'a_score']","{'fear': 0.008, 'anger': 0.0052, 'anticipation': 0.0074, 'trust': 0.0058, 'surprise': 0.0104, 'sadness': 0.0085, 'disgust': 0.0089, 'joy': 0.0039, 'a_score': 0.1871}",MLPClassifier()
MLPClassifier,0.615,0.6374,0.615,0.4949,0.6043,0.6107,0.6043,0.585,0.6057,0.6236,0.6057,0.587,0.7777,not-balanced,100,10,5,3,574,kbest,"['fear', 'anger', 'anticipation', 'trust', 'surprise', 'sadness', 'disgust', 'joy', 'a_score']","{'fear': 0.0046, 'anger': 0.003, 'anticipation': 0.0145, 'trust': 0.0107, 'surprise': 0.0043, 'sadness': 0.0127, 'disgust': 0.0066, 'joy': 0.0102, 'a_score': 0.1339}",MLPClassifier()
MLPClassifier,0.613,0.6523,0.613,0.492,0.5918,0.6949,0.5918,0.5041,0.6048,0.71,0.6048,0.5213,0.7603,not-balanced,100,10,2,1,493,kbest,"['fear', 'anger', 'anticipation', 'trust', 'surprise', 'sadness', 'disgust', 'joy', 'a_score']","{'fear': 0.0042, 'anger': 0.0028, 'anticipation': 0.0009, 'trust': 0.0024, 'surprise': 0.0022, 'sadness': 0.0017, 'disgust': 0.0005, 'joy': 0.0051, 'a_score': 0.1777}",MLPClassifier()
MLPClassifier,0.6111,0.6433,0.6111,0.5017,0.5942,0.6216,0.5942,0.5331,0.6038,0.6294,0.6038,0.5453,0.7664,not-balanced,100,10,8,3,175,kbest,"['fear', 'anger', 'anticipation', 'trust', 'surprise', 'sadness', 'disgust', 'joy', 'a_score']","{'fear': 0.0088, 'anger': 0.005, 'anticipation': 0.0018, 'trust': 0.0022, 'surprise': 0.0029, 'sadness': 0.0049, 'disgust': 0.0016, 'joy': 0.0044, 'a_score': 0.1366}",MLPClassifier()
MLPClassifier,0.5891,0.5978,0.5891,0.4792,0.6035,0.7356,0.6035,0.5089,0.6036,0.7411,0.6036,0.512,0.7551,not-balanced,100,10,4,5,705,kbest,"['fear', 'anger', 'anticipation', 'trust', 'surprise', 'sadness', 'disgust', 'joy', 'a_score']","{'fear': -0.0025, 'anger': -0.0016, 'anticipation': -0.0013, 'trust': -0.0001, 'surprise': 0.0005, 'sadness': 0.0011, 'disgust': -0.0013, 'joy': 0.0002, 'a_score': 0.1789}",MLPClassifier()
MLPClassifier,0.6088,0.6354,0.6088,0.4832,0.5963,0.6103,0.5963,0.5365,0.6033,0.6258,0.6033,0.5465,0.7564,not-balanced,100,10,3,4,130,kbest,"['fear', 'anger', 'anticipation', 'trust', 'surprise', 'sadness', 'disgust', 'joy', 'a_score']","{'fear': 0.0043, 'anger': 0.0034, 'anticipation': 0.0013, 'trust': 0.0037, 'surprise': -0.0001, 'sadness': 0.0033, 'disgust': 0.0012, 'joy': -0.0007, 'a_score': 0.1382}",MLPClassifier()
MLPClassifier,0.5966,0.6215,0.5966,0.4795,0.6008,0.6071,0.6008,0.5952,0.6033,0.6112,0.6033,0.5983,0.7709,not-balanced,100,10,1,2,769,kbest,"['fear', 'anger', 'anticipation', 'trust', 'surprise', 'sadness', 'disgust', 'joy', 'a_score']","{'fear': 0.0133, 'anger': 0.0121, 'anticipation': -0.0, 'trust': 0.0076, 'surprise': 0.0079, 'sadness': 0.0126, 'disgust': 0.0034, 'joy': 0.0022, 'a_score': 0.1413}",MLPClassifier()
MLPClassifier,0.6117,0.6308,0.6117,0.4698,0.5954,0.6135,0.5954,0.5303,0.603,0.6279,0.603,0.5421,0.7664,not-balanced,100,10,4,3,184,kbest,"['fear', 'anger', 'anticipation', 'trust', 'surprise', 'sadness', 'disgust', 'joy', 'a_score']","{'fear': 0.0061, 'anger': 0.0026, 'anticipation': 0.0005, 'trust': 0.0029, 'surprise': 0.0026, 'sadness': 0.0063, 'disgust': 0.0013, 'joy': 0.0003, 'a_score': 0.1393}",MLPClassifier()
MLPClassifier,0.6063,0.6284,0.6063,0.4676,0.5953,0.6221,0.5953,0.5299,0.6029,0.6343,0.6029,0.5413,0.7575,not-balanced,100,10,9,2,336,kbest,"['fear', 'anger', 'anticipation', 'trust', 'surprise', 'sadness', 'disgust', 'joy', 'a_score']","{'fear': 0.0027, 'anger': 0.0034, 'anticipation': 0.001, 'trust': 0.0031, 'surprise': 0.0015, 'sadness': 0.0039, 'disgust': 0.0019, 'joy': 0.0015, 'a_score': 0.1416}",MLPClassifier()
MLPClassifier,0.5877,0.6132,0.5877,0.4559,0.5961,0.6149,0.5961,0.5374,0.6021,0.6248,0.6021,0.5462,0.7623,not-balanced,100,10,1,4,69,kbest,"['fear', 'anger', 'anticipation', 'trust', 'surprise', 'sadness', 'disgust', 'joy', 'a_score']","{'fear': 0.0044, 'anger': 0.006, 'anticipation': 0.0037, 'trust': 0.0045, 'surprise': 0.004, 'sadness': 0.0083, 'disgust': 0.0052, 'joy': 0.0031, 'a_score': 0.1404}",MLPClassifier()
MLPClassifier,0.6113,0.6432,0.6113,0.5075,0.5952,0.6123,0.5952,0.529,0.6011,0.6256,0.6011,0.5381,0.7616,not-balanced,100,10,6,4,942,kbest,"['fear', 'anger', 'anticipation', 'trust', 'surprise', 'sadness', 'disgust', 'joy', 'a_score']","{'fear': 0.0044, 'anger': 0.0036, 'anticipation': -0.0016, 'trust': 0.0007, 'surprise': 0.0025, 'sadness': 0.0023, 'disgust': 0.0031, 'joy': 0.0006, 'a_score': 0.1336}",MLPClassifier()
MLPClassifier,0.6121,0.6473,0.6121,0.4894,0.5938,0.6114,0.5938,0.5345,0.6007,0.6231,0.6007,0.5434,0.7593,not-balanced,100,10,2,4,505,kbest,"['fear', 'anger', 'anticipation', 'trust', 'surprise', 'sadness', 'disgust', 'joy', 'a_score']","{'fear': 0.0092, 'anger': 0.0036, 'anticipation': 0.002, 'trust': 0.0018, 'surprise': 0.0032, 'sadness': 0.0063, 'disgust': 0.0041, 'joy': 0.0027, 'a_score': 0.1319}",MLPClassifier()
MLPClassifier,0.5959,0.612,0.5959,0.4604,0.5869,0.5852,0.5869,0.5589,0.5981,0.5993,0.5981,0.5696,0.7592,not-balanced,100,10,5,2,844,kbest,"['fear', 'anger', 'anticipation', 'trust', 'surprise', 'sadness', 'disgust', 'joy', 'a_score']","{'fear': 0.0029, 'anger': 0.0048, 'anticipation': 0.0077, 'trust': 0.0067, 'surprise': 0.005, 'sadness': 0.0006, 'disgust': 0.0034, 'joy': 0.0065, 'a_score': 0.1327}",MLPClassifier()
MLPClassifier,0.6114,0.6196,0.6114,0.4641,0.5867,0.5894,0.5867,0.5497,0.5955,0.6008,0.5955,0.5594,0.7626,not-balanced,100,10,6,5,339,kbest,"['fear', 'anger', 'anticipation', 'trust', 'surprise', 'sadness', 'disgust', 'joy', 'a_score']","{'fear': 0.016, 'anger': 0.0048, 'anticipation': 0.0024, 'trust': 0.0048, 'surprise': 0.0045, 'sadness': 0.007, 'disgust': 0.004, 'joy': 0.0032, 'a_score': 0.1235}",MLPClassifier()
MLPClassifier,0.593,0.6028,0.593,0.4444,0.5836,0.5976,0.5836,0.5369,0.5944,0.6112,0.5944,0.5497,0.7583,not-balanced,100,10,2,5,439,kbest,"['fear', 'anger', 'anticipation', 'trust', 'surprise', 'sadness', 'disgust', 'joy', 'a_score']","{'fear': 0.0142, 'anger': 0.0017, 'anticipation': 0.0074, 'trust': 0.0041, 'surprise': 0.0049, 'sadness': 0.0076, 'disgust': 0.0045, 'joy': 0.0062, 'a_score': 0.164}",MLPClassifier()
MLPClassifier,0.6108,0.6425,0.6108,0.4937,0.5897,0.5889,0.5897,0.5585,0.5935,0.597,0.5935,0.5639,0.7648,not-balanced,100,10,8,1,820,kbest,"['fear', 'anger', 'anticipation', 'trust', 'surprise', 'sadness', 'disgust', 'joy', 'a_score']","{'fear': 0.0128, 'anger': 0.005, 'anticipation': 0.007, 'trust': 0.0046, 'surprise': 0.001, 'sadness': 0.006, 'disgust': 0.0056, 'joy': 0.0057, 'a_score': 0.1258}",MLPClassifier()
MLPClassifier,0.6185,0.6334,0.6185,0.478,0.5823,0.613,0.5823,0.564,0.5909,0.6134,0.5909,0.573,0.7658,not-balanced,100,10,3,5,499,kbest,"['fear', 'anger', 'anticipation', 'trust', 'surprise', 'sadness', 'disgust', 'joy', 'a_score']","{'fear': 0.008, 'anger': 0.0082, 'anticipation': 0.0027, 'trust': 0.0131, 'surprise': 0.0084, 'sadness': 0.0104, 'disgust': 0.0091, 'joy': 0.0133, 'a_score': 0.1218}",MLPClassifier()
SVC,0.5636,0.5185,0.5636,0.379,0.5842,0.5406,0.5842,0.5528,0.5901,0.5454,0.5901,0.5576,0.6636,not-balanced,100,10,2,1,422,kbest,"['fear', 'anger', 'anticipation', 'trust', 'surprise', 'sadness', 'disgust', 'joy', 'a_score']","{'fear': -0.0036, 'anger': -0.0019, 'anticipation': -0.0016, 'trust': -0.0013, 'surprise': 0.0004, 'sadness': -0.0004, 'disgust': -0.0006, 'joy': -0.0002, 'a_score': 0.12}",SVC(probability=True)
SVC,0.5663,0.5223,0.5663,0.3826,0.5843,0.5395,0.5843,0.5523,0.5895,0.5448,0.5895,0.5574,0.6667,not-balanced,100,10,3,5,283,kbest,"['fear', 'anger', 'anticipation', 'trust', 'surprise', 'sadness', 'disgust', 'joy', 'a_score']","{'fear': -0.0007, 'anger': -0.002, 'anticipation': -0.002, 'trust': -0.0021, 'surprise': -0.0003, 'sadness': -0.0012, 'disgust': -0.0003, 'joy': 0.0002, 'a_score': 0.1239}",SVC(probability=True)
SVC,0.5832,0.5398,0.5832,0.3892,0.5807,0.5346,0.5807,0.5453,0.589,0.5445,0.589,0.5548,0.6626,not-balanced,100,10,2,2,343,kbest,"['fear', 'anger', 'anticipation', 'trust', 'surprise', 'sadness', 'disgust', 'joy', 'a_score']","{'fear': -0.0031, 'anger': -0.0023, 'anticipation': -0.0029, 'trust': -0.0029, 'surprise': -0.0028, 'sadness': -0.0044, 'disgust': -0.0027, 'joy': -0.0003, 'a_score': 0.1244}",SVC(probability=True)
MLPClassifier,0.6065,0.6407,0.6065,0.4962,0.5789,0.5822,0.5789,0.5355,0.589,0.5963,0.589,0.5464,0.7631,not-balanced,100,10,4,2,140,kbest,"['fear', 'anger', 'anticipation', 'trust', 'surprise', 'sadness', 'disgust', 'joy', 'a_score']","{'fear': 0.0066, 'anger': 0.0005, 'anticipation': 0.0033, 'trust': 0.0031, 'surprise': 0.0028, 'sadness': 0.0091, 'disgust': 0.0054, 'joy': 0.006, 'a_score': 0.1189}",MLPClassifier()
SVC,0.56,0.5154,0.56,0.3795,0.5922,0.5483,0.5922,0.561,0.5889,0.5443,0.5889,0.5568,0.6551,not-balanced,100,10,1,3,192,kbest,"['fear', 'anger', 'anticipation', 'trust', 'surprise', 'sadness', 'disgust', 'joy', 'a_score']","{'fear': -0.0016, 'anger': 0.0, 'anticipation': -0.001, 'trust': -0.0023, 'surprise': 0.0001, 'sadness': 0.0001, 'disgust': -0.0002, 'joy': -0.0004, 'a_score': 0.1129}",SVC(probability=True)
SVC,0.5663,0.5214,0.5663,0.3822,0.5827,0.5393,0.5827,0.5516,0.5887,0.544,0.5887,0.5576,0.671,not-balanced,100,10,8,3,993,kbest,"['fear', 'anger', 'anticipation', 'trust', 'surprise', 'sadness', 'disgust', 'joy', 'a_score']","{'fear': -0.0024, 'anger': -0.0021, 'anticipation': 0.0002, 'trust': -0.0015, 'surprise': 0.0001, 'sadness': -0.0, 'disgust': -0.0001, 'joy': -0.0001, 'a_score': 0.1114}",SVC(probability=True)
SVC,0.561,0.5169,0.561,0.381,0.5938,0.5495,0.5938,0.5635,0.5887,0.5441,0.5887,0.5574,0.6636,not-balanced,100,10,3,2,883,kbest,"['fear', 'anger', 'anticipation', 'trust', 'surprise', 'sadness', 'disgust', 'joy', 'a_score']","{'fear': -0.0026, 'anger': 0.0002, 'anticipation': -0.0035, 'trust': -0.0034, 'surprise': -0.0, 'sadness': 0.0002, 'disgust': 0.0, 'joy': -0.0009, 'a_score': 0.1148}",SVC(probability=True)
SVC,0.5653,0.5227,0.5653,0.3835,0.5869,0.5403,0.5869,0.5561,0.5884,0.5437,0.5884,0.5572,0.6627,not-balanced,100,10,8,2,23,kbest,"['fear', 'anger', 'anticipation', 'trust', 'surprise', 'sadness', 'disgust', 'joy', 'a_score']","{'fear': -0.0016, 'anger': 0.0003, 'anticipation': -0.0033, 'trust': -0.0023, 'surprise': 0.0003, 'sadness': 0.0003, 'disgust': 0.0003, 'joy': 0.0002, 'a_score': 0.1151}",SVC(probability=True)
SVC,0.5661,0.5209,0.5661,0.3836,0.5874,0.5443,0.5874,0.557,0.5883,0.5436,0.5883,0.5573,0.6645,not-balanced,100,10,6,4,565,kbest,"['fear', 'anger', 'anticipation', 'trust', 'surprise', 'sadness', 'disgust', 'joy', 'a_score']","{'fear': -0.0032, 'anger': -0.003, 'anticipation': -0.0007, 'trust': -0.0036, 'surprise': -0.0001, 'sadness': -0.0006, 'disgust': -0.0002, 'joy': -0.0002, 'a_score': 0.1141}",SVC(probability=True)
SVC,0.5648,0.5216,0.5648,0.3833,0.577,0.5316,0.577,0.5463,0.5878,0.5431,0.5878,0.557,0.6677,not-balanced,100,10,9,5,456,kbest,"['fear', 'anger', 'anticipation', 'trust', 'surprise', 'sadness', 'disgust', 'joy', 'a_score']","{'fear': -0.0013, 'anger': -0.0023, 'anticipation': 0.0001, 'trust': -0.002, 'surprise': -0.0001, 'sadness': -0.0008, 'disgust': 0.0, 'joy': -0.0002, 'a_score': 0.1189}",SVC(probability=True)
SVC,0.5669,0.5233,0.5669,0.3813,0.5802,0.5346,0.5802,0.5495,0.5876,0.5429,0.5876,0.5568,0.6704,not-balanced,100,10,9,4,274,kbest,"['fear', 'anger', 'anticipation', 'trust', 'surprise', 'sadness', 'disgust', 'joy', 'a_score']","{'fear': -0.0014, 'anger': -0.002, 'anticipation': -0.0004, 'trust': -0.0012, 'surprise': 0.0002, 'sadness': 0.0002, 'disgust': 0.0003, 'joy': -0.0, 'a_score': 0.1152}",SVC(probability=True)
MLPClassifier,0.6286,0.6376,0.6286,0.4699,0.5801,0.5833,0.5801,0.5457,0.5875,0.5924,0.5875,0.5539,0.7734,not-balanced,100,10,6,2,166,kbest,"['fear', 'anger', 'anticipation', 'trust', 'surprise', 'sadness', 'disgust', 'joy', 'a_score']","{'fear': 0.0157, 'anger': 0.0024, 'anticipation': 0.0085, 'trust': 0.0006, 'surprise': 0.0038, 'sadness': 0.0131, 'disgust': 0.0016, 'joy': 0.0032, 'a_score': 0.1538}",MLPClassifier()
MLPClassifier,0.5941,0.6292,0.5941,0.4735,0.5835,0.5822,0.5835,0.5531,0.5869,0.59,0.5869,0.5577,0.75,not-balanced,100,10,3,3,742,kbest,"['fear', 'anger', 'anticipation', 'trust', 'surprise', 'sadness', 'disgust', 'joy', 'a_score']","{'fear': 0.0165, 'anger': 0.0042, 'anticipation': 0.0033, 'trust': 0.0045, 'surprise': 0.0092, 'sadness': 0.0079, 'disgust': 0.0044, 'joy': 0.0055, 'a_score': 0.1158}",MLPClassifier()
MLPClassifier,0.6155,0.6324,0.6155,0.4943,0.5704,0.5708,0.5704,0.5318,0.5865,0.5939,0.5865,0.5483,0.7799,not-balanced,100,10,8,2,461,kbest,"['fear', 'anger', 'anticipation', 'trust', 'surprise', 'sadness', 'disgust', 'joy', 'a_score']","{'fear': 0.0028, 'anger': 0.0028, 'anticipation': 0.0041, 'trust': 0.004, 'surprise': 0.0011, 'sadness': 0.004, 'disgust': 0.0051, 'joy': 0.0064, 'a_score': 0.112}",MLPClassifier()
SVC,0.5671,0.5227,0.5671,0.3831,0.5873,0.5432,0.5873,0.5557,0.5863,0.5416,0.5863,0.5534,0.65,not-balanced,100,10,7,4,239,kbest,"['fear', 'anger', 'anticipation', 'trust', 'surprise', 'sadness', 'disgust', 'joy', 'a_score']","{'fear': -0.0036, 'anger': -0.0027, 'anticipation': -0.0019, 'trust': -0.001, 'surprise': 0.0, 'sadness': -0.0026, 'disgust': 0.0003, 'joy': 0.0, 'a_score': 0.1174}",SVC(probability=True)
SVC,0.5666,0.5238,0.5666,0.3841,0.5822,0.5357,0.5822,0.5513,0.5861,0.5415,0.5861,0.5561,0.6733,not-balanced,100,10,7,3,372,kbest,"['fear', 'anger', 'anticipation', 'trust', 'surprise', 'sadness', 'disgust', 'joy', 'a_score']","{'fear': -0.0016, 'anger': 0.0001, 'anticipation': 0.0003, 'trust': -0.0022, 'surprise': 0.0001, 'sadness': -0.0005, 'disgust': -0.0, 'joy': 0.0001, 'a_score': 0.117}",SVC(probability=True)
SVC,0.5547,0.5105,0.5547,0.3748,0.5826,0.5392,0.5826,0.5539,0.5855,0.5409,0.5855,0.5557,0.6675,not-balanced,100,10,5,5,144,kbest,"['fear', 'anger', 'anticipation', 'trust', 'surprise', 'sadness', 'disgust', 'joy', 'a_score']","{'fear': -0.0015, 'anger': -0.0006, 'anticipation': -0.0004, 'trust': -0.0021, 'surprise': 0.0, 'sadness': 0.0002, 'disgust': 0.0002, 'joy': -0.0, 'a_score': 0.1144}",SVC(probability=True)
SVC,0.5632,0.519,0.5632,0.3808,0.5812,0.5367,0.5812,0.5527,0.5841,0.5395,0.5841,0.5547,0.6684,not-balanced,100,10,1,5,567,kbest,"['fear', 'anger', 'anticipation', 'trust', 'surprise', 'sadness', 'disgust', 'joy', 'a_score']","{'fear': -0.0035, 'anger': -0.0025, 'anticipation': -0.0002, 'trust': 0.0011, 'surprise': 0.0001, 'sadness': -0.0011, 'disgust': -0.0005, 'joy': 0.0001, 'a_score': 0.113}",SVC(probability=True)
SVC,0.5606,0.5173,0.5606,0.3767,0.577,0.5343,0.577,0.5243,0.583,0.5422,0.583,0.5306,0.6534,not-balanced,100,10,4,2,808,kbest,"['fear', 'anger', 'anticipation', 'trust', 'surprise', 'sadness', 'disgust', 'joy', 'a_score']","{'fear': 0.0008, 'anger': 0.0002, 'anticipation': 0.0003, 'trust': 0.0005, 'surprise': 0.0003, 'sadness': 0.0005, 'disgust': 0.0039, 'joy': 0.0009, 'a_score': 0.106}",SVC(probability=True)
SVC,0.5768,0.5321,0.5768,0.3799,0.5765,0.5365,0.5765,0.5235,0.5826,0.542,0.5826,0.5295,0.6536,not-balanced,100,10,1,1,746,kbest,"['fear', 'anger', 'anticipation', 'trust', 'surprise', 'sadness', 'disgust', 'joy', 'a_score']","{'fear': 0.0001, 'anger': -0.0001, 'anticipation': 0.0003, 'trust': 0.0002, 'surprise': 0.0009, 'sadness': 0.0013, 'disgust': 0.0005, 'joy': 0.0007, 'a_score': 0.1073}",SVC(probability=True)
SVC,0.5775,0.5358,0.5775,0.3747,0.5744,0.5321,0.5744,0.52,0.5825,0.5419,0.5825,0.5291,0.6512,not-balanced,100,10,4,5,569,kbest,"['fear', 'anger', 'anticipation', 'trust', 'surprise', 'sadness', 'disgust', 'joy', 'a_score']","{'fear': -0.0, 'anger': -0.0001, 'anticipation': 0.0002, 'trust': -0.0002, 'surprise': 0.0001, 'sadness': -0.0, 'disgust': 0.0006, 'joy': 0.0009, 'a_score': 0.1088}",SVC(probability=True)
SVC,0.5659,0.5231,0.5659,0.372,0.577,0.5359,0.577,0.5231,0.5825,0.5419,0.5825,0.5292,0.6469,not-balanced,100,10,4,1,321,kbest,"['fear', 'anger', 'anticipation', 'trust', 'surprise', 'sadness', 'disgust', 'joy', 'a_score']","{'fear': -0.0, 'anger': 0.0001, 'anticipation': 0.0001, 'trust': 0.0003, 'surprise': 0.0007, 'sadness': 0.0004, 'disgust': 0.0001, 'joy': 0.0009, 'a_score': 0.1058}",SVC(probability=True)
SVC,0.5788,0.5362,0.5788,0.3747,0.5737,0.5335,0.5737,0.5201,0.5825,0.542,0.5825,0.5292,0.6524,not-balanced,100,10,6,5,989,kbest,"['fear', 'anger', 'anticipation', 'trust', 'surprise', 'sadness', 'disgust', 'joy', 'a_score']","{'fear': -0.0, 'anger': 0.0002, 'anticipation': 0.0002, 'trust': 0.0001, 'surprise': 0.0001, 'sadness': 0.0002, 'disgust': 0.0006, 'joy': 0.0006, 'a_score': 0.1101}",SVC(probability=True)
SVC,0.5662,0.5216,0.5662,0.374,0.5742,0.5347,0.5742,0.5209,0.5825,0.5419,0.5825,0.5294,0.6492,not-balanced,100,10,5,2,322,kbest,"['fear', 'anger', 'anticipation', 'trust', 'surprise', 'sadness', 'disgust', 'joy', 'a_score']","{'fear': -0.0003, 'anger': 0.0001, 'anticipation': 0.0004, 'trust': -0.0, 'surprise': 0.0007, 'sadness': 0.0016, 'disgust': 0.0008, 'joy': 0.0005, 'a_score': 0.1094}",SVC(probability=True)
SVC,0.5659,0.5221,0.5659,0.3697,0.5822,0.5435,0.5822,0.5296,0.5825,0.542,0.5825,0.5292,0.6439,not-balanced,100,10,10,2,106,kbest,"['fear', 'anger', 'anticipation', 'trust', 'surprise', 'sadness', 'disgust', 'joy', 'a_score']","{'fear': 0.0, 'anger': 0.0, 'anticipation': 0.0, 'trust': -0.0001, 'surprise': 0.0003, 'sadness': 0.0002, 'disgust': 0.0, 'joy': 0.0009, 'a_score': 0.1043}",SVC(probability=True)
SVC,0.5732,0.5301,0.5732,0.3734,0.5767,0.5367,0.5767,0.5235,0.5825,0.542,0.5825,0.5292,0.6516,not-balanced,100,10,4,4,798,kbest,"['fear', 'anger', 'anticipation', 'trust', 'surprise', 'sadness', 'disgust', 'joy', 'a_score']","{'fear': -0.0002, 'anger': -0.0, 'anticipation': 0.0, 'trust': 0.0001, 'surprise': 0.0002, 'sadness': 0.0002, 'disgust': 0.0, 'joy': 0.0005, 'a_score': 0.1063}",SVC(probability=True)
SVC,0.5659,0.5221,0.5659,0.3697,0.5822,0.5435,0.5822,0.5296,0.5825,0.542,0.5825,0.5292,0.6443,not-balanced,100,10,5,3,106,kbest,"['fear', 'anger', 'anticipation', 'trust', 'surprise', 'sadness', 'disgust', 'joy', 'a_score']","{'fear': 0.0, 'anger': 0.0, 'anticipation': 0.0001, 'trust': -0.0, 'surprise': 0.0002, 'sadness': 0.0003, 'disgust': 0.0, 'joy': 0.0008, 'a_score': 0.1058}",SVC(probability=True)
SVC,0.5821,0.5408,0.5821,0.377,0.5679,0.5251,0.5679,0.513,0.5825,0.5419,0.5825,0.5291,0.6546,not-balanced,100,10,6,2,120,kbest,"['fear', 'anger', 'anticipation', 'trust', 'surprise', 'sadness', 'disgust', 'joy', 'a_score']","{'fear': -0.0003, 'anger': 0.0001, 'anticipation': 0.0001, 'trust': -0.0001, 'surprise': 0.0001, 'sadness': 0.0003, 'disgust': 0.0006, 'joy': 0.0006, 'a_score': 0.115}",SVC(probability=True)
SVC,0.5771,0.5339,0.5771,0.3742,0.5755,0.5356,0.5755,0.5217,0.5825,0.5419,0.5825,0.5291,0.6502,not-balanced,100,10,3,3,712,kbest,"['fear', 'anger', 'anticipation', 'trust', 'surprise', 'sadness', 'disgust', 'joy', 'a_score']","{'fear': -0.0001, 'anger': -0.0001, 'anticipation': 0.0002, 'trust': 0.0001, 'surprise': 0.0007, 'sadness': 0.0001, 'disgust': 0.0, 'joy': 0.0007, 'a_score': 0.108}",SVC(probability=True)
SVC,0.5806,0.5367,0.5806,0.3766,0.5708,0.5321,0.5708,0.5167,0.5825,0.5419,0.5825,0.5291,0.6481,not-balanced,100,10,1,4,446,kbest,"['fear', 'anger', 'anticipation', 'trust', 'surprise', 'sadness', 'disgust', 'joy', 'a_score']","{'fear': 0.0002, 'anger': 0.0001, 'anticipation': -0.0, 'trust': -0.0001, 'surprise': 0.0, 'sadness': 0.0004, 'disgust': 0.0001, 'joy': 0.0006, 'a_score': 0.1136}",SVC(probability=True)
SVC,0.5801,0.5395,0.5801,0.3751,0.5721,0.529,0.5721,0.5184,0.5824,0.5419,0.5824,0.529,0.6471,not-balanced,100,10,8,4,276,kbest,"['fear', 'anger', 'anticipation', 'trust', 'surprise', 'sadness', 'disgust', 'joy', 'a_score']","{'fear': -0.0001, 'anger': 0.0, 'anticipation': 0.0001, 'trust': -0.0, 'surprise': -0.0, 'sadness': 0.0003, 'disgust': 0.0, 'joy': 0.0006, 'a_score': 0.1105}",SVC(probability=True)
SVC,0.5721,0.5266,0.5721,0.374,0.5793,0.5435,0.5793,0.5256,0.5824,0.5418,0.5824,0.5289,0.6451,not-balanced,100,10,10,3,631,kbest,"['fear', 'anger', 'anticipation', 'trust', 'surprise', 'sadness', 'disgust', 'joy', 'a_score']","{'fear': -0.0003, 'anger': 0.0001, 'anticipation': 0.0001, 'trust': 0.0, 'surprise': 0.0002, 'sadness': 0.0002, 'disgust': 0.0002, 'joy': 0.0009, 'a_score': 0.1053}",SVC(probability=True)
SVC,0.5647,0.5194,0.5647,0.374,0.5766,0.5379,0.5766,0.5227,0.5823,0.5416,0.5823,0.5289,0.6485,not-balanced,100,10,7,1,764,kbest,"['fear', 'anger', 'anticipation', 'trust', 'surprise', 'sadness', 'disgust', 'joy', 'a_score']","{'fear': 0.0, 'anger': 0.0001, 'anticipation': 0.0, 'trust': 0.0001, 'surprise': 0.0007, 'sadness': 0.0004, 'disgust': 0.0001, 'joy': 0.0006, 'a_score': 0.1089}",SVC(probability=True)
SVC,0.5712,0.5259,0.5712,0.3835,0.5737,0.5347,0.5737,0.5214,0.5821,0.541,0.5821,0.5301,0.6515,not-balanced,100,10,3,1,566,kbest,"['fear', 'anger', 'anticipation', 'trust', 'surprise', 'sadness', 'disgust', 'joy', 'a_score']","{'fear': -0.0004, 'anger': -0.0002, 'anticipation': 0.0004, 'trust': 0.001, 'surprise': 0.0003, 'sadness': -0.0009, 'disgust': 0.0027, 'joy': 0.0036, 'a_score': 0.1089}",SVC(probability=True)
SVC,0.5549,0.5122,0.5549,0.3743,0.5779,0.5355,0.5779,0.5254,0.582,0.5409,0.582,0.5302,0.6478,not-balanced,100,10,10,4,251,kbest,"['fear', 'anger', 'anticipation', 'trust', 'surprise', 'sadness', 'disgust', 'joy', 'a_score']","{'fear': -0.0, 'anger': 0.0004, 'anticipation': 0.0004, 'trust': 0.0003, 'surprise': 0.0003, 'sadness': 0.0011, 'disgust': 0.0007, 'joy': 0.0045, 'a_score': 0.1092}",SVC(probability=True)
SVC,0.5792,0.537,0.5792,0.3766,0.5728,0.531,0.5728,0.5198,0.582,0.541,0.582,0.5297,0.648,not-balanced,100,10,6,3,600,kbest,"['fear', 'anger', 'anticipation', 'trust', 'surprise', 'sadness', 'disgust', 'joy', 'a_score']","{'fear': 0.0002, 'anger': -0.0, 'anticipation': 0.0004, 'trust': -0.0001, 'surprise': 0.0001, 'sadness': -0.0002, 'disgust': 0.0001, 'joy': 0.0037, 'a_score': 0.1119}",SVC(probability=True)
SVC,0.5704,0.526,0.5704,0.3858,0.5755,0.5317,0.5755,0.5468,0.5819,0.5376,0.5819,0.5535,0.6667,not-balanced,100,10,1,2,219,kbest,"['fear', 'anger', 'anticipation', 'trust', 'surprise', 'sadness', 'disgust', 'joy', 'a_score']","{'fear': -0.0018, 'anger': -0.0002, 'anticipation': 0.0008, 'trust': 0.0016, 'surprise': 0.0, 'sadness': -0.0005, 'disgust': -0.0004, 'joy': 0.0002, 'a_score': 0.1145}",SVC(probability=True)
SVC,0.5754,0.5306,0.5754,0.3734,0.573,0.5349,0.573,0.5211,0.5819,0.5409,0.5819,0.5296,0.6484,not-balanced,100,10,2,3,488,kbest,"['fear', 'anger', 'anticipation', 'trust', 'surprise', 'sadness', 'disgust', 'joy', 'a_score']","{'fear': -0.0, 'anger': -0.0001, 'anticipation': 0.0007, 'trust': 0.0004, 'surprise': 0.0004, 'sadness': -0.0, 'disgust': 0.0001, 'joy': 0.0039, 'a_score': 0.1078}",SVC(probability=True)
SVC,0.5681,0.5248,0.5681,0.3766,0.5781,0.5354,0.5781,0.5262,0.5818,0.5408,0.5818,0.5295,0.6457,not-balanced,100,10,2,5,704,kbest,"['fear', 'anger', 'anticipation', 'trust', 'surprise', 'sadness', 'disgust', 'joy', 'a_score']","{'fear': 0.0001, 'anger': -0.0001, 'anticipation': 0.0001, 'trust': 0.0002, 'surprise': 0.0003, 'sadness': -0.0004, 'disgust': 0.0, 'joy': 0.0049, 'a_score': 0.1026}",SVC(probability=True)
SVC,0.5788,0.535,0.5788,0.3756,0.5711,0.5312,0.5711,0.5184,0.5817,0.5407,0.5817,0.5293,0.6514,not-balanced,100,10,10,5,811,kbest,"['fear', 'anger', 'anticipation', 'trust', 'surprise', 'sadness', 'disgust', 'joy', 'a_score']","{'fear': 0.0001, 'anger': 0.0, 'anticipation': 0.0006, 'trust': 0.0003, 'surprise': 0.0001, 'sadness': -0.0006, 'disgust': 0.0, 'joy': 0.0042, 'a_score': 0.1088}",SVC(probability=True)
SVC,0.554,0.51,0.554,0.3741,0.5808,0.5367,0.5808,0.5501,0.5815,0.5369,0.5815,0.5499,0.6568,not-balanced,100,10,8,1,914,kbest,"['fear', 'anger', 'anticipation', 'trust', 'surprise', 'sadness', 'disgust', 'joy', 'a_score']","{'fear': 0.002, 'anger': -0.0021, 'anticipation': -0.001, 'trust': -0.0022, 'surprise': 0.0009, 'sadness': 0.0045, 'disgust': -0.0014, 'joy': 0.0025, 'a_score': 0.1084}",SVC(probability=True)
SVC,0.5612,0.5174,0.5612,0.3804,0.5751,0.5308,0.5751,0.5476,0.5782,0.5342,0.5782,0.5509,0.6746,not-balanced,100,10,3,4,99,kbest,"['fear', 'anger', 'anticipation', 'trust', 'surprise', 'sadness', 'disgust', 'joy', 'a_score']","{'fear': -0.0014, 'anger': -0.0011, 'anticipation': 0.0014, 'trust': 0.0037, 'surprise': 0.0003, 'sadness': -0.0003, 'disgust': -0.0001, 'joy': 0.0001, 'a_score': 0.1117}",SVC(probability=True)
SVC,0.5681,0.5253,0.5681,0.3857,0.5672,0.5222,0.5672,0.5401,0.5761,0.5322,0.5761,0.5493,0.6792,not-balanced,100,10,4,3,536,kbest,"['fear', 'anger', 'anticipation', 'trust', 'surprise', 'sadness', 'disgust', 'joy', 'a_score']","{'fear': 0.0004, 'anger': -0.0006, 'anticipation': 0.0005, 'trust': 0.0026, 'surprise': 0.0017, 'sadness': -0.0002, 'disgust': 0.0, 'joy': 0.0004, 'a_score': 0.1081}",SVC(probability=True)
MLPClassifier,0.6075,0.6242,0.6075,0.4864,0.5599,0.5974,0.5599,0.5377,0.5709,0.6045,0.5709,0.5499,0.7669,not-balanced,100,10,9,1,340,kbest,"['fear', 'anger', 'anticipation', 'trust', 'surprise', 'sadness', 'disgust', 'joy', 'a_score']","{'fear': 0.0104, 'anger': 0.0001, 'anticipation': 0.0149, 'trust': 0.009, 'surprise': 0.0068, 'sadness': 0.0097, 'disgust': 0.0063, 'joy': 0.0068, 'a_score': 0.1011}",MLPClassifier()
MLPClassifier,0.6089,0.6338,0.6089,0.4803,0.5568,0.5513,0.5568,0.528,0.5678,0.5642,0.5678,0.5387,0.759,not-balanced,100,10,8,4,265,kbest,"['fear', 'anger', 'anticipation', 'trust', 'surprise', 'sadness', 'disgust', 'joy', 'a_score']","{'fear': 0.0115, 'anger': -0.0001, 'anticipation': 0.0028, 'trust': 0.0003, 'surprise': 0.005, 'sadness': 0.0126, 'disgust': 0.0001, 'joy': 0.0019, 'a_score': 0.1313}",MLPClassifier()
SVC,0.5586,0.5161,0.5586,0.3775,0.5545,0.5082,0.5545,0.5236,0.5577,0.5134,0.5577,0.5272,0.6758,not-balanced,100,10,6,1,636,kbest,"['fear', 'anger', 'anticipation', 'trust', 'surprise', 'sadness', 'disgust', 'joy', 'a_score']","{'fear': -0.0017, 'anger': -0.0004, 'anticipation': 0.0003, 'trust': 0.0001, 'surprise': -0.0, 'sadness': -0.0032, 'disgust': -0.002, 'joy': 0.0003, 'a_score': 0.0896}",SVC(probability=True)
SVC,0.5613,0.5191,0.5613,0.3799,0.5489,0.5049,0.5489,0.523,0.5533,0.5101,0.5533,0.5266,0.6513,not-balanced,100,10,8,5,62,kbest,"['fear', 'anger', 'anticipation', 'trust', 'surprise', 'sadness', 'disgust', 'joy', 'a_score']","{'fear': -0.0024, 'anger': -0.0025, 'anticipation': -0.002, 'trust': -0.005, 'surprise': -0.0, 'sadness': 0.0001, 'disgust': 0.0, 'joy': -0.0016, 'a_score': 0.0761}",SVC(probability=True)
SVC,0.5513,0.5072,0.5513,0.3721,0.5495,0.5055,0.5495,0.5199,0.5514,0.5071,0.5514,0.5212,0.6771,not-balanced,100,10,7,5,259,kbest,"['fear', 'anger', 'anticipation', 'trust', 'surprise', 'sadness', 'disgust', 'joy', 'a_score']","{'fear': 0.0007, 'anger': -0.0004, 'anticipation': 0.0001, 'trust': -0.0006, 'surprise': 0.0001, 'sadness': 0.0001, 'disgust': 0.0001, 'joy': 0.0002, 'a_score': 0.0807}",SVC(probability=True)
SVC,0.5723,0.53,0.5723,0.385,0.5451,0.5003,0.5451,0.518,0.5511,0.5077,0.5511,0.5237,0.655,not-balanced,100,10,9,2,15,kbest,"['fear', 'anger', 'anticipation', 'trust', 'surprise', 'sadness', 'disgust', 'joy', 'a_score']","{'fear': -0.0045, 'anger': -0.0026, 'anticipation': -0.0021, 'trust': -0.0031, 'surprise': 0.0, 'sadness': -0.0031, 'disgust': -0.0024, 'joy': 0.0008, 'a_score': 0.0805}",SVC(probability=True)
SVC,0.5568,0.5127,0.5568,0.379,0.5428,0.5009,0.5428,0.5168,0.551,0.5076,0.551,0.5234,0.6456,not-balanced,100,10,9,1,695,kbest,"['fear', 'anger', 'anticipation', 'trust', 'surprise', 'sadness', 'disgust', 'joy', 'a_score']","{'fear': -0.0036, 'anger': -0.0025, 'anticipation': -0.0027, 'trust': -0.0031, 'surprise': -0.0001, 'sadness': -0.0037, 'disgust': -0.0021, 'joy': -0.0001, 'a_score': 0.0809}",SVC(probability=True)
SVC,0.553,0.5072,0.553,0.3745,0.5457,0.5045,0.5457,0.517,0.5498,0.5058,0.5498,0.5203,0.6771,not-balanced,100,10,7,2,762,kbest,"['fear', 'anger', 'anticipation', 'trust', 'surprise', 'sadness', 'disgust', 'joy', 'a_score']","{'fear': 0.0014, 'anger': -0.0002, 'anticipation': 0.0, 'trust': -0.0003, 'surprise': -0.0, 'sadness': 0.0016, 'disgust': 0.0002, 'joy': -0.0003, 'a_score': 0.0835}",SVC(probability=True)
SVC,0.5486,0.5041,0.5486,0.3711,0.5455,0.5025,0.5455,0.5167,0.5496,0.5057,0.5496,0.5205,0.6805,not-balanced,100,10,2,4,817,kbest,"['fear', 'anger', 'anticipation', 'trust', 'surprise', 'sadness', 'disgust', 'joy', 'a_score']","{'fear': 0.0017, 'anger': -0.0004, 'anticipation': -0.0001, 'trust': -0.0002, 'surprise': -0.0, 'sadness': -0.0001, 'disgust': -0.0, 'joy': -0.0, 'a_score': 0.0848}",SVC(probability=True)
SVC,0.5474,0.5028,0.5474,0.3716,0.5485,0.5063,0.5485,0.5203,0.5482,0.5045,0.5482,0.5196,0.6812,not-balanced,100,10,5,1,304,kbest,"['fear', 'anger', 'anticipation', 'trust', 'surprise', 'sadness', 'disgust', 'joy', 'a_score']","{'fear': 0.0032, 'anger': -0.0, 'anticipation': 0.0002, 'trust': 0.0001, 'surprise': -0.0001, 'sadness': 0.0018, 'disgust': 0.0, 'joy': 0.0002, 'a_score': 0.0779}",SVC(probability=True)
SVC,0.5515,0.5073,0.5515,0.3735,0.5492,0.506,0.5492,0.5206,0.5482,0.5043,0.5482,0.5192,0.6762,not-balanced,100,10,9,3,237,kbest,"['fear', 'anger', 'anticipation', 'trust', 'surprise', 'sadness', 'disgust', 'joy', 'a_score']","{'fear': 0.0007, 'anger': -0.0002, 'anticipation': -0.0007, 'trust': 0.0, 'surprise': -0.0, 'sadness': 0.0001, 'disgust': 0.0, 'joy': -0.0001, 'a_score': 0.0792}",SVC(probability=True)
SVC,0.5503,0.5071,0.5503,0.3737,0.5454,0.5012,0.5454,0.5161,0.5474,0.5037,0.5474,0.5188,0.6831,not-balanced,100,10,5,4,449,kbest,"['fear', 'anger', 'anticipation', 'trust', 'surprise', 'sadness', 'disgust', 'joy', 'a_score']","{'fear': -0.0004, 'anger': -0.0001, 'anticipation': 0.0006, 'trust': -0.0009, 'surprise': -0.0, 'sadness': 0.0003, 'disgust': 0.0002, 'joy': 0.0002, 'a_score': 0.0793}",SVC(probability=True)
SVC,0.5498,0.5077,0.5498,0.3727,0.5418,0.4964,0.5418,0.5134,0.5462,0.5028,0.5462,0.5185,0.6848,not-balanced,100,10,10,1,260,kbest,"['fear', 'anger', 'anticipation', 'trust', 'surprise', 'sadness', 'disgust', 'joy', 'a_score']","{'fear': 0.0008, 'anger': 0.0001, 'anticipation': -0.0004, 'trust': -0.0004, 'surprise': -0.0001, 'sadness': 0.0001, 'disgust': -0.0002, 'joy': 0.0003, 'a_score': 0.0764}",SVC(probability=True)
MLPClassifier,0.5815,0.6038,0.5815,0.4934,0.5175,0.557,0.5175,0.4822,0.5251,0.5714,0.5251,0.4895,0.7706,not-balanced,100,10,7,4,547,kbest,"['fear', 'anger', 'anticipation', 'trust', 'surprise', 'sadness', 'disgust', 'joy', 'a_score']","{'fear': 0.0059, 'anger': 0.0021, 'anticipation': -0.0013, 'trust': 0.0039, 'surprise': 0.0036, 'sadness': 0.0082, 'disgust': -0.0027, 'joy': 0.0002, 'a_score': 0.0637}",MLPClassifier()
MLPClassifier,0.6039,0.6221,0.6039,0.4366,0.4932,0.5066,0.4932,0.4805,0.4987,0.5117,0.4987,0.4857,0.7649,not-balanced,100,10,10,1,302,kbest,"['fear', 'anger', 'anticipation', 'trust', 'surprise', 'sadness', 'disgust', 'joy', 'a_score']","{'fear': 0.0054, 'anger': 0.0006, 'anticipation': -0.0042, 'trust': 0.0002, 'surprise': 0.005, 'sadness': 0.0028, 'disgust': 0.0019, 'joy': 0.002, 'a_score': 0.0253}",MLPClassifier()
