Algorithm,Train Accuracy,Train Precision,Train Recall,Train F1 Score,Test Accuracy,Test Precision,Test Recall,Test F1 Score,Val. Accuracy,Val. Precision,Val. Recall,Val. F1 Score,AUC,Bal. Strategy,% of Features,Folds,Fold,Execution,Random State,Feat. Selec. Strategy,Features,Features Importance,Model
GaussianNB,0.5686,0.5678,0.5686,0.5912,0.5922,0.5947,0.5922,0.5775,0.594,0.5955,0.594,0.5797,0.7166,not-balanced,100,10,5,4,219,kbest,"['fear', 'anger', 'anticipation', 'trust', 'surprise', 'sadness', 'disgust', 'joy', 'a_score']","{'fear': 0.0051, 'anger': 0.0076, 'anticipation': 0.0015, 'trust': 0.003, 'surprise': 0.0003, 'sadness': 0.0014, 'disgust': 0.0032, 'joy': 0.0088, 'a_score': 0.182}",GaussianNB()
GaussianNB,0.5686,0.5678,0.5686,0.5912,0.5922,0.5947,0.5922,0.5775,0.594,0.5955,0.594,0.5797,0.7166,not-balanced,100,10,3,1,219,kbest,"['fear', 'anger', 'anticipation', 'trust', 'surprise', 'sadness', 'disgust', 'joy', 'a_score']","{'fear': 0.0045, 'anger': 0.0071, 'anticipation': 0.0025, 'trust': 0.0029, 'surprise': 0.0006, 'sadness': 0.0011, 'disgust': 0.0039, 'joy': 0.0083, 'a_score': 0.1778}",GaussianNB()
GaussianNB,0.5795,0.5788,0.5795,0.5992,0.5977,0.6011,0.5977,0.5847,0.5928,0.594,0.5928,0.5794,0.7172,not-balanced,100,10,4,4,703,kbest,"['fear', 'anger', 'anticipation', 'trust', 'surprise', 'sadness', 'disgust', 'joy', 'a_score']","{'fear': 0.0026, 'anger': 0.0003, 'anticipation': 0.0042, 'trust': 0.0016, 'surprise': 0.004, 'sadness': 0.0018, 'disgust': 0.0006, 'joy': 0.0099, 'a_score': 0.1741}",GaussianNB()
GaussianNB,0.5718,0.5711,0.5718,0.5964,0.5841,0.5858,0.5841,0.57,0.5887,0.5892,0.5887,0.5749,0.7269,not-balanced,100,10,8,4,350,kbest,"['fear', 'anger', 'anticipation', 'trust', 'surprise', 'sadness', 'disgust', 'joy', 'a_score']","{'fear': 0.0038, 'anger': -0.0005, 'anticipation': 0.0053, 'trust': 0.0033, 'surprise': 0.0041, 'sadness': 0.0003, 'disgust': 0.0002, 'joy': 0.0108, 'a_score': 0.1751}",GaussianNB()
GaussianNB,0.5506,0.5487,0.5506,0.5819,0.5896,0.5899,0.5896,0.5775,0.5879,0.5883,0.5879,0.5755,0.7186,not-balanced,100,10,10,1,173,kbest,"['fear', 'anger', 'anticipation', 'trust', 'surprise', 'sadness', 'disgust', 'joy', 'a_score']","{'fear': 0.0032, 'anger': -0.0001, 'anticipation': 0.0068, 'trust': 0.0035, 'surprise': 0.0055, 'sadness': 0.0003, 'disgust': -0.0003, 'joy': 0.0091, 'a_score': 0.1692}",GaussianNB()
GaussianNB,0.5623,0.5618,0.5623,0.5871,0.5939,0.5947,0.5939,0.5814,0.5877,0.5881,0.5877,0.5752,0.7189,not-balanced,100,10,6,3,679,kbest,"['fear', 'anger', 'anticipation', 'trust', 'surprise', 'sadness', 'disgust', 'joy', 'a_score']","{'fear': 0.0012, 'anger': -0.0007, 'anticipation': 0.0041, 'trust': 0.0004, 'surprise': -0.0003, 'sadness': 0.0127, 'disgust': 0.0022, 'joy': 0.0094, 'a_score': 0.1703}",GaussianNB()
GaussianNB,0.5385,0.5372,0.5385,0.572,0.5906,0.5899,0.5906,0.5784,0.5871,0.5873,0.5871,0.575,0.7159,not-balanced,100,10,9,1,62,kbest,"['fear', 'anger', 'anticipation', 'trust', 'surprise', 'sadness', 'disgust', 'joy', 'a_score']","{'fear': 0.0039, 'anger': 0.0021, 'anticipation': 0.0056, 'trust': 0.0008, 'surprise': 0.0028, 'sadness': -0.0006, 'disgust': 0.0075, 'joy': 0.0089, 'a_score': 0.1697}",GaussianNB()
GaussianNB,0.5612,0.5615,0.5612,0.5851,0.5869,0.5856,0.5869,0.5757,0.5836,0.5835,0.5836,0.5725,0.716,not-balanced,100,10,2,2,733,kbest,"['fear', 'anger', 'anticipation', 'trust', 'surprise', 'sadness', 'disgust', 'joy', 'a_score']","{'fear': 0.0038, 'anger': 0.0015, 'anticipation': 0.0024, 'trust': 0.0001, 'surprise': 0.001, 'sadness': 0.0001, 'disgust': 0.002, 'joy': 0.0021, 'a_score': 0.1657}",GaussianNB()
GaussianNB,0.5697,0.5683,0.5697,0.5934,0.5814,0.5811,0.5814,0.5711,0.5813,0.5811,0.5813,0.571,0.7143,not-balanced,100,10,8,1,856,kbest,"['fear', 'anger', 'anticipation', 'trust', 'surprise', 'sadness', 'disgust', 'joy', 'a_score']","{'fear': 0.0031, 'anger': 0.0002, 'anticipation': 0.0011, 'trust': 0.0002, 'surprise': 0.0047, 'sadness': 0.0021, 'disgust': 0.0008, 'joy': 0.0061, 'a_score': 0.1622}",GaussianNB()
GaussianNB,0.5697,0.5683,0.5697,0.5934,0.5814,0.5811,0.5814,0.5711,0.5813,0.5811,0.5813,0.571,0.7143,not-balanced,100,10,3,5,856,kbest,"['fear', 'anger', 'anticipation', 'trust', 'surprise', 'sadness', 'disgust', 'joy', 'a_score']","{'fear': 0.003, 'anger': -0.0009, 'anticipation': 0.0004, 'trust': -0.0001, 'surprise': 0.0041, 'sadness': 0.0023, 'disgust': 0.0005, 'joy': 0.0057, 'a_score': 0.168}",GaussianNB()
GaussianNB,0.4887,0.4941,0.4887,0.5387,0.5613,0.5793,0.5613,0.5556,0.5665,0.5825,0.5665,0.5617,0.7229,not-balanced,100,10,4,2,891,kbest,"['fear', 'anger', 'anticipation', 'trust', 'surprise', 'sadness', 'disgust', 'joy', 'a_score']","{'fear': -0.0017, 'anger': -0.0021, 'anticipation': 0.0069, 'trust': 0.0101, 'surprise': -0.0023, 'sadness': 0.0056, 'disgust': -0.0016, 'joy': 0.0069, 'a_score': 0.1515}",GaussianNB()
GaussianNB,0.5606,0.5584,0.5606,0.591,0.5579,0.5565,0.5579,0.5479,0.5628,0.5607,0.5628,0.5524,0.7237,not-balanced,100,10,9,2,777,kbest,"['fear', 'anger', 'anticipation', 'trust', 'surprise', 'sadness', 'disgust', 'joy', 'a_score']","{'fear': -0.001, 'anger': 0.0002, 'anticipation': -0.0007, 'trust': -0.0002, 'surprise': 0.0013, 'sadness': -0.0006, 'disgust': -0.0014, 'joy': 0.0042, 'a_score': 0.1447}",GaussianNB()
GaussianNB,0.5464,0.5451,0.5464,0.5756,0.5663,0.5636,0.5663,0.5543,0.5616,0.5591,0.5616,0.5501,0.7198,not-balanced,100,10,8,3,58,kbest,"['fear', 'anger', 'anticipation', 'trust', 'surprise', 'sadness', 'disgust', 'joy', 'a_score']","{'fear': -0.0026, 'anger': 0.0049, 'anticipation': 0.0003, 'trust': -0.0017, 'surprise': -0.0024, 'sadness': 0.0085, 'disgust': 0.0017, 'joy': 0.0073, 'a_score': 0.1399}",GaussianNB()
GaussianNB,0.4754,0.4794,0.4754,0.5259,0.556,0.5751,0.556,0.5497,0.5599,0.5777,0.5599,0.5538,0.7214,not-balanced,100,10,2,4,450,kbest,"['fear', 'anger', 'anticipation', 'trust', 'surprise', 'sadness', 'disgust', 'joy', 'a_score']","{'fear': -0.0006, 'anger': 0.0007, 'anticipation': 0.009, 'trust': 0.0104, 'surprise': -0.0037, 'sadness': 0.0096, 'disgust': 0.0045, 'joy': 0.0052, 'a_score': 0.1431}",GaussianNB()
GaussianNB,0.4802,0.4869,0.4802,0.5299,0.5538,0.5723,0.5538,0.5467,0.5593,0.577,0.5593,0.5533,0.7261,not-balanced,100,10,10,2,989,kbest,"['fear', 'anger', 'anticipation', 'trust', 'surprise', 'sadness', 'disgust', 'joy', 'a_score']","{'fear': 0.0021, 'anger': 0.0046, 'anticipation': 0.0056, 'trust': 0.0091, 'surprise': 0.0003, 'sadness': 0.0054, 'disgust': 0.0047, 'joy': 0.0039, 'a_score': 0.1405}",GaussianNB()
GaussianNB,0.5627,0.5613,0.5627,0.5896,0.5538,0.5504,0.5538,0.5432,0.5589,0.5563,0.5589,0.5481,0.7154,not-balanced,100,10,6,5,180,kbest,"['fear', 'anger', 'anticipation', 'trust', 'surprise', 'sadness', 'disgust', 'joy', 'a_score']","{'fear': 0.0017, 'anger': 0.0023, 'anticipation': 0.0021, 'trust': -0.0024, 'surprise': -0.0017, 'sadness': -0.0011, 'disgust': 0.002, 'joy': -0.0011, 'a_score': 0.145}",GaussianNB()
GaussianNB,0.5216,0.5183,0.5216,0.5604,0.5293,0.5252,0.5293,0.52,0.5279,0.5237,0.5279,0.5183,0.7189,not-balanced,100,10,5,2,929,kbest,"['fear', 'anger', 'anticipation', 'trust', 'surprise', 'sadness', 'disgust', 'joy', 'a_score']","{'fear': -0.0021, 'anger': -0.0029, 'anticipation': -0.007, 'trust': -0.0041, 'surprise': -0.0054, 'sadness': -0.0055, 'disgust': 0.0029, 'joy': 0.0007, 'a_score': 0.1159}",GaussianNB()
GaussianNB,0.5396,0.5371,0.5396,0.5728,0.524,0.5206,0.524,0.5154,0.5245,0.5208,0.5245,0.5159,0.7188,not-balanced,100,10,7,4,839,kbest,"['fear', 'anger', 'anticipation', 'trust', 'surprise', 'sadness', 'disgust', 'joy', 'a_score']","{'fear': -0.0034, 'anger': -0.0035, 'anticipation': -0.0075, 'trust': -0.0051, 'surprise': 0.0033, 'sadness': -0.0083, 'disgust': -0.0039, 'joy': 0.0036, 'a_score': 0.1095}",GaussianNB()
GaussianNB,0.5242,0.5218,0.5242,0.5607,0.5198,0.5158,0.5198,0.5117,0.52,0.5161,0.52,0.5113,0.7193,not-balanced,100,10,2,1,260,kbest,"['fear', 'anger', 'anticipation', 'trust', 'surprise', 'sadness', 'disgust', 'joy', 'a_score']","{'fear': -0.0051, 'anger': 0.002, 'anticipation': -0.0079, 'trust': -0.0052, 'surprise': -0.0007, 'sadness': -0.0012, 'disgust': 0.0013, 'joy': -0.0001, 'a_score': 0.0996}",GaussianNB()
GaussianNB,0.5239,0.5203,0.5239,0.5645,0.5126,0.5091,0.5126,0.5036,0.5164,0.5124,0.5164,0.5078,0.7233,not-balanced,100,10,6,2,947,kbest,"['fear', 'anger', 'anticipation', 'trust', 'surprise', 'sadness', 'disgust', 'joy', 'a_score']","{'fear': -0.0035, 'anger': -0.0033, 'anticipation': -0.0068, 'trust': -0.0033, 'surprise': 0.0012, 'sadness': -0.0016, 'disgust': -0.0016, 'joy': 0.0026, 'a_score': 0.1086}",GaussianNB()
GaussianNB,0.5198,0.5174,0.5198,0.5596,0.5042,0.5001,0.5042,0.4961,0.503,0.4992,0.503,0.4951,0.7201,not-balanced,100,10,10,3,538,kbest,"['fear', 'anger', 'anticipation', 'trust', 'surprise', 'sadness', 'disgust', 'joy', 'a_score']","{'fear': -0.0095, 'anger': -0.0074, 'anticipation': -0.0125, 'trust': -0.0079, 'surprise': -0.0053, 'sadness': -0.0007, 'disgust': -0.0068, 'joy': -0.0021, 'a_score': 0.084}",GaussianNB()
GaussianNB,0.5431,0.5413,0.5431,0.5769,0.5,0.4971,0.5,0.4925,0.5026,0.4992,0.5026,0.495,0.7217,not-balanced,100,10,10,5,583,kbest,"['fear', 'anger', 'anticipation', 'trust', 'surprise', 'sadness', 'disgust', 'joy', 'a_score']","{'fear': -0.0067, 'anger': -0.0072, 'anticipation': -0.0089, 'trust': -0.0033, 'surprise': 0.0003, 'sadness': -0.0091, 'disgust': -0.0069, 'joy': -0.0005, 'a_score': 0.0931}",GaussianNB()
GaussianNB,0.517,0.5138,0.517,0.5577,0.5029,0.4995,0.5029,0.4949,0.5013,0.4974,0.5013,0.4933,0.7209,not-balanced,100,10,8,2,908,kbest,"['fear', 'anger', 'anticipation', 'trust', 'surprise', 'sadness', 'disgust', 'joy', 'a_score']","{'fear': -0.0092, 'anger': -0.0082, 'anticipation': -0.0088, 'trust': -0.0079, 'surprise': -0.0056, 'sadness': -0.0131, 'disgust': -0.0076, 'joy': 0.0006, 'a_score': 0.0834}",GaussianNB()
GaussianNB,0.492,0.5019,0.492,0.5384,0.496,0.5148,0.496,0.479,0.4985,0.5152,0.4985,0.4809,0.7216,not-balanced,100,10,2,3,677,kbest,"['fear', 'anger', 'anticipation', 'trust', 'surprise', 'sadness', 'disgust', 'joy', 'a_score']","{'fear': -0.0063, 'anger': -0.0041, 'anticipation': 0.0017, 'trust': 0.0038, 'surprise': -0.0049, 'sadness': -0.0003, 'disgust': -0.0013, 'joy': 0.0001, 'a_score': 0.0846}",GaussianNB()
GaussianNB,0.4936,0.493,0.4936,0.5402,0.4936,0.4882,0.4936,0.4844,0.4981,0.4927,0.4981,0.4889,0.7254,not-balanced,100,10,1,1,501,kbest,"['fear', 'anger', 'anticipation', 'trust', 'surprise', 'sadness', 'disgust', 'joy', 'a_score']","{'fear': -0.0076, 'anger': -0.0049, 'anticipation': -0.001, 'trust': -0.0055, 'surprise': -0.0051, 'sadness': -0.0074, 'disgust': -0.0015, 'joy': 0.0021, 'a_score': 0.0836}",GaussianNB()
GaussianNB,0.509,0.5056,0.509,0.552,0.498,0.494,0.498,0.49,0.4981,0.494,0.4981,0.4901,0.725,not-balanced,100,10,5,1,271,kbest,"['fear', 'anger', 'anticipation', 'trust', 'surprise', 'sadness', 'disgust', 'joy', 'a_score']","{'fear': -0.0109, 'anger': -0.0075, 'anticipation': -0.0073, 'trust': -0.0067, 'surprise': -0.0039, 'sadness': -0.0034, 'disgust': -0.007, 'joy': -0.0001, 'a_score': 0.0831}",GaussianNB()
GaussianNB,0.4799,0.4756,0.4799,0.5315,0.5035,0.4998,0.5035,0.4955,0.4971,0.4924,0.4971,0.4886,0.7211,not-balanced,100,10,9,5,973,kbest,"['fear', 'anger', 'anticipation', 'trust', 'surprise', 'sadness', 'disgust', 'joy', 'a_score']","{'fear': -0.0094, 'anger': -0.005, 'anticipation': -0.0115, 'trust': -0.0087, 'surprise': -0.0082, 'sadness': -0.0016, 'disgust': 0.0013, 'joy': -0.0018, 'a_score': 0.074}",GaussianNB()
GaussianNB,0.4933,0.4903,0.4933,0.5402,0.4967,0.493,0.4967,0.4891,0.4971,0.4929,0.4971,0.489,0.7197,not-balanced,100,10,10,4,389,kbest,"['fear', 'anger', 'anticipation', 'trust', 'surprise', 'sadness', 'disgust', 'joy', 'a_score']","{'fear': -0.0103, 'anger': -0.0024, 'anticipation': -0.0084, 'trust': -0.0071, 'surprise': -0.0067, 'sadness': -0.0024, 'disgust': -0.0067, 'joy': 0.0044, 'a_score': 0.0786}",GaussianNB()
GaussianNB,0.4799,0.4756,0.4799,0.5315,0.5035,0.4998,0.5035,0.4955,0.4971,0.4924,0.4971,0.4886,0.7211,not-balanced,100,10,7,1,973,kbest,"['fear', 'anger', 'anticipation', 'trust', 'surprise', 'sadness', 'disgust', 'joy', 'a_score']","{'fear': -0.01, 'anger': -0.0057, 'anticipation': -0.0113, 'trust': -0.008, 'surprise': -0.0083, 'sadness': -0.0025, 'disgust': 0.0012, 'joy': -0.0019, 'a_score': 0.0746}",GaussianNB()
GaussianNB,0.4967,0.4929,0.4967,0.5462,0.4915,0.4878,0.4915,0.4832,0.4961,0.4918,0.4961,0.4879,0.7223,not-balanced,100,10,5,3,576,kbest,"['fear', 'anger', 'anticipation', 'trust', 'surprise', 'sadness', 'disgust', 'joy', 'a_score']","{'fear': -0.0117, 'anger': -0.0083, 'anticipation': -0.0101, 'trust': -0.0042, 'surprise': -0.0024, 'sadness': -0.0132, 'disgust': -0.008, 'joy': 0.0006, 'a_score': 0.0845}",GaussianNB()
GaussianNB,0.4929,0.4905,0.4929,0.5413,0.4925,0.4878,0.4925,0.4838,0.4945,0.4891,0.4945,0.4854,0.7203,not-balanced,100,10,7,2,892,kbest,"['fear', 'anger', 'anticipation', 'trust', 'surprise', 'sadness', 'disgust', 'joy', 'a_score']","{'fear': -0.0046, 'anger': -0.0015, 'anticipation': -0.009, 'trust': -0.0074, 'surprise': -0.0066, 'sadness': 0.0001, 'disgust': -0.0012, 'joy': 0.0012, 'a_score': 0.0769}",GaussianNB()
GaussianNB,0.4866,0.4845,0.4866,0.5379,0.4841,0.4789,0.4841,0.475,0.4941,0.4887,0.4941,0.4851,0.725,not-balanced,100,10,1,3,596,kbest,"['fear', 'anger', 'anticipation', 'trust', 'surprise', 'sadness', 'disgust', 'joy', 'a_score']","{'fear': -0.008, 'anger': -0.0078, 'anticipation': -0.0107, 'trust': -0.0023, 'surprise': -0.0069, 'sadness': -0.0011, 'disgust': 0.0011, 'joy': -0.0068, 'a_score': 0.0774}",GaussianNB()
GaussianNB,0.5055,0.5019,0.5055,0.5508,0.4895,0.4873,0.4895,0.4827,0.494,0.4907,0.494,0.4865,0.7221,not-balanced,100,10,9,3,163,kbest,"['fear', 'anger', 'anticipation', 'trust', 'surprise', 'sadness', 'disgust', 'joy', 'a_score']","{'fear': -0.0091, 'anger': -0.0043, 'anticipation': -0.004, 'trust': -0.0057, 'surprise': -0.0044, 'sadness': -0.0009, 'disgust': -0.0002, 'joy': 0.0009, 'a_score': 0.0815}",GaussianNB()
GaussianNB,0.4935,0.4916,0.4935,0.5409,0.4962,0.4917,0.4962,0.4879,0.4938,0.489,0.4938,0.4852,0.7179,not-balanced,100,10,4,3,739,kbest,"['fear', 'anger', 'anticipation', 'trust', 'surprise', 'sadness', 'disgust', 'joy', 'a_score']","{'fear': -0.0104, 'anger': -0.0065, 'anticipation': -0.0006, 'trust': -0.0072, 'surprise': -0.0055, 'sadness': -0.002, 'disgust': -0.0012, 'joy': 0.0008, 'a_score': 0.0755}",GaussianNB()
GaussianNB,0.4854,0.4807,0.4854,0.5357,0.4991,0.4951,0.4991,0.4909,0.4919,0.4869,0.4919,0.4833,0.7214,not-balanced,100,10,3,2,700,kbest,"['fear', 'anger', 'anticipation', 'trust', 'surprise', 'sadness', 'disgust', 'joy', 'a_score']","{'fear': -0.0032, 'anger': -0.0055, 'anticipation': -0.0127, 'trust': -0.0102, 'surprise': -0.0018, 'sadness': -0.0025, 'disgust': -0.006, 'joy': -0.0023, 'a_score': 0.0761}",GaussianNB()
GaussianNB,0.4845,0.481,0.4845,0.5352,0.4939,0.4907,0.4939,0.4866,0.4914,0.488,0.4914,0.4839,0.7233,not-balanced,100,10,6,4,435,kbest,"['fear', 'anger', 'anticipation', 'trust', 'surprise', 'sadness', 'disgust', 'joy', 'a_score']","{'fear': -0.009, 'anger': -0.006, 'anticipation': -0.0056, 'trust': -0.0056, 'surprise': 0.0005, 'sadness': -0.0021, 'disgust': -0.001, 'joy': -0.0078, 'a_score': 0.0718}",GaussianNB()
GaussianNB,0.4777,0.4734,0.4777,0.5295,0.4934,0.4883,0.4934,0.4848,0.4905,0.4852,0.4905,0.4817,0.7203,not-balanced,100,10,1,5,38,kbest,"['fear', 'anger', 'anticipation', 'trust', 'surprise', 'sadness', 'disgust', 'joy', 'a_score']","{'fear': -0.01, 'anger': -0.0026, 'anticipation': -0.0055, 'trust': -0.0047, 'surprise': -0.0084, 'sadness': -0.0041, 'disgust': -0.0078, 'joy': -0.0016, 'a_score': 0.0708}",GaussianNB()
GaussianNB,0.4852,0.4818,0.4852,0.5363,0.4928,0.4883,0.4928,0.4843,0.4884,0.4841,0.4884,0.4804,0.7181,not-balanced,100,10,9,4,747,kbest,"['fear', 'anger', 'anticipation', 'trust', 'surprise', 'sadness', 'disgust', 'joy', 'a_score']","{'fear': -0.0089, 'anger': -0.0093, 'anticipation': -0.0094, 'trust': -0.0021, 'surprise': -0.0055, 'sadness': -0.0022, 'disgust': -0.0084, 'joy': -0.0009, 'a_score': 0.0659}",GaussianNB()
GaussianNB,0.4725,0.4684,0.4725,0.5256,0.4912,0.4861,0.4912,0.4827,0.4883,0.4833,0.4883,0.4798,0.7199,not-balanced,100,10,4,1,17,kbest,"['fear', 'anger', 'anticipation', 'trust', 'surprise', 'sadness', 'disgust', 'joy', 'a_score']","{'fear': -0.0102, 'anger': -0.0014, 'anticipation': -0.0017, 'trust': -0.0076, 'surprise': -0.0006, 'sadness': -0.0032, 'disgust': -0.0054, 'joy': 0.0032, 'a_score': 0.0689}",GaussianNB()
GaussianNB,0.5017,0.4976,0.5017,0.549,0.4799,0.476,0.4799,0.4719,0.488,0.4836,0.488,0.4799,0.7242,not-balanced,100,10,4,5,118,kbest,"['fear', 'anger', 'anticipation', 'trust', 'surprise', 'sadness', 'disgust', 'joy', 'a_score']","{'fear': -0.0058, 'anger': -0.0047, 'anticipation': -0.0046, 'trust': -0.0023, 'surprise': -0.0057, 'sadness': -0.0063, 'disgust': 0.0011, 'joy': -0.0001, 'a_score': 0.0705}",GaussianNB()
GaussianNB,0.4855,0.481,0.4855,0.5346,0.485,0.4805,0.485,0.4771,0.4876,0.4825,0.4876,0.479,0.7221,not-balanced,100,10,3,3,713,kbest,"['fear', 'anger', 'anticipation', 'trust', 'surprise', 'sadness', 'disgust', 'joy', 'a_score']","{'fear': -0.0129, 'anger': -0.0004, 'anticipation': -0.0117, 'trust': -0.0034, 'surprise': -0.0023, 'sadness': -0.0054, 'disgust': -0.001, 'joy': -0.0003, 'a_score': 0.0703}",GaussianNB()
GaussianNB,0.4859,0.4841,0.4859,0.5362,0.484,0.4801,0.484,0.4764,0.4869,0.4823,0.4869,0.4787,0.7226,not-balanced,100,10,7,5,324,kbest,"['fear', 'anger', 'anticipation', 'trust', 'surprise', 'sadness', 'disgust', 'joy', 'a_score']","{'fear': -0.0105, 'anger': -0.0072, 'anticipation': -0.007, 'trust': -0.0013, 'surprise': -0.0005, 'sadness': -0.0028, 'disgust': -0.0061, 'joy': 0.0014, 'a_score': 0.0735}",GaussianNB()
GaussianNB,0.4883,0.4843,0.4883,0.5385,0.4842,0.4815,0.4842,0.4772,0.4868,0.4829,0.4868,0.4791,0.7225,not-balanced,100,10,8,5,612,kbest,"['fear', 'anger', 'anticipation', 'trust', 'surprise', 'sadness', 'disgust', 'joy', 'a_score']","{'fear': -0.0106, 'anger': -0.0082, 'anticipation': -0.007, 'trust': -0.0016, 'surprise': -0.001, 'sadness': -0.0038, 'disgust': -0.0051, 'joy': 0.0028, 'a_score': 0.073}",GaussianNB()
GaussianNB,0.4786,0.4745,0.4786,0.5301,0.4845,0.4798,0.4845,0.4765,0.4855,0.4807,0.4855,0.4772,0.7194,not-balanced,100,10,2,5,543,kbest,"['fear', 'anger', 'anticipation', 'trust', 'surprise', 'sadness', 'disgust', 'joy', 'a_score']","{'fear': -0.0121, 'anger': -0.0063, 'anticipation': -0.0006, 'trust': -0.0014, 'surprise': -0.0055, 'sadness': -0.006, 'disgust': 0.0002, 'joy': 0.0003, 'a_score': 0.0699}",GaussianNB()
GaussianNB,0.4806,0.4793,0.4806,0.5342,0.4769,0.4736,0.4769,0.4692,0.4848,0.4808,0.4848,0.4771,0.7263,not-balanced,100,10,7,3,292,kbest,"['fear', 'anger', 'anticipation', 'trust', 'surprise', 'sadness', 'disgust', 'joy', 'a_score']","{'fear': -0.0125, 'anger': -0.0068, 'anticipation': -0.0013, 'trust': -0.0002, 'surprise': -0.0026, 'sadness': -0.0038, 'disgust': -0.0076, 'joy': -0.0037, 'a_score': 0.0682}",GaussianNB()
GaussianNB,0.4933,0.4935,0.4933,0.543,0.4757,0.4711,0.4757,0.4675,0.4806,0.4762,0.4806,0.4727,0.7235,not-balanced,100,10,1,2,714,kbest,"['fear', 'anger', 'anticipation', 'trust', 'surprise', 'sadness', 'disgust', 'joy', 'a_score']","{'fear': -0.0125, 'anger': -0.0087, 'anticipation': -0.004, 'trust': -0.003, 'surprise': -0.007, 'sadness': -0.0056, 'disgust': -0.0088, 'joy': -0.0025, 'a_score': 0.0629}",GaussianNB()
GaussianNB,0.4826,0.4833,0.4826,0.5319,0.4716,0.4665,0.4716,0.4636,0.475,0.4701,0.475,0.4668,0.7212,not-balanced,100,10,5,5,935,kbest,"['fear', 'anger', 'anticipation', 'trust', 'surprise', 'sadness', 'disgust', 'joy', 'a_score']","{'fear': -0.0076, 'anger': -0.0065, 'anticipation': -0.0013, 'trust': -0.0002, 'surprise': -0.0076, 'sadness': -0.0029, 'disgust': -0.0025, 'joy': -0.0013, 'a_score': 0.062}",GaussianNB()
GaussianNB,0.4826,0.4833,0.4826,0.5319,0.4716,0.4665,0.4716,0.4636,0.475,0.4701,0.475,0.4668,0.7212,not-balanced,100,10,6,1,935,kbest,"['fear', 'anger', 'anticipation', 'trust', 'surprise', 'sadness', 'disgust', 'joy', 'a_score']","{'fear': -0.007, 'anger': -0.0062, 'anticipation': -0.0015, 'trust': -0.0002, 'surprise': -0.0074, 'sadness': -0.003, 'disgust': -0.0026, 'joy': -0.001, 'a_score': 0.0602}",GaussianNB()
GaussianNB,0.4879,0.4883,0.4879,0.5366,0.458,0.454,0.458,0.4505,0.4579,0.4534,0.4579,0.4499,0.7239,not-balanced,100,10,3,4,178,kbest,"['fear', 'anger', 'anticipation', 'trust', 'surprise', 'sadness', 'disgust', 'joy', 'a_score']","{'fear': -0.0057, 'anger': -0.0099, 'anticipation': -0.0049, 'trust': -0.0032, 'surprise': -0.0084, 'sadness': -0.0081, 'disgust': -0.01, 'joy': -0.0006, 'a_score': 0.0409}",GaussianNB()
GaussianNB,0.4989,0.5021,0.4989,0.5468,0.4501,0.4475,0.4501,0.4428,0.4563,0.4518,0.4563,0.4484,0.7229,not-balanced,100,10,1,4,607,kbest,"['fear', 'anger', 'anticipation', 'trust', 'surprise', 'sadness', 'disgust', 'joy', 'a_score']","{'fear': -0.016, 'anger': -0.006, 'anticipation': -0.0046, 'trust': -0.005, 'surprise': -0.0096, 'sadness': -0.0076, 'disgust': -0.0035, 'joy': -0.0035, 'a_score': 0.0423}",GaussianNB()
