Algorithm,Train Accuracy,Train Precision,Train Recall,Train F1 Score,Test Accuracy,Test Precision,Test Recall,Test F1 Score,Val. Accuracy,Val. Precision,Val. Recall,Val. F1 Score,AUC,Bal. Strategy,% of Features,Folds,Feat. Selec. Strategy,Features,Features Importance,Model
DecisionTreeClassifier,0.6866,0.5495,0.6866,0.4075,0.6985,0.7894,0.6985,0.5748,0.6347,0.4842,0.6347,0.4931,0.5208,not-balanced,50,10,kbest,['trust'],{'trust': 0.0001},DecisionTreeClassifier()
DecisionTreeClassifier,0.6864,0.5686,0.6864,0.4074,0.7009,0.4913,0.7009,0.5777,0.6347,0.4842,0.6347,0.4931,0.5189,not-balanced,50,10,kbest,['trust'],{'trust': 0.0001},DecisionTreeClassifier()
DecisionTreeClassifier,0.6885,0.537,0.6885,0.408,0.6827,0.7834,0.6827,0.5543,0.6347,0.4842,0.6347,0.4931,0.52,not-balanced,50,10,kbest,['trust'],{'trust': 0.0001},DecisionTreeClassifier()
DecisionTreeClassifier,0.6889,0.5439,0.6889,0.4083,0.6788,0.4608,0.6788,0.549,0.6347,0.4842,0.6347,0.4931,0.5184,not-balanced,50,10,kbest,['trust'],{'trust': 0.0001},DecisionTreeClassifier()
DecisionTreeClassifier,0.6891,0.5589,0.6891,0.4085,0.6773,0.4588,0.6773,0.547,0.6347,0.4842,0.6347,0.4931,0.5201,not-balanced,50,10,kbest,['trust'],{'trust': 0.0001},DecisionTreeClassifier()
DecisionTreeClassifier,0.6876,0.5021,0.6876,0.408,0.6888,0.4744,0.6888,0.5618,0.6347,0.4842,0.6347,0.4931,0.5199,not-balanced,50,10,kbest,['trust'],{'trust': 0.0002},DecisionTreeClassifier()
DecisionTreeClassifier,0.6875,0.5716,0.6875,0.4078,0.6915,0.4781,0.6915,0.5653,0.6347,0.4842,0.6347,0.4931,0.5199,not-balanced,50,10,kbest,['trust'],{'trust': 0.0002},DecisionTreeClassifier()
DecisionTreeClassifier,0.6892,0.5349,0.6892,0.4083,0.6773,0.4588,0.6773,0.547,0.6347,0.4842,0.6347,0.4931,0.5193,not-balanced,50,10,kbest,['trust'],{'trust': 0.0001},DecisionTreeClassifier()
DecisionTreeClassifier,0.6887,0.5852,0.6887,0.4093,0.677,0.4587,0.677,0.5469,0.6345,0.403,0.6345,0.4929,0.5247,not-balanced,60,10,kbest,"['trust', 'sadness']","{'trust': 0.0002, 'sadness': 0.0001}",DecisionTreeClassifier()
DecisionTreeClassifier,0.6878,0.6098,0.6878,0.4091,0.6867,0.5763,0.6867,0.5599,0.6345,0.5141,0.6345,0.4934,0.5256,not-balanced,60,10,kbest,"['trust', 'sadness']","{'trust': 0.0004, 'sadness': 0.0002}",DecisionTreeClassifier()
DecisionTreeClassifier,0.6884,0.5927,0.6884,0.4087,0.6827,0.7834,0.6827,0.5543,0.6344,0.4798,0.6344,0.4932,0.524,not-balanced,60,10,kbest,"['trust', 'sadness']","{'trust': 0.0003, 'sadness': 0.0002}",DecisionTreeClassifier()
DecisionTreeClassifier,0.6892,0.5815,0.6892,0.4088,0.677,0.4587,0.677,0.5469,0.6344,0.4841,0.6344,0.4932,0.5239,not-balanced,60,10,kbest,"['trust', 'sadness']","{'trust': 0.0003, 'sadness': 0.0002}",DecisionTreeClassifier()
DecisionTreeClassifier,0.6855,0.5984,0.6855,0.4201,0.6821,0.5586,0.6821,0.5625,0.6344,0.5776,0.6344,0.5004,0.534,not-balanced,80,10,kbest,"['fear', 'anger', 'trust', 'sadness', 'disgust']","{'fear': 0.0053, 'anger': 0.0074, 'trust': 0.0053, 'sadness': 0.0056, 'disgust': 0.0047}",DecisionTreeClassifier()
DecisionTreeClassifier,0.6869,0.6373,0.6869,0.4085,0.6966,0.486,0.6966,0.5725,0.6343,0.509,0.6343,0.4935,0.5197,not-balanced,50,10,kbest,['trust'],{'trust': 0.0007},DecisionTreeClassifier()
DecisionTreeClassifier,0.6881,0.6051,0.6881,0.4094,0.6864,0.5501,0.6864,0.5597,0.6343,0.509,0.6343,0.4935,0.5203,not-balanced,50,10,kbest,['trust'],{'trust': 0.0006},DecisionTreeClassifier()
DecisionTreeClassifier,0.6862,0.5999,0.6862,0.4162,0.6885,0.6268,0.6885,0.5708,0.634,0.5633,0.634,0.4982,0.5272,not-balanced,70,10,kbest,"['fear', 'trust', 'sadness', 'disgust']","{'fear': 0.0036, 'trust': 0.003, 'sadness': 0.0026, 'disgust': 0.0022}",DecisionTreeClassifier()
DecisionTreeClassifier,0.6855,0.6021,0.6855,0.4162,0.697,0.6176,0.697,0.58,0.6339,0.5581,0.6339,0.4976,0.5298,not-balanced,70,10,kbest,"['fear', 'trust', 'sadness', 'disgust']","{'fear': 0.004, 'trust': 0.0033, 'sadness': 0.0034, 'disgust': 0.0031}",DecisionTreeClassifier()
DecisionTreeClassifier,0.6844,0.5862,0.6844,0.4149,0.7018,0.6616,0.7018,0.5852,0.6339,0.5622,0.6339,0.4984,0.5246,not-balanced,70,10,kbest,"['fear', 'trust', 'sadness', 'disgust']","{'fear': 0.0038, 'trust': 0.0032, 'sadness': 0.0027, 'disgust': 0.0032}",DecisionTreeClassifier()
DecisionTreeClassifier,0.687,0.5319,0.687,0.4083,0.6915,0.6325,0.6915,0.5659,0.6339,0.4961,0.6339,0.4935,0.5247,not-balanced,60,10,kbest,"['trust', 'sadness']","{'trust': 0.0005, 'sadness': 0.0004}",DecisionTreeClassifier()
DecisionTreeClassifier,0.6874,0.601,0.6874,0.417,0.6806,0.6666,0.6806,0.5574,0.6339,0.5562,0.6339,0.4973,0.5303,not-balanced,70,10,kbest,"['fear', 'trust', 'sadness', 'disgust']","{'fear': 0.0027, 'trust': 0.0025, 'sadness': 0.0023, 'disgust': 0.0024}",DecisionTreeClassifier()
DecisionTreeClassifier,0.6867,0.6164,0.6867,0.4098,0.697,0.578,0.697,0.5752,0.6338,0.5081,0.6338,0.4939,0.5267,not-balanced,60,10,kbest,"['trust', 'sadness']","{'trust': 0.0009, 'sadness': 0.0005}",DecisionTreeClassifier()
DecisionTreeClassifier,0.6862,0.5986,0.6862,0.4094,0.7006,0.6196,0.7006,0.5792,0.6338,0.4976,0.6338,0.4936,0.5239,not-balanced,60,10,kbest,"['trust', 'sadness']","{'trust': 0.0008, 'sadness': 0.0004}",DecisionTreeClassifier()
DecisionTreeClassifier,0.6868,0.6316,0.6868,0.4108,0.6963,0.5465,0.6963,0.5729,0.6338,0.5081,0.6338,0.4939,0.5231,not-balanced,60,10,kbest,"['trust', 'sadness']","{'trust': 0.0008, 'sadness': 0.0005}",DecisionTreeClassifier()
DecisionTreeClassifier,0.6889,0.6206,0.6889,0.4113,0.6782,0.5679,0.6782,0.5498,0.6338,0.4976,0.6338,0.4936,0.5241,not-balanced,60,10,kbest,"['trust', 'sadness']","{'trust': 0.0007, 'sadness': 0.0003}",DecisionTreeClassifier()
DecisionTreeClassifier,0.6871,0.5655,0.6871,0.4086,0.6888,0.6305,0.6888,0.5651,0.6338,0.4976,0.6338,0.4936,0.5232,not-balanced,60,10,kbest,"['trust', 'sadness']","{'trust': 0.0006, 'sadness': 0.0002}",DecisionTreeClassifier()
DecisionTreeClassifier,0.6877,0.616,0.6877,0.4189,0.6821,0.6144,0.6821,0.5573,0.6337,0.5532,0.6337,0.4972,0.5277,not-balanced,70,10,kbest,"['fear', 'trust', 'sadness', 'disgust']","{'fear': 0.0042, 'trust': 0.0027, 'sadness': 0.0029, 'disgust': 0.0026}",DecisionTreeClassifier()
DecisionTreeClassifier,0.6885,0.6232,0.6885,0.4175,0.6791,0.6589,0.6791,0.5565,0.6336,0.5493,0.6336,0.4971,0.5262,not-balanced,70,10,kbest,"['fear', 'trust', 'sadness', 'disgust']","{'fear': 0.0038, 'trust': 0.0028, 'sadness': 0.003, 'disgust': 0.0025}",DecisionTreeClassifier()
DecisionTreeClassifier,0.6877,0.6053,0.6877,0.4188,0.6743,0.578,0.6743,0.553,0.6336,0.5556,0.6336,0.4983,0.5301,not-balanced,70,10,kbest,"['fear', 'trust', 'sadness', 'disgust']","{'fear': 0.0028, 'trust': 0.0032, 'sadness': 0.0031, 'disgust': 0.0033}",DecisionTreeClassifier()
DecisionTreeClassifier,0.6867,0.6165,0.6867,0.4191,0.69,0.5993,0.69,0.5695,0.6333,0.5489,0.6333,0.4977,0.5315,not-balanced,70,10,kbest,"['fear', 'trust', 'sadness', 'disgust']","{'fear': 0.0048, 'trust': 0.0032, 'sadness': 0.0031, 'disgust': 0.0025}",DecisionTreeClassifier()
DecisionTreeClassifier,0.686,0.5865,0.686,0.414,0.6857,0.5975,0.6857,0.5633,0.6333,0.5322,0.6333,0.4958,0.521,not-balanced,70,10,kbest,"['fear', 'anger', 'trust', 'sadness']","{'fear': 0.0033, 'anger': 0.0021, 'trust': 0.0032, 'sadness': 0.0032}",DecisionTreeClassifier()
DecisionTreeClassifier,0.6859,0.5871,0.6859,0.4194,0.6773,0.6214,0.6773,0.5567,0.6331,0.5486,0.6331,0.4985,0.5255,not-balanced,80,10,kbest,"['fear', 'anticipation', 'trust', 'sadness', 'disgust']","{'fear': 0.0054, 'anticipation': 0.0051, 'trust': 0.0055, 'sadness': 0.0067, 'disgust': 0.0047}",DecisionTreeClassifier()
DecisionTreeClassifier,0.6833,0.5816,0.6833,0.4181,0.694,0.5884,0.694,0.5795,0.6329,0.5538,0.6329,0.5003,0.5265,not-balanced,80,10,kbest,"['fear', 'anticipation', 'trust', 'sadness', 'disgust']","{'fear': 0.0066, 'anticipation': 0.0058, 'trust': 0.0066, 'sadness': 0.008, 'disgust': 0.0052}",DecisionTreeClassifier()
DecisionTreeClassifier,0.6857,0.5901,0.6857,0.4205,0.674,0.5749,0.674,0.5529,0.6326,0.5457,0.6326,0.4992,0.5233,not-balanced,80,10,kbest,"['fear', 'anticipation', 'trust', 'sadness', 'disgust']","{'fear': 0.0076, 'anticipation': 0.0049, 'trust': 0.0058, 'sadness': 0.0077, 'disgust': 0.0049}",DecisionTreeClassifier()
DecisionTreeClassifier,0.6843,0.5823,0.6843,0.4186,0.6851,0.5811,0.6851,0.567,0.6326,0.5409,0.6326,0.4982,0.5235,not-balanced,80,10,kbest,"['fear', 'anticipation', 'trust', 'sadness', 'disgust']","{'fear': 0.0063, 'anticipation': 0.0048, 'trust': 0.0055, 'sadness': 0.0062, 'disgust': 0.0047}",DecisionTreeClassifier()
DecisionTreeClassifier,0.6863,0.5978,0.6863,0.421,0.6752,0.5708,0.6752,0.5542,0.6325,0.545,0.6325,0.4993,0.5296,not-balanced,80,10,kbest,"['fear', 'anticipation', 'trust', 'sadness', 'disgust']","{'fear': 0.0066, 'anticipation': 0.0051, 'trust': 0.0061, 'sadness': 0.0069, 'disgust': 0.005}",DecisionTreeClassifier()
DecisionTreeClassifier,0.6856,0.6107,0.6856,0.4212,0.6906,0.5576,0.6906,0.5749,0.6325,0.5426,0.6325,0.4986,0.5276,not-balanced,70,10,kbest,"['fear', 'trust', 'sadness', 'disgust']","{'fear': 0.0042, 'trust': 0.0036, 'sadness': 0.004, 'disgust': 0.0049}",DecisionTreeClassifier()
DecisionTreeClassifier,0.6833,0.5782,0.6833,0.4186,0.6903,0.6152,0.6903,0.5728,0.6325,0.5425,0.6325,0.4988,0.5277,not-balanced,80,10,kbest,"['fear', 'anticipation', 'trust', 'sadness', 'disgust']","{'fear': 0.0076, 'anticipation': 0.0049, 'trust': 0.0063, 'sadness': 0.0074, 'disgust': 0.0047}",DecisionTreeClassifier()
DecisionTreeClassifier,0.6849,0.5872,0.6849,0.4198,0.6818,0.6131,0.6818,0.5598,0.6322,0.5326,0.6322,0.4976,0.5235,not-balanced,80,10,kbest,"['fear', 'anticipation', 'trust', 'sadness', 'disgust']","{'fear': 0.0069, 'anticipation': 0.0046, 'trust': 0.0058, 'sadness': 0.0074, 'disgust': 0.0045}",DecisionTreeClassifier()
DecisionTreeClassifier,0.6829,0.589,0.6829,0.4202,0.6967,0.5859,0.6967,0.582,0.6322,0.5364,0.6322,0.4981,0.5252,not-balanced,80,10,kbest,"['fear', 'anticipation', 'trust', 'sadness', 'disgust']","{'fear': 0.0065, 'anticipation': 0.006, 'trust': 0.0062, 'sadness': 0.0073, 'disgust': 0.0045}",DecisionTreeClassifier()
DecisionTreeClassifier,0.6845,0.6016,0.6845,0.4232,0.6876,0.5352,0.6876,0.5723,0.6321,0.5421,0.6321,0.4995,0.5274,not-balanced,80,10,kbest,"['fear', 'anticipation', 'trust', 'sadness', 'disgust']","{'fear': 0.0075, 'anticipation': 0.0054, 'trust': 0.0067, 'sadness': 0.0079, 'disgust': 0.005}",DecisionTreeClassifier()
DecisionTreeClassifier,0.6771,0.5743,0.6771,0.4323,0.6767,0.5873,0.6767,0.5662,0.6299,0.5456,0.6299,0.5057,0.527,not-balanced,100,10,kbest,"['fear', 'anger', 'anticipation', 'trust', 'surprise', 'sadness', 'disgust', 'joy']","{'fear': 0.0188, 'anger': 0.0156, 'anticipation': 0.017, 'trust': 0.0184, 'surprise': 0.0105, 'sadness': 0.0185, 'disgust': 0.0119, 'joy': 0.0126}",DecisionTreeClassifier()
DecisionTreeClassifier,0.6761,0.5773,0.6761,0.434,0.6849,0.578,0.6849,0.584,0.6299,0.5485,0.6299,0.5069,0.5263,not-balanced,100,10,kbest,"['fear', 'anger', 'anticipation', 'trust', 'surprise', 'sadness', 'disgust', 'joy']","{'fear': 0.0157, 'anger': 0.0144, 'anticipation': 0.0171, 'trust': 0.0187, 'surprise': 0.0105, 'sadness': 0.0169, 'disgust': 0.0128, 'joy': 0.0129}",DecisionTreeClassifier()
DecisionTreeClassifier,0.6769,0.5837,0.6769,0.437,0.6873,0.5842,0.6873,0.5831,0.6298,0.5495,0.6298,0.5076,0.527,not-balanced,100,10,kbest,"['fear', 'anger', 'anticipation', 'trust', 'surprise', 'sadness', 'disgust', 'joy']","{'fear': 0.0192, 'anger': 0.0165, 'anticipation': 0.0176, 'trust': 0.019, 'surprise': 0.0105, 'sadness': 0.0187, 'disgust': 0.0132, 'joy': 0.0112}",DecisionTreeClassifier()
DecisionTreeClassifier,0.6806,0.5913,0.6806,0.4385,0.6704,0.5803,0.6704,0.5609,0.6298,0.5503,0.6298,0.508,0.5264,not-balanced,100,10,kbest,"['fear', 'anger', 'anticipation', 'trust', 'surprise', 'sadness', 'disgust', 'joy']","{'fear': 0.016, 'anger': 0.0155, 'anticipation': 0.017, 'trust': 0.0191, 'surprise': 0.0112, 'sadness': 0.0181, 'disgust': 0.0123, 'joy': 0.0142}",DecisionTreeClassifier()
DecisionTreeClassifier,0.6756,0.5775,0.6756,0.4341,0.6889,0.5847,0.6889,0.5882,0.6292,0.5469,0.6292,0.5078,0.5219,not-balanced,100,10,kbest,"['fear', 'anger', 'anticipation', 'trust', 'surprise', 'sadness', 'disgust', 'joy']","{'fear': 0.0194, 'anger': 0.0172, 'anticipation': 0.0178, 'trust': 0.0189, 'surprise': 0.0115, 'sadness': 0.0177, 'disgust': 0.0132, 'joy': 0.0134}",DecisionTreeClassifier()
DecisionTreeClassifier,0.6779,0.5852,0.6779,0.4372,0.6782,0.5717,0.6782,0.5757,0.629,0.5461,0.629,0.5079,0.5241,not-balanced,100,10,kbest,"['fear', 'anger', 'anticipation', 'trust', 'surprise', 'sadness', 'disgust', 'joy']","{'fear': 0.0191, 'anger': 0.0153, 'anticipation': 0.0188, 'trust': 0.0196, 'surprise': 0.0106, 'sadness': 0.0172, 'disgust': 0.0128, 'joy': 0.0133}",DecisionTreeClassifier()
DecisionTreeClassifier,0.6779,0.5844,0.6779,0.4361,0.6809,0.5917,0.6809,0.5771,0.629,0.5423,0.629,0.5062,0.5266,not-balanced,100,10,kbest,"['fear', 'anger', 'anticipation', 'trust', 'surprise', 'sadness', 'disgust', 'joy']","{'fear': 0.0177, 'anger': 0.0153, 'anticipation': 0.0142, 'trust': 0.0185, 'surprise': 0.0106, 'sadness': 0.0172, 'disgust': 0.0114, 'joy': 0.013}",DecisionTreeClassifier()
DecisionTreeClassifier,0.6787,0.5792,0.6787,0.4333,0.6734,0.5995,0.6734,0.571,0.6287,0.5442,0.6287,0.5075,0.5275,not-balanced,100,10,kbest,"['fear', 'anger', 'anticipation', 'trust', 'surprise', 'sadness', 'disgust', 'joy']","{'fear': 0.0179, 'anger': 0.0121, 'anticipation': 0.0152, 'trust': 0.0185, 'surprise': 0.0103, 'sadness': 0.0167, 'disgust': 0.0129, 'joy': 0.0139}",DecisionTreeClassifier()
DecisionTreeClassifier,0.6777,0.5842,0.6777,0.4376,0.674,0.5688,0.674,0.5705,0.6287,0.5431,0.6287,0.5072,0.5258,not-balanced,100,10,kbest,"['fear', 'anger', 'anticipation', 'trust', 'surprise', 'sadness', 'disgust', 'joy']","{'fear': 0.0228, 'anger': 0.0146, 'anticipation': 0.0168, 'trust': 0.0188, 'surprise': 0.0112, 'sadness': 0.0183, 'disgust': 0.0126, 'joy': 0.0124}",DecisionTreeClassifier()
DecisionTreeClassifier,0.6778,0.5799,0.6778,0.4356,0.6671,0.5677,0.6671,0.5595,0.6287,0.5439,0.6287,0.5075,0.5279,not-balanced,100,10,kbest,"['fear', 'anger', 'anticipation', 'trust', 'surprise', 'sadness', 'disgust', 'joy']","{'fear': 0.0171, 'anger': 0.0122, 'anticipation': 0.0179, 'trust': 0.0194, 'surprise': 0.0113, 'sadness': 0.0188, 'disgust': 0.0129, 'joy': 0.0122}",DecisionTreeClassifier()
DecisionTreeClassifier,0.686,0.5203,0.686,0.2735,0.6776,0.52,0.6776,0.5501,0.4721,0.4567,0.4721,0.3049,0.5212,not-balanced,70,10,kbest,"['trust', 'surprise', 'disgust', 'joy']","{'trust': 0.0021, 'surprise': 0.0015, 'disgust': 0.0011, 'joy': 0.0022}",DecisionTreeClassifier()
DecisionTreeClassifier,0.6879,0.4733,0.6879,0.2717,0.6776,0.4592,0.6776,0.5474,0.4721,0.2229,0.4721,0.3028,0.5082,not-balanced,50,10,kbest,['joy'],{'joy': 0.0},DecisionTreeClassifier()
DecisionTreeClassifier,0.6876,0.473,0.6876,0.2716,0.6795,0.4624,0.6795,0.5503,0.4721,0.4525,0.4721,0.3029,0.5134,not-balanced,60,10,kbest,"['surprise', 'joy']","{'surprise': 0.0001, 'joy': 0.0002}",DecisionTreeClassifier()
DecisionTreeClassifier,0.6857,0.5129,0.6857,0.2733,0.6761,0.4843,0.6761,0.5474,0.4721,0.4684,0.4721,0.3051,0.5206,not-balanced,70,10,kbest,"['trust', 'surprise', 'disgust', 'joy']","{'trust': 0.0018, 'surprise': 0.0015, 'disgust': 0.0012, 'joy': 0.0017}",DecisionTreeClassifier()
DecisionTreeClassifier,0.6867,0.5216,0.6867,0.2717,0.6885,0.4743,0.6885,0.5617,0.472,0.4066,0.472,0.3029,0.5092,not-balanced,50,10,kbest,['surprise'],{'surprise': 0.0001},DecisionTreeClassifier()
DecisionTreeClassifier,0.6858,0.4901,0.6858,0.2713,0.6966,0.4852,0.6966,0.572,0.472,0.4066,0.472,0.3029,0.508,not-balanced,50,10,kbest,['surprise'],{'surprise': 0.0001},DecisionTreeClassifier()
DecisionTreeClassifier,0.6859,0.4846,0.6859,0.2714,0.6936,0.4811,0.6936,0.5681,0.472,0.4197,0.472,0.303,0.5154,not-balanced,60,10,kbest,"['surprise', 'joy']","{'surprise': 0.0002, 'joy': 0.0002}",DecisionTreeClassifier()
DecisionTreeClassifier,0.6834,0.5322,0.6834,0.2765,0.6857,0.5676,0.6857,0.5649,0.472,0.4606,0.472,0.3075,0.5247,not-balanced,80,10,kbest,"['anticipation', 'trust', 'surprise', 'disgust', 'joy']","{'anticipation': 0.0044, 'trust': 0.0043, 'surprise': 0.0035, 'disgust': 0.0023, 'joy': 0.0042}",DecisionTreeClassifier()
DecisionTreeClassifier,0.6866,0.4818,0.6866,0.2715,0.6885,0.4743,0.6885,0.5617,0.472,0.4197,0.472,0.303,0.5149,not-balanced,60,10,kbest,"['surprise', 'joy']","{'surprise': 0.0001, 'joy': 0.0001}",DecisionTreeClassifier()
DecisionTreeClassifier,0.6857,0.4747,0.6857,0.2713,0.6931,0.4807,0.6931,0.5677,0.472,0.3951,0.472,0.303,0.5137,not-balanced,60,10,kbest,"['surprise', 'joy']","{'surprise': 0.0001, 'joy': 0.0002}",DecisionTreeClassifier()
DecisionTreeClassifier,0.6837,0.5211,0.6837,0.2737,0.6948,0.5208,0.6948,0.5724,0.472,0.4496,0.472,0.3057,0.5182,not-balanced,70,10,kbest,"['trust', 'surprise', 'disgust', 'joy']","{'trust': 0.0016, 'surprise': 0.0019, 'disgust': 0.0012, 'joy': 0.0028}",DecisionTreeClassifier()
DecisionTreeClassifier,0.6865,0.4987,0.6865,0.2716,0.6848,0.469,0.6848,0.5567,0.472,0.4197,0.472,0.303,0.5151,not-balanced,60,10,kbest,"['surprise', 'joy']","{'surprise': 0.0002, 'joy': 0.0002}",DecisionTreeClassifier()
DecisionTreeClassifier,0.6871,0.5216,0.6871,0.2718,0.6848,0.469,0.6848,0.5567,0.472,0.4066,0.472,0.3029,0.5094,not-balanced,50,10,kbest,['surprise'],{'surprise': 0.0001},DecisionTreeClassifier()
DecisionTreeClassifier,0.6858,0.5006,0.6858,0.2714,0.6954,0.4839,0.6954,0.5707,0.472,0.4197,0.472,0.303,0.5164,not-balanced,60,10,kbest,"['surprise', 'joy']","{'surprise': 0.0002, 'joy': 0.0002}",DecisionTreeClassifier()
DecisionTreeClassifier,0.686,0.53,0.686,0.2716,0.6954,0.4839,0.6954,0.5707,0.472,0.4066,0.472,0.3029,0.5076,not-balanced,50,10,kbest,['surprise'],{'surprise': 0.0002},DecisionTreeClassifier()
DecisionTreeClassifier,0.6876,0.4729,0.6876,0.2716,0.6804,0.5927,0.6804,0.5519,0.472,0.4066,0.472,0.3029,0.508,not-balanced,50,10,kbest,['surprise'],{'surprise': 0.0},DecisionTreeClassifier()
DecisionTreeClassifier,0.6855,0.4909,0.6855,0.2712,0.6966,0.4852,0.6966,0.572,0.472,0.4197,0.472,0.303,0.5142,not-balanced,60,10,kbest,"['surprise', 'joy']","{'surprise': 0.0002, 'joy': 0.0002}",DecisionTreeClassifier()
DecisionTreeClassifier,0.6862,0.5198,0.6862,0.2716,0.6936,0.4811,0.6936,0.5681,0.472,0.4066,0.472,0.3029,0.5072,not-balanced,50,10,kbest,['surprise'],{'surprise': 0.0001},DecisionTreeClassifier()
DecisionTreeClassifier,0.6861,0.4709,0.6861,0.2713,0.6937,0.6737,0.6937,0.5685,0.472,0.4066,0.472,0.3029,0.5071,not-balanced,50,10,kbest,['surprise'],{'surprise': 0.0001},DecisionTreeClassifier()
DecisionTreeClassifier,0.6878,0.5232,0.6878,0.272,0.6788,0.4608,0.6788,0.549,0.472,0.4066,0.472,0.3029,0.5089,not-balanced,50,10,kbest,['surprise'],{'surprise': 0.0001},DecisionTreeClassifier()
DecisionTreeClassifier,0.6876,0.4935,0.6876,0.2718,0.6776,0.4592,0.6776,0.5474,0.472,0.4197,0.472,0.303,0.5138,not-balanced,60,10,kbest,"['surprise', 'joy']","{'surprise': 0.0002, 'joy': 0.0002}",DecisionTreeClassifier()
DecisionTreeClassifier,0.6876,0.473,0.6876,0.2716,0.6797,0.462,0.6797,0.5501,0.472,0.4197,0.472,0.303,0.513,not-balanced,60,10,kbest,"['surprise', 'joy']","{'surprise': 0.0002, 'joy': 0.0002}",DecisionTreeClassifier()
DecisionTreeClassifier,0.6876,0.4922,0.6876,0.2717,0.6797,0.462,0.6797,0.5501,0.472,0.4066,0.472,0.3029,0.5069,not-balanced,50,10,kbest,['surprise'],{'surprise': 0.0001},DecisionTreeClassifier()
DecisionTreeClassifier,0.6876,0.4783,0.6876,0.2717,0.6788,0.4608,0.6788,0.549,0.472,0.4066,0.472,0.3029,0.5134,not-balanced,60,10,kbest,"['surprise', 'joy']","{'surprise': 0.0001, 'joy': 0.0001}",DecisionTreeClassifier()
DecisionTreeClassifier,0.6837,0.5241,0.6837,0.2762,0.6767,0.5346,0.6767,0.5536,0.4718,0.4379,0.4718,0.3087,0.5233,not-balanced,80,10,kbest,"['trust', 'surprise', 'sadness', 'disgust', 'joy']","{'trust': 0.006, 'surprise': 0.0048, 'sadness': 0.005, 'disgust': 0.0049, 'joy': 0.0039}",DecisionTreeClassifier()
DecisionTreeClassifier,0.6825,0.5324,0.6825,0.277,0.6897,0.4981,0.6897,0.5693,0.4717,0.4353,0.4717,0.3087,0.5227,not-balanced,80,10,kbest,"['trust', 'surprise', 'sadness', 'disgust', 'joy']","{'trust': 0.0062, 'surprise': 0.0048, 'sadness': 0.0067, 'disgust': 0.0055, 'joy': 0.005}",DecisionTreeClassifier()
DecisionTreeClassifier,0.685,0.5056,0.685,0.2729,0.6836,0.5283,0.6836,0.5574,0.4717,0.4342,0.4717,0.3048,0.5236,not-balanced,70,10,kbest,"['trust', 'surprise', 'disgust', 'joy']","{'trust': 0.0018, 'surprise': 0.0014, 'disgust': 0.0012, 'joy': 0.0016}",DecisionTreeClassifier()
DecisionTreeClassifier,0.6845,0.5121,0.6845,0.2733,0.6864,0.5079,0.6864,0.5617,0.4717,0.4381,0.4717,0.3049,0.5219,not-balanced,70,10,kbest,"['trust', 'surprise', 'disgust', 'joy']","{'trust': 0.0017, 'surprise': 0.0022, 'disgust': 0.0012, 'joy': 0.0021}",DecisionTreeClassifier()
DecisionTreeClassifier,0.6839,0.5046,0.6839,0.2727,0.6939,0.5222,0.6939,0.5711,0.4717,0.4169,0.4717,0.3049,0.523,not-balanced,70,10,kbest,"['trust', 'surprise', 'disgust', 'joy']","{'trust': 0.0019, 'surprise': 0.0017, 'disgust': 0.0013, 'joy': 0.0026}",DecisionTreeClassifier()
DecisionTreeClassifier,0.6841,0.5368,0.6841,0.278,0.6756,0.4876,0.6756,0.5503,0.4716,0.4409,0.4716,0.3089,0.5226,not-balanced,80,10,kbest,"['trust', 'surprise', 'sadness', 'disgust', 'joy']","{'trust': 0.0059, 'surprise': 0.0041, 'sadness': 0.007, 'disgust': 0.0059, 'joy': 0.0047}",DecisionTreeClassifier()
DecisionTreeClassifier,0.682,0.5214,0.682,0.2763,0.6909,0.507,0.6909,0.5716,0.4715,0.4303,0.4715,0.3087,0.5203,not-balanced,80,10,kbest,"['trust', 'surprise', 'sadness', 'disgust', 'joy']","{'trust': 0.0064, 'surprise': 0.0044, 'sadness': 0.0056, 'disgust': 0.0054, 'joy': 0.0052}",DecisionTreeClassifier()
DecisionTreeClassifier,0.6695,0.5258,0.6695,0.2878,0.6791,0.5451,0.6791,0.5755,0.4714,0.4601,0.4714,0.3229,0.521,not-balanced,100,10,kbest,"['fear', 'anger', 'anticipation', 'trust', 'surprise', 'sadness', 'disgust', 'joy']","{'fear': 0.0189, 'anger': 0.0139, 'anticipation': 0.019, 'trust': 0.0178, 'surprise': 0.0147, 'sadness': 0.0207, 'disgust': 0.016, 'joy': 0.0143}",DecisionTreeClassifier()
DecisionTreeClassifier,0.6838,0.5166,0.6838,0.2754,0.677,0.5974,0.677,0.5523,0.4714,0.4237,0.4714,0.3077,0.5259,not-balanced,80,10,kbest,"['trust', 'surprise', 'sadness', 'disgust', 'joy']","{'trust': 0.0059, 'surprise': 0.0044, 'sadness': 0.0051, 'disgust': 0.0048, 'joy': 0.0038}",DecisionTreeClassifier()
DecisionTreeClassifier,0.6852,0.5151,0.6852,0.2744,0.6782,0.517,0.6782,0.551,0.4714,0.4175,0.4714,0.3055,0.5212,not-balanced,70,10,kbest,"['trust', 'surprise', 'sadness', 'joy']","{'trust': 0.0024, 'surprise': 0.0026, 'sadness': 0.0017, 'joy': 0.0032}",DecisionTreeClassifier()
DecisionTreeClassifier,0.6813,0.5179,0.6813,0.2751,0.6904,0.5374,0.6904,0.5692,0.4713,0.4248,0.4713,0.3081,0.5213,not-balanced,80,10,kbest,"['trust', 'surprise', 'sadness', 'disgust', 'joy']","{'trust': 0.0057, 'surprise': 0.0042, 'sadness': 0.0051, 'disgust': 0.0045, 'joy': 0.004}",DecisionTreeClassifier()
DecisionTreeClassifier,0.6713,0.5264,0.6713,0.2882,0.6665,0.5272,0.6665,0.5565,0.4712,0.4562,0.4712,0.3241,0.5205,not-balanced,100,10,kbest,"['fear', 'anger', 'anticipation', 'trust', 'surprise', 'sadness', 'disgust', 'joy']","{'fear': 0.0199, 'anger': 0.015, 'anticipation': 0.0165, 'trust': 0.0202, 'surprise': 0.0155, 'sadness': 0.0188, 'disgust': 0.0174, 'joy': 0.015}",DecisionTreeClassifier()
DecisionTreeClassifier,0.6845,0.4991,0.6845,0.2729,0.6792,0.5114,0.6792,0.5514,0.4712,0.3972,0.4712,0.3047,0.5196,not-balanced,70,10,kbest,"['trust', 'surprise', 'sadness', 'joy']","{'trust': 0.0021, 'surprise': 0.0022, 'sadness': 0.0016, 'joy': 0.0022}",DecisionTreeClassifier()
DecisionTreeClassifier,0.6832,0.5225,0.6832,0.2759,0.6809,0.5439,0.6809,0.56,0.4711,0.416,0.4711,0.3076,0.5245,not-balanced,80,10,kbest,"['trust', 'surprise', 'sadness', 'disgust', 'joy']","{'trust': 0.0051, 'surprise': 0.0045, 'sadness': 0.0055, 'disgust': 0.0049, 'joy': 0.004}",DecisionTreeClassifier()
DecisionTreeClassifier,0.6706,0.5262,0.6706,0.2887,0.6687,0.5254,0.6687,0.5575,0.4711,0.4621,0.4711,0.3233,0.5244,not-balanced,100,10,kbest,"['fear', 'anger', 'anticipation', 'trust', 'surprise', 'sadness', 'disgust', 'joy']","{'fear': 0.0206, 'anger': 0.0149, 'anticipation': 0.02, 'trust': 0.0186, 'surprise': 0.0157, 'sadness': 0.0234, 'disgust': 0.0176, 'joy': 0.0152}",DecisionTreeClassifier()
DecisionTreeClassifier,0.684,0.5352,0.684,0.2774,0.6758,0.5054,0.6758,0.5509,0.4711,0.4218,0.4711,0.3083,0.5225,not-balanced,80,10,kbest,"['trust', 'surprise', 'sadness', 'disgust', 'joy']","{'trust': 0.0064, 'surprise': 0.0048, 'sadness': 0.0059, 'disgust': 0.0052, 'joy': 0.0048}",DecisionTreeClassifier()
DecisionTreeClassifier,0.684,0.5149,0.684,0.2738,0.6907,0.5289,0.6907,0.5688,0.471,0.386,0.471,0.3048,0.5222,not-balanced,70,10,kbest,"['trust', 'surprise', 'sadness', 'joy']","{'trust': 0.0023, 'surprise': 0.0025, 'sadness': 0.0016, 'joy': 0.0028}",DecisionTreeClassifier()
DecisionTreeClassifier,0.6815,0.5167,0.6815,0.2762,0.6882,0.5233,0.6882,0.5678,0.4708,0.4199,0.4708,0.3077,0.5252,not-balanced,80,10,kbest,"['trust', 'surprise', 'sadness', 'disgust', 'joy']","{'trust': 0.0056, 'surprise': 0.0044, 'sadness': 0.0059, 'disgust': 0.005, 'joy': 0.0045}",DecisionTreeClassifier()
DecisionTreeClassifier,0.6842,0.5377,0.6842,0.2741,0.6894,0.4938,0.6894,0.5666,0.4707,0.3682,0.4707,0.3042,0.5227,not-balanced,70,10,kbest,"['trust', 'surprise', 'sadness', 'joy']","{'trust': 0.0028, 'surprise': 0.0025, 'sadness': 0.0018, 'joy': 0.0028}",DecisionTreeClassifier()
DecisionTreeClassifier,0.6702,0.5327,0.6702,0.291,0.6759,0.5193,0.6759,0.5678,0.4707,0.4556,0.4707,0.3222,0.526,not-balanced,100,10,kbest,"['fear', 'anger', 'anticipation', 'trust', 'surprise', 'sadness', 'disgust', 'joy']","{'fear': 0.0206, 'anger': 0.0142, 'anticipation': 0.0217, 'trust': 0.0207, 'surprise': 0.0166, 'sadness': 0.0219, 'disgust': 0.0143, 'joy': 0.0147}",DecisionTreeClassifier()
DecisionTreeClassifier,0.6694,0.5308,0.6694,0.2907,0.6809,0.5328,0.6809,0.5769,0.4705,0.4484,0.4705,0.3235,0.5228,not-balanced,100,10,kbest,"['fear', 'anger', 'anticipation', 'trust', 'surprise', 'sadness', 'disgust', 'joy']","{'fear': 0.0213, 'anger': 0.0153, 'anticipation': 0.0222, 'trust': 0.0199, 'surprise': 0.0193, 'sadness': 0.0206, 'disgust': 0.0166, 'joy': 0.0169}",DecisionTreeClassifier()
DecisionTreeClassifier,0.6711,0.5262,0.6711,0.2887,0.6656,0.5214,0.6656,0.5539,0.4703,0.4446,0.4703,0.3216,0.5226,not-balanced,100,10,kbest,"['fear', 'anger', 'anticipation', 'trust', 'surprise', 'sadness', 'disgust', 'joy']","{'fear': 0.0201, 'anger': 0.0145, 'anticipation': 0.0192, 'trust': 0.0187, 'surprise': 0.0173, 'sadness': 0.0199, 'disgust': 0.0164, 'joy': 0.0145}",DecisionTreeClassifier()
DecisionTreeClassifier,0.6718,0.5292,0.6718,0.2899,0.6662,0.5134,0.6662,0.5521,0.4701,0.4442,0.4701,0.32,0.5213,not-balanced,100,10,kbest,"['fear', 'anger', 'anticipation', 'trust', 'surprise', 'sadness', 'disgust', 'joy']","{'fear': 0.0206, 'anger': 0.0145, 'anticipation': 0.0194, 'trust': 0.0189, 'surprise': 0.0152, 'sadness': 0.0222, 'disgust': 0.0138, 'joy': 0.0159}",DecisionTreeClassifier()
DecisionTreeClassifier,0.6714,0.5302,0.6714,0.2892,0.6668,0.5167,0.6668,0.5588,0.4698,0.4437,0.4698,0.3212,0.5233,not-balanced,100,10,kbest,"['fear', 'anger', 'anticipation', 'trust', 'surprise', 'sadness', 'disgust', 'joy']","{'fear': 0.0197, 'anger': 0.0138, 'anticipation': 0.0197, 'trust': 0.0185, 'surprise': 0.0171, 'sadness': 0.0202, 'disgust': 0.016, 'joy': 0.0153}",DecisionTreeClassifier()
DecisionTreeClassifier,0.6703,0.5222,0.6703,0.287,0.6731,0.5309,0.6731,0.5655,0.4697,0.4437,0.4697,0.3199,0.5252,not-balanced,100,10,kbest,"['fear', 'anger', 'anticipation', 'trust', 'surprise', 'sadness', 'disgust', 'joy']","{'fear': 0.0195, 'anger': 0.0151, 'anticipation': 0.0166, 'trust': 0.0165, 'surprise': 0.0171, 'sadness': 0.0192, 'disgust': 0.0174, 'joy': 0.0153}",DecisionTreeClassifier()
DecisionTreeClassifier,0.671,0.5298,0.671,0.289,0.6755,0.5286,0.6755,0.5694,0.4697,0.4395,0.4697,0.32,0.524,not-balanced,100,10,kbest,"['fear', 'anger', 'anticipation', 'trust', 'surprise', 'sadness', 'disgust', 'joy']","{'fear': 0.0189, 'anger': 0.0142, 'anticipation': 0.0213, 'trust': 0.0208, 'surprise': 0.0156, 'sadness': 0.0229, 'disgust': 0.0169, 'joy': 0.0146}",DecisionTreeClassifier()
