Algorithm,Train Accuracy,Train Precision,Train Recall,Train F1 Score,Test Accuracy,Test Precision,Test Recall,Test F1 Score,Val. Accuracy,Val. Precision,Val. Recall,Val. F1 Score,AUC,Bal. Strategy,% of Features,Folds,Feat. Selec. Strategy,Features,Features Importance,Model
DecisionTreeClassifier,0.914,0.9188,0.914,0.9022,0.9081,0.913,0.9081,0.9059,0.9127,0.9175,0.9127,0.9106,0.9642,not-balanced,100,10,kbest,"['fear', 'anger', 'anticipation', 'trust', 'surprise', 'sadness', 'disgust', 'joy', 'a_score']","{'fear': 0.0098, 'anger': 0.0052, 'anticipation': 0.0078, 'trust': 0.0051, 'surprise': 0.0055, 'sadness': 0.0083, 'disgust': 0.0058, 'joy': 0.0057, 'a_score': 0.3699}",DecisionTreeClassifier()
RandomForestClassifier,0.9099,0.9146,0.9099,0.8992,0.9135,0.917,0.9135,0.9116,0.9125,0.9163,0.9125,0.9105,0.974,not-balanced,100,10,kbest,"['fear', 'anger', 'anticipation', 'trust', 'surprise', 'sadness', 'disgust', 'joy', 'a_score']","{'fear': 0.007, 'anger': 0.0053, 'anticipation': 0.0064, 'trust': 0.0072, 'surprise': 0.0058, 'sadness': 0.0081, 'disgust': 0.005, 'joy': 0.0081, 'a_score': 0.3738}",RandomForestClassifier()
SVC,0.85,0.8717,0.85,0.8204,0.8549,0.8775,0.8549,0.8452,0.8592,0.8814,0.8592,0.85,0.8881,not-balanced,100,10,kbest,"['fear', 'anger', 'anticipation', 'trust', 'surprise', 'sadness', 'disgust', 'joy', 'a_score']","{'fear': 0.0019, 'anger': 0.0043, 'anticipation': 0.0051, 'trust': 0.0048, 'surprise': 0.003, 'sadness': 0.0013, 'disgust': 0.0012, 'joy': 0.0011, 'a_score': 0.2937}",SVC(probability=True)
KNeighborsClassifier,0.8675,0.8765,0.8675,0.859,0.8571,0.8719,0.8571,0.8593,0.8571,0.8708,0.8571,0.8593,0.9529,not-balanced,100,10,kbest,"['fear', 'anger', 'anticipation', 'trust', 'surprise', 'sadness', 'disgust', 'joy', 'a_score']","{'fear': 0.0053, 'anger': 0.0016, 'anticipation': 0.0008, 'trust': 0.0016, 'surprise': 0.011, 'sadness': 0.0018, 'disgust': 0.0063, 'joy': 0.0022, 'a_score': 0.3454}",KNeighborsClassifier()
MLPClassifier,0.8129,0.8228,0.8129,0.7877,0.7846,0.7859,0.7846,0.7852,0.7848,0.7875,0.7848,0.7859,0.9044,not-balanced,100,10,kbest,"['fear', 'anger', 'anticipation', 'trust', 'surprise', 'sadness', 'disgust', 'joy', 'a_score']","{'fear': -0.0022, 'anger': -0.0022, 'anticipation': -0.0013, 'trust': 0.0011, 'surprise': 0.0026, 'sadness': 0.0015, 'disgust': 0.0023, 'joy': 0.0021, 'a_score': 0.2663}",MLPClassifier()
LogisticRegression,0.7821,0.7831,0.7821,0.7669,0.7744,0.7779,0.7744,0.7757,0.7767,0.7793,0.7767,0.7778,0.8251,not-balanced,100,10,kbest,"['fear', 'anger', 'anticipation', 'trust', 'surprise', 'sadness', 'disgust', 'joy', 'a_score']","{'fear': -0.0008, 'anger': 0.0002, 'anticipation': -0.0003, 'trust': 0.0002, 'surprise': -0.0045, 'sadness': -0.0001, 'disgust': -0.0026, 'joy': 0.001, 'a_score': 0.2458}","LogisticRegression(max_iter=100000, multi_class='multinomial')"
GaussianNB,0.7689,0.7693,0.7689,0.7503,0.7566,0.7564,0.7566,0.7565,0.7613,0.7619,0.7613,0.7616,0.8108,not-balanced,100,10,kbest,"['fear', 'anger', 'anticipation', 'trust', 'surprise', 'sadness', 'disgust', 'joy', 'a_score']","{'fear': -0.0008, 'anger': -0.0013, 'anticipation': -0.0002, 'trust': 0.0004, 'surprise': 0.0009, 'sadness': -0.0009, 'disgust': -0.0053, 'joy': 0.0006, 'a_score': 0.2295}",GaussianNB()
