Algorithm,Train Accuracy,Train Precision,Train Recall,Train F1 Score,Test Accuracy,Test Precision,Test Recall,Test F1 Score,Val. Accuracy,Val. Precision,Val. Recall,Val. F1 Score,AUC,Bal. Strategy,% of Features,Folds,Feat. Selec. Strategy,Features,Features Importance,Model
RandomForestClassifier,0.8516,0.8698,0.8516,0.7891,0.846,0.867,0.846,0.8454,0.8528,0.8733,0.8528,0.8528,0.9627,not-balanced,100,10,kbest,"['fear', 'anger', 'anticipation', 'trust', 'surprise', 'sadness', 'disgust', 'joy', 'a_score']","{'fear': 0.0085, 'anger': 0.0068, 'anticipation': 0.0087, 'trust': 0.0108, 'surprise': 0.0078, 'sadness': 0.0102, 'disgust': 0.005, 'joy': 0.0109, 'a_score': 0.4398}",RandomForestClassifier()
DecisionTreeClassifier,0.8438,0.8595,0.8438,0.772,0.845,0.8532,0.845,0.8447,0.8495,0.8604,0.8495,0.8496,0.9439,not-balanced,100,10,kbest,"['fear', 'anger', 'anticipation', 'trust', 'surprise', 'sadness', 'disgust', 'joy', 'a_score']","{'fear': 0.0206, 'anger': 0.0114, 'anticipation': 0.0137, 'trust': 0.0118, 'surprise': 0.0088, 'sadness': 0.0169, 'disgust': 0.0115, 'joy': 0.0133, 'a_score': 0.4379}",DecisionTreeClassifier()
KNeighborsClassifier,0.835,0.8403,0.835,0.7325,0.842,0.8619,0.842,0.8422,0.8484,0.8692,0.8484,0.8488,0.9418,not-balanced,100,10,kbest,"['fear', 'anger', 'anticipation', 'trust', 'surprise', 'sadness', 'disgust', 'joy', 'a_score']","{'fear': 0.0049, 'anger': 0.0059, 'anticipation': 0.0078, 'trust': 0.0082, 'surprise': 0.0044, 'sadness': 0.007, 'disgust': 0.0046, 'joy': 0.0045, 'a_score': 0.4363}",KNeighborsClassifier()
GaussianNB,0.5612,0.5599,0.5612,0.5859,0.5616,0.5566,0.5616,0.5476,0.5611,0.5582,0.5611,0.5484,0.721,not-balanced,100,10,kbest,"['fear', 'anger', 'anticipation', 'trust', 'surprise', 'sadness', 'disgust', 'joy', 'a_score']","{'fear': -0.0025, 'anger': 0.0004, 'anticipation': -0.0005, 'trust': -0.0011, 'surprise': 0.0014, 'sadness': 0.0003, 'disgust': 0.004, 'joy': -0.001, 'a_score': 0.1499}",GaussianNB()
MLPClassifier,0.5642,0.5521,0.5642,0.382,0.5499,0.5947,0.5499,0.5119,0.5559,0.6175,0.5559,0.5176,0.7353,not-balanced,100,10,kbest,"['fear', 'anger', 'anticipation', 'trust', 'surprise', 'sadness', 'disgust', 'joy', 'a_score']","{'fear': 0.0024, 'anger': 0.005, 'anticipation': 0.0012, 'trust': 0.0114, 'surprise': 0.0086, 'sadness': 0.0015, 'disgust': -0.0046, 'joy': 0.0018, 'a_score': 0.0913}",MLPClassifier()
SVC,0.5479,0.5041,0.5479,0.3724,0.5455,0.5034,0.5455,0.5183,0.5528,0.5094,0.5528,0.5254,0.6396,not-balanced,100,10,kbest,"['fear', 'anger', 'anticipation', 'trust', 'surprise', 'sadness', 'disgust', 'joy', 'a_score']","{'fear': -0.0038, 'anger': -0.0019, 'anticipation': -0.0015, 'trust': -0.0007, 'surprise': -0.0014, 'sadness': 0.0004, 'disgust': 0.0005, 'joy': -0.0037, 'a_score': 0.0872}",SVC(probability=True)
LogisticRegression,0.4038,0.399,0.4038,0.2862,0.4104,0.4042,0.4104,0.4065,0.4079,0.4029,0.4079,0.4045,0.6679,not-balanced,100,10,kbest,"['fear', 'anger', 'anticipation', 'trust', 'surprise', 'sadness', 'disgust', 'joy', 'a_score']","{'fear': 0.0016, 'anger': 0.001, 'anticipation': -0.0002, 'trust': 0.0012, 'surprise': 0.0009, 'sadness': -0.0007, 'disgust': -0.0038, 'joy': -0.0034, 'a_score': -0.0437}","LogisticRegression(max_iter=100000, multi_class='multinomial')"
